{
  "lion_30_70_even_odd": {
    "best": {
      "psnr": 30.261850357055664,
      "distortion": 0.0034649474546313286,
      "rotation_rmse": 0.038422249257564545,
      "translation_rmse_100": 0.015713371336460114,
      "t_final": [
        [
          [
            0.919921875,
            -0.2398681640625,
            0.309326171875,
            0.30427178740501404
          ],
          [
            0.30615234375,
            0.93359375,
            -0.18701171875,
            0.1832306981086731
          ],
          [
            -0.2440185546875,
            0.266845703125,
            0.93212890625,
            -0.11911625415086746
          ]
        ]
      ]
    },
    "stats_list": [
      {
        "psnr": 18.399662017822266,
        "distortion": 0.004003903362900019,
        "rotation_rmse": 13.88205623626709,
        "translation_rmse_100": 41.66794967651367,
        "t_final": [
          [
            [
              0.791015625,
              -0.227783203125,
              0.56787109375,
              -0.39837151765823364
            ],
            [
              0.468505859375,
              0.82275390625,
              -0.322265625,
              0.13980631530284882
            ],
            [
              -0.3935546875,
              0.52099609375,
              0.75732421875,
              0.03940587118268013
            ]
          ]
        ]
      },
      {
        "psnr": 17.44595718383789,
        "distortion": 0.004208382219076157,
        "rotation_rmse": 24.019243240356445,
        "translation_rmse_100": 19.085533142089844,
        "t_final": [
          [
            [
              0.9599609375,
              -0.14306640625,
              -0.2406005859375,
              0.3675859272480011
            ],
            [
              -0.0259552001953125,
              0.810546875,
              -0.58544921875,
              -0.13697630167007446
            ],
            [
              0.27880859375,
              0.568359375,
              0.7744140625,
              -0.06613846868276596
            ]
          ]
        ]
      },
      {
        "psnr": 28.96420669555664,
        "distortion": 0.0031558035407215357,
        "rotation_rmse": 0.03067072108387947,
        "translation_rmse_100": 0.009159908629953861,
        "t_final": [
          [
            [
              0.92041015625,
              -0.23974609375,
              0.30908203125,
              0.30453574657440186
            ],
            [
              0.305908203125,
              0.93359375,
              -0.18701171875,
              0.18329684436321259
            ],
            [
              -0.2435302734375,
              0.2666015625,
              0.9326171875,
              -0.11886344105005264
            ]
          ]
        ]
      },
      {
        "psnr": 19.881122589111328,
        "distortion": 0.005260180681943893,
        "rotation_rmse": 15.445137977600098,
        "translation_rmse_100": 19.783533096313477,
        "t_final": [
          [
            [
              0.798828125,
              -0.48583984375,
              0.3544921875,
              0.245538592338562
            ],
            [
              0.59912109375,
              0.69677734375,
              -0.39453125,
              0.17396582663059235
            ],
            [
              -0.055419921875,
              0.52734375,
              0.84765625,
              -0.45633307099342346
            ]
          ]
        ]
      },
      {
        "psnr": 19.956295013427734,
        "distortion": 0.004352900665253401,
        "rotation_rmse": 10.89082145690918,
        "translation_rmse_100": 17.677148818969727,
        "t_final": [
          [
            [
              0.9912109375,
              -0.1312255859375,
              0.0123291015625,
              0.22153978049755096
            ],
            [
              0.1307373046875,
              0.9658203125,
              -0.224609375,
              0.07564842700958252
            ],
            [
              0.0175628662109375,
              0.2242431640625,
              0.974609375,
              -0.3933223783969879
            ]
          ]
        ]
      },
      {
        "psnr": 30.261850357055664,
        "distortion": 0.0034649474546313286,
        "rotation_rmse": 0.038422249257564545,
        "translation_rmse_100": 0.015713371336460114,
        "t_final": [
          [
            [
              0.919921875,
              -0.2398681640625,
              0.309326171875,
              0.30427178740501404
            ],
            [
              0.30615234375,
              0.93359375,
              -0.18701171875,
              0.1832306981086731
            ],
            [
              -0.2440185546875,
              0.266845703125,
              0.93212890625,
              -0.11911625415086746
            ]
          ]
        ]
      },
      {
        "psnr": 17.863706588745117,
        "distortion": 0.06423404067754745,
        "rotation_rmse": 14.337554931640625,
        "translation_rmse_100": 126.12702941894531,
        "t_final": [
          [
            [
              0.79345703125,
              -0.281982421875,
              0.53955078125,
              0.7513306736946106
            ],
            [
              0.5126953125,
              0.78759765625,
              -0.34228515625,
              -0.41175687313079834
            ],
            [
              -0.328125,
              0.5478515625,
              0.76953125,
              1.9350576400756836
            ]
          ]
        ]
      },
      {
        "psnr": 17.7960262298584,
        "distortion": 0.02410486340522766,
        "rotation_rmse": 14.881627082824707,
        "translation_rmse_100": 42.14459991455078,
        "t_final": [
          [
            [
              0.6767578125,
              -0.468505859375,
              0.56787109375,
              0.5992025136947632
            ],
            [
              0.53125,
              0.8447265625,
              0.06378173828125,
              0.5439921617507935
            ],
            [
              -0.50927734375,
              0.258544921875,
              0.82080078125,
              0.4430440664291382
            ]
          ]
        ]
      },
      {
        "psnr": 17.418556213378906,
        "distortion": 0.00870825070887804,
        "rotation_rmse": 15.180256843566895,
        "translation_rmse_100": 27.158864974975586,
        "t_final": [
          [
            [
              0.98388671875,
              -0.129638671875,
              -0.12176513671875,
              0.7071582078933716
            ],
            [
              0.093017578125,
              0.95849609375,
              -0.268798828125,
              0.39997345209121704
            ],
            [
              0.151611328125,
              0.253173828125,
              0.95556640625,
              -0.008934734389185905
            ]
          ]
        ]
      },
      {
        "psnr": 18.449495315551758,
        "distortion": 0.014880398288369179,
        "rotation_rmse": 8.292624473571777,
        "translation_rmse_100": 30.844207763671875,
        "t_final": [
          [
            [
              0.84912109375,
              -0.27587890625,
              0.4501953125,
              -0.07726623117923737
            ],
            [
              0.427734375,
              0.859375,
              -0.280517578125,
              0.5559712648391724
            ],
            [
              -0.309326171875,
              0.4306640625,
              0.84765625,
              -0.09145773202180862
            ]
          ]
        ]
      }
    ]
  }
}