Scene Name,Translation RMSE x 100,Rotation RMSE
lion_30_70_even_odd,0.015713371336460114,0.038422249257564545
table_30_70_even_odd,0.01945502497255802,0.03168155252933502
