{
  "trex_50_50": {
    "best": {
      "psnr": 12.054262161254883,
      "distortion": 0.13502958416938782,
      "rotation_rmse": 14.851430892944336,
      "translation_rmse_100": 12.442241668701172,
      "t_final": [
        [
          [
            0.603515625,
            -0.5419921875,
            0.5849609375,
            -0.296630859375
          ],
          [
            0.67236328125,
            0.740234375,
            -0.007904052734375,
            0.1146240234375
          ],
          [
            -0.428466796875,
            0.398193359375,
            0.81103515625,
            -0.0946044921875
          ]
        ]
      ]
    },
    "stats_list": [
      {
        "psnr": 11.456960678100586,
        "distortion": 0.13088108599185944,
        "rotation_rmse": 19.555356979370117,
        "translation_rmse_100": 28.407100677490234,
        "t_final": [
          [
            [
              0.94873046875,
              0.0165863037109375,
              0.31591796875,
              0.00836944580078125
            ],
            [
              0.04400634765625,
              0.98193359375,
              -0.1837158203125,
              -0.425537109375
            ],
            [
              -0.313232421875,
              0.1881103515625,
              0.9306640625,
              0.0237579345703125
            ]
          ]
        ]
      },
      {
        "psnr": 11.768874168395996,
        "distortion": 0.14659655094146729,
        "rotation_rmse": 22.51936149597168,
        "translation_rmse_100": 12.474129676818848,
        "t_final": [
          [
            [
              0.4072265625,
              -0.63525390625,
              0.65625,
              -0.09765625
            ],
            [
              0.80126953125,
              0.59326171875,
              0.0775146484375,
              0.0806884765625
            ],
            [
              -0.438720703125,
              0.494384765625,
              0.75048828125,
              -0.2418212890625
            ]
          ]
        ]
      },
      {
        "psnr": 11.580235481262207,
        "distortion": 0.15547718107700348,
        "rotation_rmse": 15.897621154785156,
        "translation_rmse_100": 47.89548873901367,
        "t_final": [
          [
            [
              0.56005859375,
              -0.5625,
              0.6083984375,
              0.257568359375
            ],
            [
              0.66259765625,
              0.7451171875,
              0.0787353515625,
              0.54443359375
            ],
            [
              -0.49755859375,
              0.359130859375,
              0.78955078125,
              0.042236328125
            ]
          ]
        ]
      },
      {
        "psnr": 11.14712142944336,
        "distortion": 0.13458819687366486,
        "rotation_rmse": 11.161762237548828,
        "translation_rmse_100": 33.06222152709961,
        "t_final": [
          [
            [
              0.81298828125,
              -0.1544189453125,
              0.5615234375,
              -0.4609375
            ],
            [
              0.263427734375,
              0.95751953125,
              -0.11785888671875,
              0.415771484375
            ],
            [
              -0.51953125,
              0.2437744140625,
              0.81884765625,
              0.021881103515625
            ]
          ]
        ]
      },
      {
        "psnr": 12.054262161254883,
        "distortion": 0.13502958416938782,
        "rotation_rmse": 14.851430892944336,
        "translation_rmse_100": 12.442241668701172,
        "t_final": [
          [
            [
              0.603515625,
              -0.5419921875,
              0.5849609375,
              -0.296630859375
            ],
            [
              0.67236328125,
              0.740234375,
              -0.007904052734375,
              0.1146240234375
            ],
            [
              -0.428466796875,
              0.398193359375,
              0.81103515625,
              -0.0946044921875
            ]
          ]
        ]
      },
      {
        "psnr": 11.835884094238281,
        "distortion": 0.1408223807811737,
        "rotation_rmse": 17.474761962890625,
        "translation_rmse_100": 7.930709362030029,
        "t_final": [
          [
            [
              0.609375,
              -0.63134765625,
              0.479248046875,
              -0.1904296875
            ],
            [
              0.6748046875,
              0.73046875,
              0.10394287109375,
              0.03753662109375
            ],
            [
              -0.415771484375,
              0.26025390625,
              0.87158203125,
              -0.1312255859375
            ]
          ]
        ]
      },
      {
        "psnr": 11.534920692443848,
        "distortion": 0.1647566705942154,
        "rotation_rmse": 12.443275451660156,
        "translation_rmse_100": 33.07064437866211,
        "t_final": [
          [
            [
              0.763671875,
              -0.40087890625,
              0.50634765625,
              -0.30615234375
            ],
            [
              0.45849609375,
              0.888671875,
              0.01202392578125,
              0.258544921875
            ],
            [
              -0.45458984375,
              0.222900390625,
              0.8623046875,
              0.269287109375
            ]
          ]
        ]
      },
      {
        "psnr": 11.796948432922363,
        "distortion": 0.01767432689666748,
        "rotation_rmse": 9.142589569091797,
        "translation_rmse_100": 10.256595611572266,
        "t_final": [
          [
            [
              0.908203125,
              0.0640869140625,
              0.412841796875,
              -0.414306640625
            ],
            [
              0.212890625,
              0.779296875,
              -0.58935546875,
              -0.06903076171875
            ],
            [
              -0.359619140625,
              0.62353515625,
              0.6943359375,
              -0.259033203125
            ]
          ]
        ]
      },
      {
        "psnr": 11.538474082946777,
        "distortion": 0.15237711369991302,
        "rotation_rmse": 5.6519293785095215,
        "translation_rmse_100": 56.5615234375,
        "t_final": [
          [
            [
              0.87109375,
              -0.09478759765625,
              0.4814453125,
              0.465576171875
            ],
            [
              0.2998046875,
              0.87939453125,
              -0.36962890625,
              0.28955078125
            ],
            [
              -0.388427734375,
              0.466552734375,
              0.794921875,
              0.370849609375
            ]
          ]
        ]
      },
      {
        "psnr": 11.749086380004883,
        "distortion": 0.1710517406463623,
        "rotation_rmse": 10.468583106994629,
        "translation_rmse_100": 46.323978424072266,
        "t_final": [
          [
            [
              0.83349609375,
              -0.2420654296875,
              0.496826171875,
              0.302734375
            ],
            [
              0.340576171875,
              0.9326171875,
              -0.116943359375,
              0.200927734375
            ],
            [
              -0.43505859375,
              0.2666015625,
              0.85986328125,
              0.320556640625
            ]
          ]
        ]
      }
    ]
  }
}