{
  "horns_50_50": {
    "best": {
      "psnr": 21.287738800048828,
      "distortion": 0.017049772664904594,
      "rotation_rmse": 0.013825069181621075,
      "translation_rmse_100": 0.012890658341348171,
      "t_final": [
        [
          [
            0.85595703125,
            0.135498046875,
            0.4990234375,
            -0.043670654296875
          ],
          [
            0.034759521484375,
            0.9482421875,
            -0.31689453125,
            0.12890625
          ],
          [
            -0.51611328125,
            0.28857421875,
            0.806640625,
            -0.2374267578125
          ]
        ]
      ]
    },
    "stats_list": [
      {
        "psnr": 21.138160705566406,
        "distortion": 0.017118077725172043,
        "rotation_rmse": 0.012525133788585663,
        "translation_rmse_100": 0.02238447591662407,
        "t_final": [
          [
            [
              0.85595703125,
              0.1357421875,
              0.498779296875,
              -0.04351806640625
            ],
            [
              0.034515380859375,
              0.94775390625,
              -0.317138671875,
              0.1290283203125
            ],
            [
              -0.515625,
              0.288818359375,
              0.806640625,
              -0.237548828125
            ]
          ]
        ]
      },
      {
        "psnr": 11.36120891571045,
        "distortion": 0.1970265656709671,
        "rotation_rmse": 18.786361694335938,
        "translation_rmse_100": 48.40719223022461,
        "t_final": [
          [
            [
              0.95703125,
              -0.238037109375,
              0.1658935546875,
              0.43212890625
            ],
            [
              0.28662109375,
              0.865234375,
              -0.41162109375,
              0.6357421875
            ],
            [
              -0.045562744140625,
              0.44140625,
              0.89599609375,
              0.23095703125
            ]
          ]
        ]
      },
      {
        "psnr": 11.244637489318848,
        "distortion": 0.21784555912017822,
        "rotation_rmse": 19.863428115844727,
        "translation_rmse_100": 59.2115478515625,
        "t_final": [
          [
            [
              0.9794921875,
              -0.1993408203125,
              0.032745361328125,
              0.7529296875
            ],
            [
              0.201904296875,
              0.97216796875,
              -0.11761474609375,
              0.499755859375
            ],
            [
              -0.008392333984375,
              0.121826171875,
              0.99267578125,
              0.291015625
            ]
          ]
        ]
      },
      {
        "psnr": 11.568099021911621,
        "distortion": 0.09611070901155472,
        "rotation_rmse": 18.566280364990234,
        "translation_rmse_100": 48.738773345947266,
        "t_final": [
          [
            [
              0.99072265625,
              -0.128662109375,
              0.045318603515625,
              -0.45361328125
            ],
            [
              0.1361083984375,
              0.9130859375,
              -0.384765625,
              0.67822265625
            ],
            [
              0.0081329345703125,
              0.38720703125,
              0.921875,
              0.25537109375
            ]
          ]
        ]
      },
      {
        "psnr": 21.20313262939453,
        "distortion": 0.016700047999620438,
        "rotation_rmse": 0.017060166224837303,
        "translation_rmse_100": 0.05412236601114273,
        "t_final": [
          [
            [
              0.85595703125,
              0.1363525390625,
              0.498779296875,
              -0.0447998046875
            ],
            [
              0.033905029296875,
              0.94775390625,
              -0.3173828125,
              0.1287841796875
            ],
            [
              -0.51611328125,
              0.28857421875,
              0.806640625,
              -0.237548828125
            ]
          ]
        ]
      },
      {
        "psnr": 21.154321670532227,
        "distortion": 0.01676003634929657,
        "rotation_rmse": 0.020021015778183937,
        "translation_rmse_100": 0.05184036120772362,
        "t_final": [
          [
            [
              0.85595703125,
              0.13525390625,
              0.498779296875,
              -0.04461669921875
            ],
            [
              0.03472900390625,
              0.94775390625,
              -0.316650390625,
              0.12841796875
            ],
            [
              -0.515625,
              0.288330078125,
              0.806640625,
              -0.2373046875
            ]
          ]
        ]
      },
      {
        "psnr": 11.11633586883545,
        "distortion": 0.06521889567375183,
        "rotation_rmse": 21.079477310180664,
        "translation_rmse_100": 14.128921508789062,
        "t_final": [
          [
            [
              0.90087890625,
              -0.35107421875,
              0.254638671875,
              -0.10784912109375
            ],
            [
              0.427978515625,
              0.8134765625,
              -0.3935546875,
              0.262939453125
            ],
            [
              -0.0689697265625,
              0.463623046875,
              0.88330078125,
              -0.043060302734375
            ]
          ]
        ]
      },
      {
        "psnr": 11.060104370117188,
        "distortion": 0.07482288032770157,
        "rotation_rmse": 26.184371948242188,
        "translation_rmse_100": 25.93787384033203,
        "t_final": [
          [
            [
              0.7998046875,
              -0.5869140625,
              0.126220703125,
              -0.416015625
            ],
            [
              0.59375,
              0.80419921875,
              -0.021728515625,
              0.08685302734375
            ],
            [
              -0.0887451171875,
              0.09234619140625,
              0.99169921875,
              0.01061248779296875
            ]
          ]
        ]
      },
      {
        "psnr": 21.239730834960938,
        "distortion": 0.017259135842323303,
        "rotation_rmse": 0.01365392655134201,
        "translation_rmse_100": 0.06494064629077911,
        "t_final": [
          [
            [
              0.85595703125,
              0.1361083984375,
              0.499267578125,
              -0.044921875
            ],
            [
              0.034332275390625,
              0.94775390625,
              -0.3173828125,
              0.1285400390625
            ],
            [
              -0.51611328125,
              0.288818359375,
              0.80615234375,
              -0.2373046875
            ]
          ]
        ]
      },
      {
        "psnr": 21.287738800048828,
        "distortion": 0.017049772664904594,
        "rotation_rmse": 0.013825069181621075,
        "translation_rmse_100": 0.012890658341348171,
        "t_final": [
          [
            [
              0.85595703125,
              0.135498046875,
              0.4990234375,
              -0.043670654296875
            ],
            [
              0.034759521484375,
              0.9482421875,
              -0.31689453125,
              0.12890625
            ],
            [
              -0.51611328125,
              0.28857421875,
              0.806640625,
              -0.2374267578125
            ]
          ]
        ]
      }
    ]
  }
}