{
  "trex_30_70_even_odd": {
    "best": {
      "psnr": 26.176055908203125,
      "distortion": 0.012891964986920357,
      "rotation_rmse": 0.010339701548218727,
      "translation_rmse_100": 0.007775024976581335,
      "t_final": [
        [
          [
            0.791015625,
            -0.07916259765625,
            0.60693359375,
            -0.24755859375
          ],
          [
            0.3564453125,
            0.865234375,
            -0.351806640625,
            -0.068359375
          ],
          [
            -0.49755859375,
            0.49462890625,
            0.71240234375,
            -0.1973876953125
          ]
        ]
      ]
    },
    "stats_list": [
      {
        "psnr": 11.687652587890625,
        "distortion": 0.16462844610214233,
        "rotation_rmse": 13.004157066345215,
        "translation_rmse_100": 37.701438903808594,
        "t_final": [
          [
            [
              0.697265625,
              -0.354248046875,
              0.623046875,
              -0.136962890625
            ],
            [
              0.64208984375,
              0.69482421875,
              -0.32373046875,
              0.51123046875
            ],
            [
              -0.318115234375,
              0.6259765625,
              0.7119140625,
              0.08233642578125
            ]
          ]
        ]
      },
      {
        "psnr": 11.780425071716309,
        "distortion": 0.19024063646793365,
        "rotation_rmse": 9.46629524230957,
        "translation_rmse_100": 29.56032371520996,
        "t_final": [
          [
            [
              0.75244140625,
              -0.317138671875,
              0.5771484375,
              0.0958251953125
            ],
            [
              0.421875,
              0.90478515625,
              -0.053009033203125,
              0.2431640625
            ],
            [
              -0.50537109375,
              0.283447265625,
              0.81494140625,
              0.0196380615234375
            ]
          ]
        ]
      },
      {
        "psnr": 11.757316589355469,
        "distortion": 0.20204013586044312,
        "rotation_rmse": 40.96601486206055,
        "translation_rmse_100": 35.59053421020508,
        "t_final": [
          [
            [
              -0.0762939453125,
              -0.7978515625,
              0.59814453125,
              0.1365966796875
            ],
            [
              0.859375,
              0.251708984375,
              0.44482421875,
              0.1934814453125
            ],
            [
              -0.50537109375,
              0.54833984375,
              0.666015625,
              0.207275390625
            ]
          ]
        ]
      },
      {
        "psnr": 11.28033447265625,
        "distortion": 0.13278652727603912,
        "rotation_rmse": 21.30299949645996,
        "translation_rmse_100": 33.95252227783203,
        "t_final": [
          [
            [
              0.99609375,
              -0.07763671875,
              0.0377197265625,
              0.1761474609375
            ],
            [
              0.08624267578125,
              0.90625,
              -0.4140625,
              0.33935546875
            ],
            [
              -0.0020580291748046875,
              0.415771484375,
              0.90966796875,
              -0.19677734375
            ]
          ]
        ]
      },
      {
        "psnr": 11.753168106079102,
        "distortion": 0.17737799882888794,
        "rotation_rmse": 12.457940101623535,
        "translation_rmse_100": 67.35521697998047,
        "t_final": [
          [
            [
              0.7607421875,
              -0.207275390625,
              0.615234375,
              0.1964111328125
            ],
            [
              0.56640625,
              0.6748046875,
              -0.472900390625,
              0.91748046875
            ],
            [
              -0.317138671875,
              0.70849609375,
              0.630859375,
              0.24072265625
            ]
          ]
        ]
      },
      {
        "psnr": 11.68112850189209,
        "distortion": 0.1617012917995453,
        "rotation_rmse": 14.689508438110352,
        "translation_rmse_100": 39.530433654785156,
        "t_final": [
          [
            [
              0.6494140625,
              -0.399169921875,
              0.64697265625,
              -0.11138916015625
            ],
            [
              0.685546875,
              0.67578125,
              -0.271240234375,
              0.52685546875
            ],
            [
              -0.328857421875,
              0.61962890625,
              0.712890625,
              0.11236572265625
            ]
          ]
        ]
      },
      {
        "psnr": 11.782264709472656,
        "distortion": 0.1885654628276825,
        "rotation_rmse": 7.274064540863037,
        "translation_rmse_100": 30.176925659179688,
        "t_final": [
          [
            [
              0.6953125,
              -0.294921875,
              0.6552734375,
              0.0838623046875
            ],
            [
              0.51318359375,
              0.84228515625,
              -0.165283203125,
              0.276123046875
            ],
            [
              -0.50341796875,
              0.451171875,
              0.73681640625,
              0.01381683349609375
            ]
          ]
        ]
      },
      {
        "psnr": 26.176055908203125,
        "distortion": 0.012891964986920357,
        "rotation_rmse": 0.010339701548218727,
        "translation_rmse_100": 0.007775024976581335,
        "t_final": [
          [
            [
              0.791015625,
              -0.07916259765625,
              0.60693359375,
              -0.24755859375
            ],
            [
              0.3564453125,
              0.865234375,
              -0.351806640625,
              -0.068359375
            ],
            [
              -0.49755859375,
              0.49462890625,
              0.71240234375,
              -0.1973876953125
            ]
          ]
        ]
      },
      {
        "psnr": 11.75935173034668,
        "distortion": 0.17709989845752716,
        "rotation_rmse": 11.11559772491455,
        "translation_rmse_100": 63.67169189453125,
        "t_final": [
          [
            [
              0.74267578125,
              -0.2325439453125,
              0.6279296875,
              0.1771240234375
            ],
            [
              0.57080078125,
              0.71044921875,
              -0.41162109375,
              0.85986328125
            ],
            [
              -0.350341796875,
              0.6640625,
              0.66015625,
              0.219970703125
            ]
          ]
        ]
      },
      {
        "psnr": 11.679271697998047,
        "distortion": 0.1859622299671173,
        "rotation_rmse": 5.5525689125061035,
        "translation_rmse_100": 73.7608871459961,
        "t_final": [
          [
            [
              0.86328125,
              -0.054351806640625,
              0.501953125,
              0.529296875
            ],
            [
              0.269287109375,
              0.890625,
              -0.366455078125,
              -0.1429443359375
            ],
            [
              -0.427001953125,
              0.451416015625,
              0.783203125,
              0.81396484375
            ]
          ]
        ]
      }
    ]
  }
}