{
  "room_30_70_even_odd": {
    "best": {
      "psnr": 29.690494537353516,
      "distortion": 0.009904541075229645,
      "rotation_rmse": 0.00948659610003233,
      "translation_rmse_100": 0.01952754706144333,
      "t_final": [
        [
          [
            0.99853515625,
            0.0198974609375,
            0.047943115234375,
            -0.199462890625
          ],
          [
            0.00580596923828125,
            0.875,
            -0.48388671875,
            0.1903076171875
          ],
          [
            -0.05157470703125,
            0.483642578125,
            0.8740234375,
            0.463134765625
          ]
        ]
      ]
    },
    "stats_list": [
      {
        "psnr": 12.697590827941895,
        "distortion": 0.1759699434041977,
        "rotation_rmse": 26.170228958129883,
        "translation_rmse_100": 35.41603088378906,
        "t_final": [
          [
            [
              0.728515625,
              -0.5673828125,
              0.38427734375,
              0.205322265625
            ],
            [
              0.6748046875,
              0.497314453125,
              -0.544921875,
              0.53759765625
            ],
            [
              0.11822509765625,
              0.65625,
              0.7451171875,
              0.159423828125
            ]
          ]
        ]
      },
      {
        "psnr": 12.89492416381836,
        "distortion": 0.20286305248737335,
        "rotation_rmse": 35.812870025634766,
        "translation_rmse_100": 77.34475708007812,
        "t_final": [
          [
            [
              0.54296875,
              -0.52978515625,
              0.65185546875,
              0.25732421875
            ],
            [
              0.83740234375,
              0.283935546875,
              -0.466552734375,
              -0.0950927734375
            ],
            [
              0.06219482421875,
              0.79931640625,
              0.59814453125,
              -0.763671875
            ]
          ]
        ]
      },
      {
        "psnr": 29.6340274810791,
        "distortion": 0.009746523573994637,
        "rotation_rmse": 0.0057525234296917915,
        "translation_rmse_100": 0.012250342406332493,
        "t_final": [
          [
            [
              0.99853515625,
              0.0199737548828125,
              0.048004150390625,
              -0.1993408203125
            ],
            [
              0.00574493408203125,
              0.875,
              -0.483642578125,
              0.1904296875
            ],
            [
              -0.05169677734375,
              0.4833984375,
              0.8740234375,
              0.463134765625
            ]
          ]
        ]
      },
      {
        "psnr": 29.690494537353516,
        "distortion": 0.009904541075229645,
        "rotation_rmse": 0.00948659610003233,
        "translation_rmse_100": 0.01952754706144333,
        "t_final": [
          [
            [
              0.99853515625,
              0.0198974609375,
              0.047943115234375,
              -0.199462890625
            ],
            [
              0.00580596923828125,
              0.875,
              -0.48388671875,
              0.1903076171875
            ],
            [
              -0.05157470703125,
              0.483642578125,
              0.8740234375,
              0.463134765625
            ]
          ]
        ]
      },
      {
        "psnr": 29.552000045776367,
        "distortion": 0.009973241947591305,
        "rotation_rmse": 0.008233548142015934,
        "translation_rmse_100": 0.016069095581769943,
        "t_final": [
          [
            [
              0.99853515625,
              0.0199737548828125,
              0.0478515625,
              -0.19921875
            ],
            [
              0.0056915283203125,
              0.875,
              -0.48388671875,
              0.1903076171875
            ],
            [
              -0.051544189453125,
              0.483642578125,
              0.8740234375,
              0.463134765625
            ]
          ]
        ]
      },
      {
        "psnr": 13.2188138961792,
        "distortion": 0.2071022093296051,
        "rotation_rmse": 31.629844665527344,
        "translation_rmse_100": 56.091766357421875,
        "t_final": [
          [
            [
              0.6474609375,
              -0.55126953125,
              0.5263671875,
              0.529296875
            ],
            [
              0.7470703125,
              0.323486328125,
              -0.58056640625,
              0.22265625
            ],
            [
              0.14990234375,
              0.76904296875,
              0.62109375,
              -0.178955078125
            ]
          ]
        ]
      },
      {
        "psnr": 12.865107536315918,
        "distortion": 0.17370343208312988,
        "rotation_rmse": 21.433025360107422,
        "translation_rmse_100": 58.70273208618164,
        "t_final": [
          [
            [
              0.8134765625,
              -0.4501953125,
              0.368408203125,
              0.44970703125
            ],
            [
              0.58154296875,
              0.61865234375,
              -0.5283203125,
              0.093505859375
            ],
            [
              0.01007080078125,
              0.64404296875,
              0.76513671875,
              -0.313720703125
            ]
          ]
        ]
      },
      {
        "psnr": 12.930779457092285,
        "distortion": 0.1836066097021103,
        "rotation_rmse": 7.429696559906006,
        "translation_rmse_100": 89.94131469726562,
        "t_final": [
          [
            [
              0.998046875,
              0.04205322265625,
              0.048248291015625,
              0.93896484375
            ],
            [
              0.0008187294006347656,
              0.74560546875,
              -0.66650390625,
              0.09320068359375
            ],
            [
              -0.06402587890625,
              0.6650390625,
              0.744140625,
              -0.59619140625
            ]
          ]
        ]
      },
      {
        "psnr": 12.55746841430664,
        "distortion": 0.1425643265247345,
        "rotation_rmse": 4.519472599029541,
        "translation_rmse_100": 59.610939025878906,
        "t_final": [
          [
            [
              0.998046875,
              -0.0303955078125,
              -0.057037353515625,
              0.314208984375
            ],
            [
              -0.005588531494140625,
              0.83837890625,
              -0.544921875,
              0.04058837890625
            ],
            [
              0.06439208984375,
              0.5439453125,
              0.8369140625,
              -0.420166015625
            ]
          ]
        ]
      },
      {
        "psnr": 13.182382583618164,
        "distortion": 0.20175959169864655,
        "rotation_rmse": 21.09003448486328,
        "translation_rmse_100": 88.39022827148438,
        "t_final": [
          [
            [
              0.84326171875,
              -0.41748046875,
              0.338623046875,
              1.0185546875
            ],
            [
              0.533203125,
              0.56982421875,
              -0.62548828125,
              0.0012750625610351562
            ],
            [
              0.0682373046875,
              0.7080078125,
              0.70263671875,
              -0.4453125
            ]
          ]
        ]
      }
    ]
  }
}