{
  "fern_30_70_even_odd": {
    "best": {
      "psnr": 22.72441864013672,
      "distortion": 0.01769496314227581,
      "rotation_rmse": 0.022294139489531517,
      "translation_rmse_100": 0.03653006628155708,
      "t_final": [
        [
          [
            0.9130859375,
            0.1800537109375,
            0.365478515625,
            -0.3544921875
          ],
          [
            0.107666015625,
            0.75830078125,
            -0.642578125,
            0.330078125
          ],
          [
            -0.392822265625,
            0.62646484375,
            0.67333984375,
            0.0743408203125
          ]
        ]
      ]
    },
    "stats_list": [
      {
        "psnr": 22.72441864013672,
        "distortion": 0.01769496314227581,
        "rotation_rmse": 0.022294139489531517,
        "translation_rmse_100": 0.03653006628155708,
        "t_final": [
          [
            [
              0.9130859375,
              0.1800537109375,
              0.365478515625,
              -0.3544921875
            ],
            [
              0.107666015625,
              0.75830078125,
              -0.642578125,
              0.330078125
            ],
            [
              -0.392822265625,
              0.62646484375,
              0.67333984375,
              0.0743408203125
            ]
          ]
        ]
      },
      {
        "psnr": 11.56386947631836,
        "distortion": 0.0574190616607666,
        "rotation_rmse": 17.80666160583496,
        "translation_rmse_100": 17.531280517578125,
        "t_final": [
          [
            [
              0.72265625,
              -0.10107421875,
              0.68408203125,
              -0.50927734375
            ],
            [
              0.256103515625,
              0.9580078125,
              -0.12890625,
              0.55322265625
            ],
            [
              -0.64208984375,
              0.268310546875,
              0.71826171875,
              -0.06207275390625
            ]
          ]
        ]
      },
      {
        "psnr": 22.513031005859375,
        "distortion": 0.017792969942092896,
        "rotation_rmse": 0.021768843755126,
        "translation_rmse_100": 0.017608972266316414,
        "t_final": [
          [
            [
              0.91357421875,
              0.180419921875,
              0.364990234375,
              -0.3544921875
            ],
            [
              0.10687255859375,
              0.7587890625,
              -0.642578125,
              0.33056640625
            ],
            [
              -0.392822265625,
              0.6259765625,
              0.67333984375,
              0.07427978515625
            ]
          ]
        ]
      },
      {
        "psnr": 22.677955627441406,
        "distortion": 0.017698712646961212,
        "rotation_rmse": 0.02711295895278454,
        "translation_rmse_100": 0.018764503300189972,
        "t_final": [
          [
            [
              0.91357421875,
              0.180908203125,
              0.364990234375,
              -0.3544921875
            ],
            [
              0.10675048828125,
              0.7587890625,
              -0.642578125,
              0.330810546875
            ],
            [
              -0.39306640625,
              0.6259765625,
              0.67333984375,
              0.07440185546875
            ]
          ]
        ]
      },
      {
        "psnr": 11.549848556518555,
        "distortion": 0.07057797908782959,
        "rotation_rmse": 18.040056228637695,
        "translation_rmse_100": 15.302413940429688,
        "t_final": [
          [
            [
              0.6650390625,
              -0.09918212890625,
              0.740234375,
              -0.55859375
            ],
            [
              0.47412109375,
              0.82177734375,
              -0.315673828125,
              0.491455078125
            ],
            [
              -0.5771484375,
              0.56103515625,
              0.59375,
              0.0232086181640625
            ]
          ]
        ]
      },
      {
        "psnr": 11.364466667175293,
        "distortion": 0.10585478693246841,
        "rotation_rmse": 13.396936416625977,
        "translation_rmse_100": 10.191704750061035,
        "t_final": [
          [
            [
              0.90087890625,
              -0.2235107421875,
              0.3720703125,
              -0.362060546875
            ],
            [
              0.360595703125,
              0.8623046875,
              -0.35546875,
              0.1552734375
            ],
            [
              -0.2413330078125,
              0.454345703125,
              0.857421875,
              0.055816650390625
            ]
          ]
        ]
      },
      {
        "psnr": 11.903329849243164,
        "distortion": 0.07741803675889969,
        "rotation_rmse": 21.5081787109375,
        "translation_rmse_100": 15.564532279968262,
        "t_final": [
          [
            [
              0.58642578125,
              -0.1827392578125,
              0.7890625,
              -0.62109375
            ],
            [
              0.47412109375,
              0.8671875,
              -0.1517333984375,
              0.34716796875
            ],
            [
              -0.65673828125,
              0.46337890625,
              0.59521484375,
              0.10870361328125
            ]
          ]
        ]
      },
      {
        "psnr": 11.033220291137695,
        "distortion": 0.08599585294723511,
        "rotation_rmse": 23.73695945739746,
        "translation_rmse_100": 14.36790657043457,
        "t_final": [
          [
            [
              0.7041015625,
              -0.4228515625,
              0.5703125,
              -0.177978515625
            ],
            [
              0.448486328125,
              0.8876953125,
              0.104248046875,
              0.477783203125
            ],
            [
              -0.55029296875,
              0.1822509765625,
              0.81494140625,
              0.17041015625
            ]
          ]
        ]
      },
      {
        "psnr": 11.934962272644043,
        "distortion": 0.04063655808568001,
        "rotation_rmse": 23.762346267700195,
        "translation_rmse_100": 26.672494888305664,
        "t_final": [
          [
            [
              0.56884765625,
              -0.29345703125,
              0.7685546875,
              -0.71630859375
            ],
            [
              0.587890625,
              0.79833984375,
              -0.130615234375,
              0.04656982421875
            ],
            [
              -0.5751953125,
              0.52587890625,
              0.62646484375,
              0.11456298828125
            ]
          ]
        ]
      },
      {
        "psnr": 11.576330184936523,
        "distortion": 0.1346127986907959,
        "rotation_rmse": 31.43632698059082,
        "translation_rmse_100": 35.127601623535156,
        "t_final": [
          [
            [
              0.65576171875,
              -0.68408203125,
              0.319091796875,
              -0.82763671875
            ],
            [
              0.728515625,
              0.462158203125,
              -0.505859375,
              0.469970703125
            ],
            [
              0.198486328125,
              0.56396484375,
              0.80126953125,
              -0.281494140625
            ]
          ]
        ]
      }
    ]
  }
}