{
  "horns_0_100_even_odd": {
    "best": {
      "psnr": 11.746564865112305,
      "distortion": 0.21167539060115814,
      "rotation_rmse": 19.25916290283203,
      "translation_rmse_100": 40.56440734863281,
      "t_final": [
        [
          [
            0.94970703125,
            -0.2666015625,
            0.163330078125,
            0.355712890625
          ],
          [
            0.310302734375,
            0.86669921875,
            -0.39013671875,
            0.53662109375
          ],
          [
            -0.03759765625,
            0.42138671875,
            0.90625,
            0.1719970703125
          ]
        ]
      ]
    },
    "stats_list": [
      {
        "psnr": 11.499390602111816,
        "distortion": 0.13319547474384308,
        "rotation_rmse": 23.51019859313965,
        "translation_rmse_100": 19.50466537475586,
        "t_final": [
          [
            [
              0.8291015625,
              -0.52294921875,
              0.19775390625,
              -0.0440673828125
            ],
            [
              0.548828125,
              0.82958984375,
              -0.10565185546875,
              0.421142578125
            ],
            [
              -0.10870361328125,
              0.196044921875,
              0.974609375,
              -0.068115234375
            ]
          ]
        ]
      },
      {
        "psnr": 11.675775527954102,
        "distortion": 0.220840185880661,
        "rotation_rmse": 19.10729217529297,
        "translation_rmse_100": 55.88034439086914,
        "t_final": [
          [
            [
              0.958984375,
              -0.25537109375,
              0.122314453125,
              0.467529296875
            ],
            [
              0.282470703125,
              0.89404296875,
              -0.34716796875,
              0.68017578125
            ],
            [
              -0.020721435546875,
              0.36767578125,
              0.9296875,
              0.371826171875
            ]
          ]
        ]
      },
      {
        "psnr": 11.746564865112305,
        "distortion": 0.21167539060115814,
        "rotation_rmse": 19.25916290283203,
        "translation_rmse_100": 40.56440734863281,
        "t_final": [
          [
            [
              0.94970703125,
              -0.2666015625,
              0.163330078125,
              0.355712890625
            ],
            [
              0.310302734375,
              0.86669921875,
              -0.39013671875,
              0.53662109375
            ],
            [
              -0.03759765625,
              0.42138671875,
              0.90625,
              0.1719970703125
            ]
          ]
        ]
      },
      {
        "psnr": 11.23414134979248,
        "distortion": 0.13295361399650574,
        "rotation_rmse": 26.17984390258789,
        "translation_rmse_100": 10.762109756469727,
        "t_final": [
          [
            [
              0.6357421875,
              -0.489501953125,
              0.5966796875,
              0.01349639892578125
            ],
            [
              0.658203125,
              0.74755859375,
              -0.08807373046875,
              0.252685546875
            ],
            [
              -0.4033203125,
              0.448486328125,
              0.79736328125,
              -0.364501953125
            ]
          ]
        ]
      },
      {
        "psnr": 11.442688941955566,
        "distortion": 0.11276604235172272,
        "rotation_rmse": 18.19523048400879,
        "translation_rmse_100": 16.57759666442871,
        "t_final": [
          [
            [
              0.9619140625,
              -0.2470703125,
              0.1185302734375,
              0.1217041015625
            ],
            [
              0.25830078125,
              0.96142578125,
              -0.0926513671875,
              0.326416015625
            ],
            [
              -0.091064453125,
              0.11968994140625,
              0.98876953125,
              -0.11102294921875
            ]
          ]
        ]
      },
      {
        "psnr": 11.397773742675781,
        "distortion": 0.19804511964321136,
        "rotation_rmse": 8.891083717346191,
        "translation_rmse_100": 38.095462799072266,
        "t_final": [
          [
            [
              0.96142578125,
              0.06646728515625,
              0.26611328125,
              0.54150390625
            ],
            [
              0.01560211181640625,
              0.955078125,
              -0.295166015625,
              0.34521484375
            ],
            [
              -0.273681640625,
              0.2880859375,
              0.91748046875,
              -0.02325439453125
            ]
          ]
        ]
      },
      {
        "psnr": 11.6896333694458,
        "distortion": 0.22937461733818054,
        "rotation_rmse": 18.93987464904785,
        "translation_rmse_100": 57.27846145629883,
        "t_final": [
          [
            [
              0.95654296875,
              -0.273193359375,
              0.10260009765625,
              0.59130859375
            ],
            [
              0.287109375,
              0.9443359375,
              -0.1605224609375,
              0.537109375
            ],
            [
              -0.053009033203125,
              0.1829833984375,
              0.9814453125,
              0.406005859375
            ]
          ]
        ]
      },
      {
        "psnr": 11.528508186340332,
        "distortion": 0.06836948543787003,
        "rotation_rmse": 28.253347396850586,
        "translation_rmse_100": 11.205754280090332,
        "t_final": [
          [
            [
              0.796875,
              -0.6005859375,
              0.06768798828125,
              -0.2236328125
            ],
            [
              0.60400390625,
              0.787109375,
              -0.125244140625,
              0.1787109375
            ],
            [
              0.0219573974609375,
              0.140625,
              0.98974609375,
              -0.1839599609375
            ]
          ]
        ]
      },
      {
        "psnr": 11.602709770202637,
        "distortion": 0.2150411754846573,
        "rotation_rmse": 12.830674171447754,
        "translation_rmse_100": 42.08282470703125,
        "t_final": [
          [
            [
              0.9521484375,
              -0.1483154296875,
              0.26708984375,
              0.358154296875
            ],
            [
              0.226806640625,
              0.92919921875,
              -0.29248046875,
              0.57958984375
            ],
            [
              -0.204833984375,
              0.339111328125,
              0.91796875,
              0.1705322265625
            ]
          ]
        ]
      },
      {
        "psnr": 11.376887321472168,
        "distortion": 0.23804056644439697,
        "rotation_rmse": 27.20941925048828,
        "translation_rmse_100": 62.61093521118164,
        "t_final": [
          [
            [
              0.82177734375,
              -0.2010498046875,
              0.533203125,
              0.66748046875
            ],
            [
              0.52685546875,
              0.625,
              -0.576171875,
              0.8388671875
            ],
            [
              -0.217529296875,
              0.75439453125,
              0.619140625,
              0.1697998046875
            ]
          ]
        ]
      }
    ]
  }
}