{
  "room_0_100_even_odd": {
    "best": {
      "psnr": 13.279147148132324,
      "distortion": 0.19399984180927277,
      "rotation_rmse": 15.507425308227539,
      "translation_rmse_100": 27.688430786132812,
      "t_final": [
        [
          [
            0.8935546875,
            -0.41015625,
            0.1827392578125,
            0.261962890625
          ],
          [
            0.4462890625,
            0.76611328125,
            -0.462158203125,
            0.0765380859375
          ],
          [
            0.049560546875,
            0.494384765625,
            0.86767578125,
            0.5283203125
          ]
        ]
      ]
    },
    "stats_list": [
      {
        "psnr": 13.027861595153809,
        "distortion": 0.19641101360321045,
        "rotation_rmse": 27.694087982177734,
        "translation_rmse_100": 59.99156951904297,
        "t_final": [
          [
            [
              0.751953125,
              -0.6591796875,
              0.002124786376953125,
              0.2666015625
            ],
            [
              0.65576171875,
              0.748046875,
              -0.1043701171875,
              -0.1556396484375
            ],
            [
              0.06719970703125,
              0.07989501953125,
              0.99462890625,
              -0.39892578125
            ]
          ]
        ]
      },
      {
        "psnr": 13.18309497833252,
        "distortion": 0.19604365527629852,
        "rotation_rmse": 23.49264144897461,
        "translation_rmse_100": 58.937965393066406,
        "t_final": [
          [
            [
              0.783203125,
              -0.475830078125,
              0.39990234375,
              0.61962890625
            ],
            [
              0.62060546875,
              0.56396484375,
              -0.544921875,
              -0.07763671875
            ],
            [
              0.03369140625,
              0.6748046875,
              0.7373046875,
              -0.08441162109375
            ]
          ]
        ]
      },
      {
        "psnr": 13.243826866149902,
        "distortion": 0.0779399424791336,
        "rotation_rmse": 16.509801864624023,
        "translation_rmse_100": 32.219608306884766,
        "t_final": [
          [
            [
              0.91845703125,
              -0.280029296875,
              0.279052734375,
              -0.401611328125
            ],
            [
              0.395263671875,
              0.64013671875,
              -0.65869140625,
              -0.1239013671875
            ],
            [
              0.005840301513671875,
              0.71533203125,
              0.69873046875,
              0.048675537109375
            ]
          ]
        ]
      },
      {
        "psnr": 12.798315048217773,
        "distortion": 0.11244429647922516,
        "rotation_rmse": 7.247944355010986,
        "translation_rmse_100": 29.99797248840332,
        "t_final": [
          [
            [
              0.986328125,
              -0.117919921875,
              0.1136474609375,
              -0.00545501708984375
            ],
            [
              0.1627197265625,
              0.78515625,
              -0.59765625,
              0.30078125
            ],
            [
              -0.0188446044921875,
              0.60791015625,
              0.7939453125,
              -0.006343841552734375
            ]
          ]
        ]
      },
      {
        "psnr": 13.279147148132324,
        "distortion": 0.19399984180927277,
        "rotation_rmse": 15.507425308227539,
        "translation_rmse_100": 27.688430786132812,
        "t_final": [
          [
            [
              0.8935546875,
              -0.41015625,
              0.1827392578125,
              0.261962890625
            ],
            [
              0.4462890625,
              0.76611328125,
              -0.462158203125,
              0.0765380859375
            ],
            [
              0.049560546875,
              0.494384765625,
              0.86767578125,
              0.5283203125
            ]
          ]
        ]
      },
      {
        "psnr": 13.021147727966309,
        "distortion": 0.16881485283374786,
        "rotation_rmse": 21.9836483001709,
        "translation_rmse_100": 42.13136672973633,
        "t_final": [
          [
            [
              0.8037109375,
              -0.583984375,
              0.11419677734375,
              -0.02630615234375
            ],
            [
              0.5849609375,
              0.7412109375,
              -0.32861328125,
              -0.12481689453125
            ],
            [
              0.10723876953125,
              0.3310546875,
              0.9375,
              -0.1719970703125
            ]
          ]
        ]
      },
      {
        "psnr": 13.039015769958496,
        "distortion": 0.17914463579654694,
        "rotation_rmse": 22.16973114013672,
        "translation_rmse_100": 55.426448822021484,
        "t_final": [
          [
            [
              0.80712890625,
              -0.455078125,
              0.376220703125,
              0.411376953125
            ],
            [
              0.58984375,
              0.5888671875,
              -0.552734375,
              0.127685546875
            ],
            [
              0.0298309326171875,
              0.66796875,
              0.74365234375,
              -0.275146484375
            ]
          ]
        ]
      },
      {
        "psnr": 13.023353576660156,
        "distortion": 0.17467105388641357,
        "rotation_rmse": 4.598895072937012,
        "translation_rmse_100": 82.41555786132812,
        "t_final": [
          [
            [
              0.99169921875,
              0.12744140625,
              0.00403594970703125,
              0.5751953125
            ],
            [
              -0.11370849609375,
              0.89794921875,
              -0.424560546875,
              -0.5283203125
            ],
            [
              -0.057769775390625,
              0.420654296875,
              0.9052734375,
              -0.496826171875
            ]
          ]
        ]
      },
      {
        "psnr": 13.001554489135742,
        "distortion": 0.17848920822143555,
        "rotation_rmse": 4.463722229003906,
        "translation_rmse_100": 80.41573333740234,
        "t_final": [
          [
            [
              0.99755859375,
              0.0709228515625,
              0.0189056396484375,
              0.462890625
            ],
            [
              -0.046112060546875,
              0.8056640625,
              -0.59033203125,
              0.1263427734375
            ],
            [
              -0.057098388671875,
              0.587890625,
              0.806640625,
              -0.7607421875
            ]
          ]
        ]
      },
      {
        "psnr": 12.8847074508667,
        "distortion": 0.18135952949523926,
        "rotation_rmse": 15.965476036071777,
        "translation_rmse_100": 71.47689819335938,
        "t_final": [
          [
            [
              0.8828125,
              -0.397705078125,
              0.2491455078125,
              0.53662109375
            ],
            [
              0.466064453125,
              0.8056640625,
              -0.365234375,
              -0.2021484375
            ],
            [
              -0.0555419921875,
              0.438720703125,
              0.89697265625,
              -0.451904296875
            ]
          ]
        ]
      }
    ]
  }
}