{
  "fern_0_100_even_odd": {
    "best": {
      "psnr": 23.650880813598633,
      "distortion": 0.01752438396215439,
      "rotation_rmse": 0.021371694281697273,
      "translation_rmse_100": 0.028564605861902237,
      "t_final": [
        [
          [
            0.91357421875,
            0.180419921875,
            0.364990234375,
            -0.3544921875
          ],
          [
            0.10693359375,
            0.7587890625,
            -0.642578125,
            0.33056640625
          ],
          [
            -0.392822265625,
            0.6259765625,
            0.67333984375,
            0.073974609375
          ]
        ]
      ]
    },
    "stats_list": [
      {
        "psnr": 23.55746841430664,
        "distortion": 0.017773045226931572,
        "rotation_rmse": 0.02049971930682659,
        "translation_rmse_100": 0.025789419189095497,
        "t_final": [
          [
            [
              0.91357421875,
              0.18017578125,
              0.364990234375,
              -0.3544921875
            ],
            [
              0.107177734375,
              0.7587890625,
              -0.642578125,
              0.33056640625
            ],
            [
              -0.392822265625,
              0.6259765625,
              0.67333984375,
              0.07403564453125
            ]
          ]
        ]
      },
      {
        "psnr": 12.063594818115234,
        "distortion": 0.12362445145845413,
        "rotation_rmse": 14.550092697143555,
        "translation_rmse_100": 12.26196002960205,
        "t_final": [
          [
            [
              0.78857421875,
              -0.20947265625,
              0.57861328125,
              -0.1434326171875
            ],
            [
              0.422119140625,
              0.8681640625,
              -0.26123046875,
              0.334228515625
            ],
            [
              -0.447509765625,
              0.449951171875,
              0.77294921875,
              0.048583984375
            ]
          ]
        ]
      },
      {
        "psnr": 11.921347618103027,
        "distortion": 0.1486518383026123,
        "rotation_rmse": 12.280016899108887,
        "translation_rmse_100": 8.705565452575684,
        "t_final": [
          [
            [
              0.7978515625,
              -0.11334228515625,
              0.59228515625,
              -0.231201171875
            ],
            [
              0.412109375,
              0.8193359375,
              -0.3984375,
              0.268310546875
            ],
            [
              -0.440185546875,
              0.56201171875,
              0.7001953125,
              0.013397216796875
            ]
          ]
        ]
      },
      {
        "psnr": 11.627409934997559,
        "distortion": 0.06982681900262833,
        "rotation_rmse": 27.287267684936523,
        "translation_rmse_100": 6.947851181030273,
        "t_final": [
          [
            [
              0.572265625,
              -0.54833984375,
              0.60986328125,
              -0.359619140625
            ],
            [
              0.591796875,
              0.791015625,
              0.15576171875,
              0.359130859375
            ],
            [
              -0.56787109375,
              0.271728515625,
              0.77685546875,
              -0.04241943359375
            ]
          ]
        ]
      },
      {
        "psnr": 23.650880813598633,
        "distortion": 0.01752438396215439,
        "rotation_rmse": 0.021371694281697273,
        "translation_rmse_100": 0.028564605861902237,
        "t_final": [
          [
            [
              0.91357421875,
              0.180419921875,
              0.364990234375,
              -0.3544921875
            ],
            [
              0.10693359375,
              0.7587890625,
              -0.642578125,
              0.33056640625
            ],
            [
              -0.392822265625,
              0.6259765625,
              0.67333984375,
              0.073974609375
            ]
          ]
        ]
      },
      {
        "psnr": 23.608549118041992,
        "distortion": 0.01763639599084854,
        "rotation_rmse": 0.02246616967022419,
        "translation_rmse_100": 0.028564605861902237,
        "t_final": [
          [
            [
              0.91357421875,
              0.1802978515625,
              0.364990234375,
              -0.3544921875
            ],
            [
              0.1070556640625,
              0.7587890625,
              -0.642578125,
              0.33056640625
            ],
            [
              -0.392578125,
              0.6259765625,
              0.67333984375,
              0.073974609375
            ]
          ]
        ]
      },
      {
        "psnr": 11.950897216796875,
        "distortion": 0.0290808267891407,
        "rotation_rmse": 25.06873321533203,
        "translation_rmse_100": 12.585860252380371,
        "t_final": [
          [
            [
              0.55517578125,
              -0.403564453125,
              0.72705078125,
              -0.53466796875
            ],
            [
              0.552734375,
              0.83251953125,
              0.03985595703125,
              0.211669921875
            ],
            [
              -0.62158203125,
              0.3798828125,
              0.685546875,
              0.046051025390625
            ]
          ]
        ]
      },
      {
        "psnr": 23.53331756591797,
        "distortion": 0.01774408295750618,
        "rotation_rmse": 0.02103539928793907,
        "translation_rmse_100": 0.029657460749149323,
        "t_final": [
          [
            [
              0.91357421875,
              0.180419921875,
              0.364990234375,
              -0.35400390625
            ],
            [
              0.10699462890625,
              0.7587890625,
              -0.642578125,
              0.33056640625
            ],
            [
              -0.392822265625,
              0.6259765625,
              0.67333984375,
              0.07391357421875
            ]
          ]
        ]
      },
      {
        "psnr": 12.568361282348633,
        "distortion": 0.028584565967321396,
        "rotation_rmse": 8.919971466064453,
        "translation_rmse_100": 3.605593681335449,
        "t_final": [
          [
            [
              0.85546875,
              -0.00576019287109375,
              0.517578125,
              -0.380126953125
            ],
            [
              0.34423828125,
              0.7529296875,
              -0.560546875,
              0.27392578125
            ],
            [
              -0.386474609375,
              0.65771484375,
              0.646484375,
              0.07098388671875
            ]
          ]
        ]
      },
      {
        "psnr": 11.619126319885254,
        "distortion": 0.16556116938591003,
        "rotation_rmse": 12.475785255432129,
        "translation_rmse_100": 17.046070098876953,
        "t_final": [
          [
            [
              0.833984375,
              -0.0941162109375,
              0.5439453125,
              -0.06402587890625
            ],
            [
              0.435791015625,
              0.716796875,
              -0.54443359375,
              0.367431640625
            ],
            [
              -0.33837890625,
              0.69091796875,
              0.638671875,
              0.034271240234375
            ]
          ]
        ]
      }
    ]
  }
}