{
  "horns_30_70_even_odd": {
    "best": {
      "psnr": 11.70278263092041,
      "distortion": 0.14040234684944153,
      "rotation_rmse": 12.930723190307617,
      "translation_rmse_100": 52.05530548095703,
      "t_final": [
        [
          [
            0.98291015625,
            -0.03607177734375,
            0.1790771484375,
            -0.6865234375
          ],
          [
            0.09619140625,
            0.935546875,
            -0.339599609375,
            0.60107421875
          ],
          [
            -0.1553955078125,
            0.35107421875,
            0.92333984375,
            0.18310546875
          ]
        ]
      ]
    },
    "stats_list": [
      {
        "psnr": 11.25645923614502,
        "distortion": 0.2239697426557541,
        "rotation_rmse": 5.981674671173096,
        "translation_rmse_100": 72.28627014160156,
        "t_final": [
          [
            [
              0.90966796875,
              0.06298828125,
              0.4111328125,
              1.1279296875
            ],
            [
              0.10906982421875,
              0.91796875,
              -0.3818359375,
              0.1661376953125
            ],
            [
              -0.4013671875,
              0.39208984375,
              0.82763671875,
              0.201904296875
            ]
          ]
        ]
      },
      {
        "psnr": 11.167162895202637,
        "distortion": 0.2150643765926361,
        "rotation_rmse": 20.282529830932617,
        "translation_rmse_100": 52.858436584472656,
        "t_final": [
          [
            [
              0.98779296875,
              -0.1553955078125,
              -0.0157012939453125,
              0.46484375
            ],
            [
              0.145263671875,
              0.95068359375,
              -0.273193359375,
              0.0450439453125
            ],
            [
              0.05743408203125,
              0.267578125,
              0.9619140625,
              0.51904296875
            ]
          ]
        ]
      },
      {
        "psnr": 11.159326553344727,
        "distortion": 0.1692943572998047,
        "rotation_rmse": 23.084697723388672,
        "translation_rmse_100": 35.25296401977539,
        "t_final": [
          [
            [
              0.99658203125,
              -0.0211181640625,
              -0.07818603515625,
              0.423095703125
            ],
            [
              0.0190277099609375,
              0.99951171875,
              -0.0272979736328125,
              -0.09857177734375
            ],
            [
              0.07867431640625,
              0.025726318359375,
              0.99658203125,
              0.08349609375
            ]
          ]
        ]
      },
      {
        "psnr": 11.70278263092041,
        "distortion": 0.14040234684944153,
        "rotation_rmse": 12.930723190307617,
        "translation_rmse_100": 52.05530548095703,
        "t_final": [
          [
            [
              0.98291015625,
              -0.03607177734375,
              0.1790771484375,
              -0.6865234375
            ],
            [
              0.09619140625,
              0.935546875,
              -0.339599609375,
              0.60107421875
            ],
            [
              -0.1553955078125,
              0.35107421875,
              0.92333984375,
              0.18310546875
            ]
          ]
        ]
      },
      {
        "psnr": 11.112625122070312,
        "distortion": 0.20341190695762634,
        "rotation_rmse": 23.78302001953125,
        "translation_rmse_100": 46.44936752319336,
        "t_final": [
          [
            [
              0.9951171875,
              -0.08575439453125,
              -0.05303955078125,
              0.505859375
            ],
            [
              0.08892822265625,
              0.994140625,
              0.060150146484375,
              -0.0224456787109375
            ],
            [
              0.047576904296875,
              -0.0645751953125,
              0.99658203125,
              0.330078125
            ]
          ]
        ]
      },
      {
        "psnr": 11.172139167785645,
        "distortion": 0.2104446142911911,
        "rotation_rmse": 17.972509384155273,
        "translation_rmse_100": 54.95954132080078,
        "t_final": [
          [
            [
              0.99951171875,
              -0.0166168212890625,
              0.031829833984375,
              0.55712890625
            ],
            [
              0.0216827392578125,
              0.98583984375,
              -0.165771484375,
              -0.056488037109375
            ],
            [
              -0.02862548828125,
              0.166259765625,
              0.98583984375,
              0.47705078125
            ]
          ]
        ]
      },
      {
        "psnr": 11.162991523742676,
        "distortion": 0.21560782194137573,
        "rotation_rmse": 5.088024616241455,
        "translation_rmse_100": 87.7231216430664,
        "t_final": [
          [
            [
              0.91015625,
              0.11700439453125,
              0.397216796875,
              1.1982421875
            ],
            [
              0.056915283203125,
              0.91455078125,
              -0.39990234375,
              -0.14306640625
            ],
            [
              -0.41015625,
              0.38671875,
              0.826171875,
              0.59423828125
            ]
          ]
        ]
      },
      {
        "psnr": 11.137743949890137,
        "distortion": 0.23264816403388977,
        "rotation_rmse": 6.887199878692627,
        "translation_rmse_100": 98.88750457763672,
        "t_final": [
          [
            [
              0.7802734375,
              0.3447265625,
              0.521484375,
              1.046875
            ],
            [
              -0.06512451171875,
              0.87451171875,
              -0.480712890625,
              -0.304931640625
            ],
            [
              -0.6220703125,
              0.34130859375,
              0.705078125,
              1.009765625
            ]
          ]
        ]
      },
      {
        "psnr": 11.315461158752441,
        "distortion": 0.2159246951341629,
        "rotation_rmse": 22.284351348876953,
        "translation_rmse_100": 60.01157760620117,
        "t_final": [
          [
            [
              0.99169921875,
              -0.1038818359375,
              -0.07489013671875,
              0.6259765625
            ],
            [
              0.094970703125,
              0.98876953125,
              -0.1141357421875,
              0.08636474609375
            ],
            [
              0.0859375,
              0.1060791015625,
              0.99072265625,
              0.55615234375
            ]
          ]
        ]
      },
      {
        "psnr": 11.13097095489502,
        "distortion": 0.2147272229194641,
        "rotation_rmse": 16.393245697021484,
        "translation_rmse_100": 52.20076370239258,
        "t_final": [
          [
            [
              0.9912109375,
              -0.006191253662109375,
              0.1318359375,
              0.603515625
            ],
            [
              0.014923095703125,
              0.99755859375,
              -0.0653076171875,
              0.06719970703125
            ],
            [
              -0.131103515625,
              0.06671142578125,
              0.9892578125,
              0.390625
            ]
          ]
        ]
      }
    ]
  }
}