{
  "fern_50_50": {
    "best": {
      "psnr": 22.412275314331055,
      "distortion": 0.017066407948732376,
      "rotation_rmse": 0.012678418308496475,
      "translation_rmse_100": 0.02061786875128746,
      "t_final": [
        [
          [
            0.9130859375,
            0.180908203125,
            0.365234375,
            -0.3544921875
          ],
          [
            0.10699462890625,
            0.75830078125,
            -0.64306640625,
            0.33056640625
          ],
          [
            -0.393310546875,
            0.62646484375,
            0.67333984375,
            0.0745849609375
          ]
        ]
      ]
    },
    "stats_list": [
      {
        "psnr": 22.3939208984375,
        "distortion": 0.017126236110925674,
        "rotation_rmse": 0.008227207697927952,
        "translation_rmse_100": 0.03169373795390129,
        "t_final": [
          [
            [
              0.9130859375,
              0.1807861328125,
              0.365234375,
              -0.354736328125
            ],
            [
              0.10699462890625,
              0.75830078125,
              -0.64306640625,
              0.33056640625
            ],
            [
              -0.39306640625,
              0.62646484375,
              0.67333984375,
              0.07452392578125
            ]
          ]
        ]
      },
      {
        "psnr": 11.58750057220459,
        "distortion": 0.15633051097393036,
        "rotation_rmse": 27.578771591186523,
        "translation_rmse_100": 37.64292907714844,
        "t_final": [
          [
            [
              0.53271484375,
              -0.52392578125,
              0.66455078125,
              0.2939453125
            ],
            [
              0.60693359375,
              0.78369140625,
              0.1318359375,
              0.39306640625
            ],
            [
              -0.58984375,
              0.3330078125,
              0.7353515625,
              0.041351318359375
            ]
          ]
        ]
      },
      {
        "psnr": 22.3038330078125,
        "distortion": 0.017102867364883423,
        "rotation_rmse": 0.011812611483037472,
        "translation_rmse_100": 0.04611510783433914,
        "t_final": [
          [
            [
              0.9130859375,
              0.1807861328125,
              0.365234375,
              -0.35498046875
            ],
            [
              0.1070556640625,
              0.75830078125,
              -0.64306640625,
              0.33056640625
            ],
            [
              -0.393310546875,
              0.62646484375,
              0.67333984375,
              0.0745849609375
            ]
          ]
        ]
      },
      {
        "psnr": 12.119074821472168,
        "distortion": 0.07864288985729218,
        "rotation_rmse": 31.27067756652832,
        "translation_rmse_100": 22.309223175048828,
        "t_final": [
          [
            [
              0.475830078125,
              -0.66015625,
              0.5810546875,
              -0.5029296875
            ],
            [
              0.728515625,
              0.666015625,
              0.1597900390625,
              -0.0108642578125
            ],
            [
              -0.49267578125,
              0.347412109375,
              0.7978515625,
              -0.028411865234375
            ]
          ]
        ]
      },
      {
        "psnr": 11.72594928741455,
        "distortion": 0.13613244891166687,
        "rotation_rmse": 24.501920700073242,
        "translation_rmse_100": 26.894262313842773,
        "t_final": [
          [
            [
              0.5869140625,
              -0.438720703125,
              0.6806640625,
              0.09075927734375
            ],
            [
              0.61328125,
              0.78955078125,
              -0.0199737548828125,
              0.466796875
            ],
            [
              -0.5283203125,
              0.42919921875,
              0.732421875,
              0.09564208984375
            ]
          ]
        ]
      },
      {
        "psnr": 11.695028305053711,
        "distortion": 0.13634093105793,
        "rotation_rmse": 7.949914455413818,
        "translation_rmse_100": 32.41618728637695,
        "t_final": [
          [
            [
              0.9296875,
              -0.05084228515625,
              0.365478515625,
              0.1629638671875
            ],
            [
              0.2330322265625,
              0.8486328125,
              -0.474609375,
              0.441162109375
            ],
            [
              -0.285888671875,
              0.5263671875,
              0.80078125,
              0.262939453125
            ]
          ]
        ]
      },
      {
        "psnr": 22.267915725708008,
        "distortion": 0.01714046485722065,
        "rotation_rmse": 0.011992529034614563,
        "translation_rmse_100": 0.03427357226610184,
        "t_final": [
          [
            [
              0.9130859375,
              0.1807861328125,
              0.365234375,
              -0.354736328125
            ],
            [
              0.10699462890625,
              0.75830078125,
              -0.64306640625,
              0.33056640625
            ],
            [
              -0.393310546875,
              0.62646484375,
              0.67333984375,
              0.07464599609375
            ]
          ]
        ]
      },
      {
        "psnr": 11.663555145263672,
        "distortion": 0.12730564177036285,
        "rotation_rmse": 12.187508583068848,
        "translation_rmse_100": 32.060455322265625,
        "t_final": [
          [
            [
              0.87841796875,
              -0.2003173828125,
              0.43408203125,
              0.1107177734375
            ],
            [
              0.384521484375,
              0.83544921875,
              -0.392578125,
              0.480224609375
            ],
            [
              -0.2841796875,
              0.51171875,
              0.81103515625,
              0.338623046875
            ]
          ]
        ]
      },
      {
        "psnr": 11.433740615844727,
        "distortion": 0.08625060319900513,
        "rotation_rmse": 29.342992782592773,
        "translation_rmse_100": 3.687467336654663,
        "t_final": [
          [
            [
              0.48876953125,
              -0.5615234375,
              0.66748046875,
              -0.3779296875
            ],
            [
              0.712890625,
              0.6982421875,
              0.0654296875,
              0.285888671875
            ],
            [
              -0.5029296875,
              0.444091796875,
              0.74169921875,
              0.11328125
            ]
          ]
        ]
      },
      {
        "psnr": 22.412275314331055,
        "distortion": 0.017066407948732376,
        "rotation_rmse": 0.012678418308496475,
        "translation_rmse_100": 0.02061786875128746,
        "t_final": [
          [
            [
              0.9130859375,
              0.180908203125,
              0.365234375,
              -0.3544921875
            ],
            [
              0.10699462890625,
              0.75830078125,
              -0.64306640625,
              0.33056640625
            ],
            [
              -0.393310546875,
              0.62646484375,
              0.67333984375,
              0.0745849609375
            ]
          ]
        ]
      }
    ]
  }
}