{
  "trex_0_100_even_odd": {
    "best": {
      "psnr": 27.28273582458496,
      "distortion": 0.01668417453765869,
      "rotation_rmse": 0.00851579662412405,
      "translation_rmse_100": 0.008387632668018341,
      "t_final": [
        [
          [
            0.79052734375,
            -0.07891845703125,
            0.60693359375,
            -0.247802734375
          ],
          [
            0.356689453125,
            0.865234375,
            -0.35205078125,
            -0.06829833984375
          ],
          [
            -0.49755859375,
            0.4951171875,
            0.71240234375,
            -0.197509765625
          ]
        ]
      ]
    },
    "stats_list": [
      {
        "psnr": 11.365935325622559,
        "distortion": 0.12354471534490585,
        "rotation_rmse": 17.716886520385742,
        "translation_rmse_100": 19.117158889770508,
        "t_final": [
          [
            [
              0.49755859375,
              -0.455322265625,
              0.73828125,
              -0.359375
            ],
            [
              0.703125,
              0.7099609375,
              -0.0362548828125,
              0.2176513671875
            ],
            [
              -0.5078125,
              0.537109375,
              0.67333984375,
              -0.07342529296875
            ]
          ]
        ]
      },
      {
        "psnr": 11.532448768615723,
        "distortion": 0.16235147416591644,
        "rotation_rmse": 16.201641082763672,
        "translation_rmse_100": 39.48274230957031,
        "t_final": [
          [
            [
              0.9033203125,
              -0.26611328125,
              0.336669921875,
              0.259521484375
            ],
            [
              0.306640625,
              0.94921875,
              -0.072998046875,
              0.004993438720703125
            ],
            [
              -0.300048828125,
              0.169189453125,
              0.93896484375,
              0.25537109375
            ]
          ]
        ]
      },
      {
        "psnr": 11.947054862976074,
        "distortion": 0.09574992954730988,
        "rotation_rmse": 17.76382064819336,
        "translation_rmse_100": 24.930679321289062,
        "t_final": [
          [
            [
              0.7138671875,
              -0.541015625,
              0.445068359375,
              -0.63916015625
            ],
            [
              0.51708984375,
              0.83544921875,
              0.185791015625,
              0.1131591796875
            ],
            [
              -0.47216796875,
              0.09765625,
              0.8759765625,
              -0.2137451171875
            ]
          ]
        ]
      },
      {
        "psnr": 11.555068016052246,
        "distortion": 0.18924005329608917,
        "rotation_rmse": 10.06629467010498,
        "translation_rmse_100": 31.316875457763672,
        "t_final": [
          [
            [
              0.7919921875,
              -0.38525390625,
              0.473876953125,
              -0.040252685546875
            ],
            [
              0.51708984375,
              0.83544921875,
              -0.1849365234375,
              0.352783203125
            ],
            [
              -0.32470703125,
              0.3916015625,
              0.86083984375,
              0.0743408203125
            ]
          ]
        ]
      },
      {
        "psnr": 11.8138427734375,
        "distortion": 0.15231025218963623,
        "rotation_rmse": 16.332876205444336,
        "translation_rmse_100": 23.535972595214844,
        "t_final": [
          [
            [
              0.6416015625,
              -0.544921875,
              0.5400390625,
              -0.515625
            ],
            [
              0.53564453125,
              0.822265625,
              0.1927490234375,
              0.2330322265625
            ],
            [
              -0.548828125,
              0.1656494140625,
              0.8193359375,
              -0.1376953125
            ]
          ]
        ]
      },
      {
        "psnr": 11.68686580657959,
        "distortion": 0.18622298538684845,
        "rotation_rmse": 10.650209426879883,
        "translation_rmse_100": 27.08814239501953,
        "t_final": [
          [
            [
              0.76318359375,
              -0.418701171875,
              0.491943359375,
              -0.0789794921875
            ],
            [
              0.54931640625,
              0.8212890625,
              -0.1536865234375,
              0.30517578125
            ],
            [
              -0.339599609375,
              0.3876953125,
              0.85693359375,
              0.0309600830078125
            ]
          ]
        ]
      },
      {
        "psnr": 11.665470123291016,
        "distortion": 0.18937301635742188,
        "rotation_rmse": 10.668079376220703,
        "translation_rmse_100": 32.81498718261719,
        "t_final": [
          [
            [
              0.77001953125,
              -0.39111328125,
              0.50439453125,
              0.11553955078125
            ],
            [
              0.486572265625,
              0.87109375,
              -0.0675048828125,
              0.27587890625
            ],
            [
              -0.412841796875,
              0.29736328125,
              0.86083984375,
              0.07208251953125
            ]
          ]
        ]
      },
      {
        "psnr": 27.28273582458496,
        "distortion": 0.01668417453765869,
        "rotation_rmse": 0.00851579662412405,
        "translation_rmse_100": 0.008387632668018341,
        "t_final": [
          [
            [
              0.79052734375,
              -0.07891845703125,
              0.60693359375,
              -0.247802734375
            ],
            [
              0.356689453125,
              0.865234375,
              -0.35205078125,
              -0.06829833984375
            ],
            [
              -0.49755859375,
              0.4951171875,
              0.71240234375,
              -0.197509765625
            ]
          ]
        ]
      },
      {
        "psnr": 11.543031692504883,
        "distortion": 0.1923288255929947,
        "rotation_rmse": 19.747177124023438,
        "translation_rmse_100": 63.518802642822266,
        "t_final": [
          [
            [
              0.9296875,
              -0.041290283203125,
              0.365966796875,
              0.50634765625
            ],
            [
              0.0845947265625,
              0.9912109375,
              -0.10308837890625,
              -0.197265625
            ],
            [
              -0.3583984375,
              0.1268310546875,
              0.9248046875,
              0.59326171875
            ]
          ]
        ]
      },
      {
        "psnr": 11.68210506439209,
        "distortion": 0.116008460521698,
        "rotation_rmse": 20.31668472290039,
        "translation_rmse_100": 11.307265281677246,
        "t_final": [
          [
            [
              0.998046875,
              -0.0022487640380859375,
              0.06121826171875,
              -0.095947265625
            ],
            [
              0.04010009765625,
              0.77978515625,
              -0.625,
              -0.1920166015625
            ],
            [
              -0.04632568359375,
              0.6259765625,
              0.7783203125,
              -0.1915283203125
            ]
          ]
        ]
      }
    ]
  }
}