{
  "room_50_50": {
    "best": {
      "psnr": 13.314970016479492,
      "distortion": 0.09366142004728317,
      "rotation_rmse": 5.143320083618164,
      "translation_rmse_100": 27.42519760131836,
      "t_final": [
        [
          [
            0.9990234375,
            -0.035400390625,
            -0.0272674560546875,
            -0.12408447265625
          ],
          [
            0.01261138916015625,
            0.80859375,
            -0.58837890625,
            0.2120361328125
          ],
          [
            0.042877197265625,
            0.58740234375,
            0.80810546875,
            -0.005580902099609375
          ]
        ]
      ]
    },
    "stats_list": [
      {
        "psnr": 13.268827438354492,
        "distortion": 0.0917760357260704,
        "rotation_rmse": 23.240222930908203,
        "translation_rmse_100": 48.757102966308594,
        "t_final": [
          [
            [
              0.78857421875,
              -0.572265625,
              0.2259521484375,
              -0.19921875
            ],
            [
              0.57275390625,
              0.54931640625,
              -0.6083984375,
              -0.421142578125
            ],
            [
              0.2239990234375,
              0.609375,
              0.7607421875,
              -0.11932373046875
            ]
          ]
        ]
      },
      {
        "psnr": 13.314970016479492,
        "distortion": 0.09366142004728317,
        "rotation_rmse": 5.143320083618164,
        "translation_rmse_100": 27.42519760131836,
        "t_final": [
          [
            [
              0.9990234375,
              -0.035400390625,
              -0.0272674560546875,
              -0.12408447265625
            ],
            [
              0.01261138916015625,
              0.80859375,
              -0.58837890625,
              0.2120361328125
            ],
            [
              0.042877197265625,
              0.58740234375,
              0.80810546875,
              -0.005580902099609375
            ]
          ]
        ]
      },
      {
        "psnr": 12.942432403564453,
        "distortion": 0.09408316761255264,
        "rotation_rmse": 13.552935600280762,
        "translation_rmse_100": 30.492759704589844,
        "t_final": [
          [
            [
              0.9912109375,
              -0.1151123046875,
              0.06475830078125,
              -0.1395263671875
            ],
            [
              0.12286376953125,
              0.6240234375,
              -0.771484375,
              -0.0780029296875
            ],
            [
              0.048370361328125,
              0.77294921875,
              0.6328125,
              0.0121002197265625
            ]
          ]
        ]
      },
      {
        "psnr": 13.295166015625,
        "distortion": 0.09290425479412079,
        "rotation_rmse": 4.046661853790283,
        "translation_rmse_100": 27.621238708496094,
        "t_final": [
          [
            [
              0.99853515625,
              -0.05010986328125,
              -0.01340484619140625,
              -0.1265869140625
            ],
            [
              0.034454345703125,
              0.833984375,
              -0.55078125,
              0.2366943359375
            ],
            [
              0.038787841796875,
              0.5498046875,
              0.83447265625,
              -0.0076446533203125
            ]
          ]
        ]
      },
      {
        "psnr": 12.930254936218262,
        "distortion": 0.11258427798748016,
        "rotation_rmse": 24.931657791137695,
        "translation_rmse_100": 48.654563903808594,
        "t_final": [
          [
            [
              0.75341796875,
              -0.45849609375,
              0.470703125,
              -0.12384033203125
            ],
            [
              0.65625,
              0.56591796875,
              -0.499267578125,
              -0.52490234375
            ],
            [
              -0.037445068359375,
              0.68505859375,
              0.72705078125,
              0.024017333984375
            ]
          ]
        ]
      },
      {
        "psnr": 13.06930923461914,
        "distortion": 0.15772810578346252,
        "rotation_rmse": 4.730874061584473,
        "translation_rmse_100": 82.95362854003906,
        "t_final": [
          [
            [
              0.99755859375,
              -0.036102294921875,
              0.061187744140625,
              0.9384765625
            ],
            [
              0.0653076171875,
              0.8056640625,
              -0.5888671875,
              0.381103515625
            ],
            [
              -0.0280303955078125,
              0.59130859375,
              0.8056640625,
              -0.3935546875
            ]
          ]
        ]
      },
      {
        "psnr": 12.915637016296387,
        "distortion": 0.16089579463005066,
        "rotation_rmse": 20.810998916625977,
        "translation_rmse_100": 59.87568664550781,
        "t_final": [
          [
            [
              0.82275390625,
              -0.450439453125,
              0.3466796875,
              0.48291015625
            ],
            [
              0.568359375,
              0.63037109375,
              -0.52880859375,
              0.08514404296875
            ],
            [
              0.019744873046875,
              0.63232421875,
              0.7744140625,
              -0.31103515625
            ]
          ]
        ]
      },
      {
        "psnr": 12.542621612548828,
        "distortion": 0.14793287217617035,
        "rotation_rmse": 16.282066345214844,
        "translation_rmse_100": 65.6707763671875,
        "t_final": [
          [
            [
              0.89892578125,
              -0.418212890625,
              0.1304931640625,
              0.316650390625
            ],
            [
              0.43798828125,
              0.8564453125,
              -0.273681640625,
              -0.378173828125
            ],
            [
              0.0027484893798828125,
              0.30322265625,
              0.953125,
              -0.376220703125
            ]
          ]
        ]
      },
      {
        "psnr": 13.200530052185059,
        "distortion": 0.08338956534862518,
        "rotation_rmse": 4.022843837738037,
        "translation_rmse_100": 25.8198299407959,
        "t_final": [
          [
            [
              0.99951171875,
              -0.022552490234375,
              -0.0069122314453125,
              -0.1846923828125
            ],
            [
              0.01462554931640625,
              0.82275390625,
              -0.568359375,
              0.279296875
            ],
            [
              0.01849365234375,
              0.56787109375,
              0.82275390625,
              0.0248870849609375
            ]
          ]
        ]
      },
      {
        "psnr": 13.089723587036133,
        "distortion": 0.09974737465381622,
        "rotation_rmse": 19.448772430419922,
        "translation_rmse_100": 36.75468063354492,
        "t_final": [
          [
            [
              0.876953125,
              -0.3564453125,
              0.32177734375,
              -0.14111328125
            ],
            [
              0.478515625,
              0.5908203125,
              -0.64990234375,
              -0.28564453125
            ],
            [
              0.041473388671875,
              0.72412109375,
              0.6884765625,
              0.04443359375
            ]
          ]
        ]
      }
    ]
  }
}