{
  "trex_0_100_even_odd": {
    "best": {
      "psnr": 24.840410232543945,
      "distortion": 0.016067124903202057,
      "rotation_rmse": 0.010196284390985966,
      "translation_rmse_100": 0.21847474575042725,
      "t_final": [
        [
          [
            0.791015625,
            -0.07891845703125,
            0.60693359375,
            -0.2514226734638214
          ],
          [
            0.3564453125,
            0.865234375,
            -0.35205078125,
            -0.06885883212089539
          ],
          [
            -0.497314453125,
            0.494873046875,
            0.71240234375,
            -0.19752725958824158
          ]
        ]
      ]
    },
    "stats_list": [
      {
        "psnr": 10.876927375793457,
        "distortion": 0.18219256401062012,
        "rotation_rmse": 7.078039646148682,
        "translation_rmse_100": 33.5521240234375,
        "t_final": [
          [
            [
              0.734375,
              0.0670166015625,
              0.67529296875,
              0.3040653169155121
            ],
            [
              0.2313232421875,
              0.91064453125,
              -0.342041015625,
              0.07038460671901703
            ],
            [
              -0.63818359375,
              0.407470703125,
              0.6533203125,
              -0.316029816865921
            ]
          ]
        ]
      },
      {
        "psnr": 24.773174285888672,
        "distortion": 0.016170991584658623,
        "rotation_rmse": 0.020680081099271774,
        "translation_rmse_100": 0.22926662862300873,
        "t_final": [
          [
            [
              0.791015625,
              -0.07940673828125,
              0.60693359375,
              -0.2516149878501892
            ],
            [
              0.35693359375,
              0.865234375,
              -0.35205078125,
              -0.06883532553911209
            ],
            [
              -0.4970703125,
              0.4951171875,
              0.71240234375,
              -0.1975032538175583
            ]
          ]
        ]
      },
      {
        "psnr": 11.267284393310547,
        "distortion": 0.16554154455661774,
        "rotation_rmse": 16.26593589782715,
        "translation_rmse_100": 33.24583053588867,
        "t_final": [
          [
            [
              0.86328125,
              -0.399169921875,
              0.3095703125,
              0.32771557569503784
            ],
            [
              0.50341796875,
              0.72900390625,
              -0.4638671875,
              -0.04915466532111168
            ],
            [
              -0.040618896484375,
              0.55615234375,
              0.830078125,
              -0.20932328701019287
            ]
          ]
        ]
      },
      {
        "psnr": 24.80998420715332,
        "distortion": 0.016417652368545532,
        "rotation_rmse": 0.02620038576424122,
        "translation_rmse_100": 0.22164052724838257,
        "t_final": [
          [
            [
              0.79052734375,
              -0.0792236328125,
              0.607421875,
              -0.25149911642074585
            ],
            [
              0.357177734375,
              0.865234375,
              -0.35205078125,
              -0.06866428256034851
            ],
            [
              -0.497314453125,
              0.495361328125,
              0.71240234375,
              -0.19756928086280823
            ]
          ]
        ]
      },
      {
        "psnr": 10.994454383850098,
        "distortion": 0.18077398836612701,
        "rotation_rmse": 7.631008148193359,
        "translation_rmse_100": 26.48273468017578,
        "t_final": [
          [
            [
              0.69873046875,
              -0.0670166015625,
              0.71240234375,
              0.19226369261741638
            ],
            [
              0.293701171875,
              0.9345703125,
              -0.2001953125,
              -0.04521758109331131
            ],
            [
              -0.65234375,
              0.34912109375,
              0.6728515625,
              -0.32518625259399414
            ]
          ]
        ]
      },
      {
        "psnr": 24.753278732299805,
        "distortion": 0.016195746138691902,
        "rotation_rmse": 0.025049062445759773,
        "translation_rmse_100": 0.2377442717552185,
        "t_final": [
          [
            [
              0.79052734375,
              -0.07952880859375,
              0.607421875,
              -0.2517542541027069
            ],
            [
              0.357177734375,
              0.865234375,
              -0.351806640625,
              -0.0688672885298729
            ],
            [
              -0.49755859375,
              0.494873046875,
              0.71240234375,
              -0.1976463794708252
            ]
          ]
        ]
      },
      {
        "psnr": 24.768503189086914,
        "distortion": 0.016202412545681,
        "rotation_rmse": 0.021140700206160545,
        "translation_rmse_100": 0.24010387063026428,
        "t_final": [
          [
            [
              0.79052734375,
              -0.07940673828125,
              0.607421875,
              -0.25177666544914246
            ],
            [
              0.357177734375,
              0.865234375,
              -0.351806640625,
              -0.0689781904220581
            ],
            [
              -0.497314453125,
              0.494873046875,
              0.71240234375,
              -0.19769592583179474
            ]
          ]
        ]
      },
      {
        "psnr": 24.840410232543945,
        "distortion": 0.016067124903202057,
        "rotation_rmse": 0.010196284390985966,
        "translation_rmse_100": 0.21847474575042725,
        "t_final": [
          [
            [
              0.791015625,
              -0.07891845703125,
              0.60693359375,
              -0.2514226734638214
            ],
            [
              0.3564453125,
              0.865234375,
              -0.35205078125,
              -0.06885883212089539
            ],
            [
              -0.497314453125,
              0.494873046875,
              0.71240234375,
              -0.19752725958824158
            ]
          ]
        ]
      },
      {
        "psnr": 10.98108196258545,
        "distortion": 0.2146294116973877,
        "rotation_rmse": 19.094633102416992,
        "translation_rmse_100": 43.42397689819336,
        "t_final": [
          [
            [
              0.6767578125,
              0.13330078125,
              0.72412109375,
              0.366916298866272
            ],
            [
              0.044677734375,
              0.97412109375,
              -0.22119140625,
              0.11330188065767288
            ],
            [
              -0.73486328125,
              0.18212890625,
              0.6533203125,
              -0.5911152362823486
            ]
          ]
        ]
      },
      {
        "psnr": 24.804153442382812,
        "distortion": 0.01597565785050392,
        "rotation_rmse": 0.027554184198379517,
        "translation_rmse_100": 0.22489088773727417,
        "t_final": [
          [
            [
              0.79052734375,
              -0.07977294921875,
              0.60693359375,
              -0.2515532374382019
            ],
            [
              0.357177734375,
              0.865234375,
              -0.351806640625,
              -0.06870169192552567
            ],
            [
              -0.497314453125,
              0.494873046875,
              0.71240234375,
              -0.19753308594226837
            ]
          ]
        ]
      }
    ]
  }
}