{
  "trex_50_50": {
    "best": {
      "psnr": 23.082918167114258,
      "distortion": 0.0137410257011652,
      "rotation_rmse": 0.030582161620259285,
      "translation_rmse_100": 0.24960091710090637,
      "t_final": [
        [
          [
            0.791015625,
            -0.07977294921875,
            0.6064453125,
            -0.25197264552116394
          ],
          [
            0.35693359375,
            0.865234375,
            -0.351806640625,
            -0.06880173087120056
          ],
          [
            -0.4970703125,
            0.49462890625,
            0.712890625,
            -0.1973264217376709
          ]
        ]
      ]
    },
    "stats_list": [
      {
        "psnr": 11.674850463867188,
        "distortion": 0.20710566639900208,
        "rotation_rmse": 17.074604034423828,
        "translation_rmse_100": 80.40264129638672,
        "t_final": [
          [
            [
              0.8623046875,
              0.06646728515625,
              0.50244140625,
              0.9011742472648621
            ],
            [
              0.04913330078125,
              0.9755859375,
              -0.21337890625,
              -0.07608933746814728
            ],
            [
              -0.50439453125,
              0.2086181640625,
              0.837890625,
              -0.9844970107078552
            ]
          ]
        ]
      },
      {
        "psnr": 23.082918167114258,
        "distortion": 0.0137410257011652,
        "rotation_rmse": 0.030582161620259285,
        "translation_rmse_100": 0.24960091710090637,
        "t_final": [
          [
            [
              0.791015625,
              -0.07977294921875,
              0.6064453125,
              -0.25197264552116394
            ],
            [
              0.35693359375,
              0.865234375,
              -0.351806640625,
              -0.06880173087120056
            ],
            [
              -0.4970703125,
              0.49462890625,
              0.712890625,
              -0.1973264217376709
            ]
          ]
        ]
      },
      {
        "psnr": 11.314905166625977,
        "distortion": 0.1807750016450882,
        "rotation_rmse": 11.798583984375,
        "translation_rmse_100": 56.558929443359375,
        "t_final": [
          [
            [
              0.8935546875,
              -0.2176513671875,
              0.392333984375,
              0.7281715273857117
            ],
            [
              0.41259765625,
              0.74169921875,
              -0.52880859375,
              -0.005048621445894241
            ],
            [
              -0.17578125,
              0.634765625,
              0.75244140625,
              -0.13922812044620514
            ]
          ]
        ]
      },
      {
        "psnr": 10.988210678100586,
        "distortion": 0.1919914036989212,
        "rotation_rmse": 18.767248153686523,
        "translation_rmse_100": 10.294745445251465,
        "t_final": [
          [
            [
              0.88330078125,
              -0.391357421875,
              0.25732421875,
              -0.1878838837146759
            ],
            [
              0.466796875,
              0.6875,
              -0.55615234375,
              0.03693735599517822
            ],
            [
              0.04071044921875,
              0.611328125,
              0.79052734375,
              -0.06652656942605972
            ]
          ]
        ]
      },
      {
        "psnr": 23.046335220336914,
        "distortion": 0.013808149844408035,
        "rotation_rmse": 0.04253445938229561,
        "translation_rmse_100": 0.22944891452789307,
        "t_final": [
          [
            [
              0.79150390625,
              -0.078857421875,
              0.60595703125,
              -0.2516309916973114
            ],
            [
              0.3564453125,
              0.865234375,
              -0.3525390625,
              -0.06866560876369476
            ],
            [
              -0.496826171875,
              0.494873046875,
              0.712890625,
              -0.1972263753414154
            ]
          ]
        ]
      },
      {
        "psnr": 10.47593879699707,
        "distortion": 0.16704468429088593,
        "rotation_rmse": 17.243200302124023,
        "translation_rmse_100": 32.86528778076172,
        "t_final": [
          [
            [
              0.80859375,
              0.30712890625,
              0.50244140625,
              -0.6324230432510376
            ],
            [
              -0.0489501953125,
              0.88525390625,
              -0.46240234375,
              0.02451096475124359
            ],
            [
              -0.58642578125,
              0.349365234375,
              0.73046875,
              0.21169115602970123
            ]
          ]
        ]
      },
      {
        "psnr": 23.00409507751465,
        "distortion": 0.013540518470108509,
        "rotation_rmse": 0.04076378047466278,
        "translation_rmse_100": 0.23661218583583832,
        "t_final": [
          [
            [
              0.79052734375,
              -0.0799560546875,
              0.607421875,
              -0.2517491579055786
            ],
            [
              0.357666015625,
              0.865234375,
              -0.3515625,
              -0.06876536458730698
            ],
            [
              -0.4970703125,
              0.4951171875,
              0.71240234375,
              -0.197590634226799
            ]
          ]
        ]
      },
      {
        "psnr": 23.040231704711914,
        "distortion": 0.013622789643704891,
        "rotation_rmse": 0.019519269466400146,
        "translation_rmse_100": 0.25384530425071716,
        "t_final": [
          [
            [
              0.791015625,
              -0.07940673828125,
              0.60693359375,
              -0.2520510256290436
            ],
            [
              0.356689453125,
              0.865234375,
              -0.3515625,
              -0.06877271831035614
            ],
            [
              -0.497314453125,
              0.49462890625,
              0.712890625,
              -0.19748316705226898
            ]
          ]
        ]
      },
      {
        "psnr": 23.00740623474121,
        "distortion": 0.013877487741410732,
        "rotation_rmse": 0.012220497243106365,
        "translation_rmse_100": 0.20764032006263733,
        "t_final": [
          [
            [
              0.79052734375,
              -0.07891845703125,
              0.607421875,
              -0.25125545263290405
            ],
            [
              0.356689453125,
              0.865234375,
              -0.35205078125,
              -0.06867305934429169
            ],
            [
              -0.49755859375,
              0.4951171875,
              0.71240234375,
              -0.19734063744544983
            ]
          ]
        ]
      },
      {
        "psnr": 23.048486709594727,
        "distortion": 0.013691479340195656,
        "rotation_rmse": 0.025597864761948586,
        "translation_rmse_100": 0.255263090133667,
        "t_final": [
          [
            [
              0.791015625,
              -0.07977294921875,
              0.60693359375,
              -0.25208157300949097
            ],
            [
              0.35693359375,
              0.865234375,
              -0.3515625,
              -0.06871244311332703
            ],
            [
              -0.4970703125,
              0.49462890625,
              0.712890625,
              -0.19742567837238312
            ]
          ]
        ]
      }
    ]
  }
}