{
  "trex_50_50": {
    "best": {
      "psnr": 24.345584869384766,
      "distortion": 0.013780145905911922,
      "rotation_rmse": 0.013982199132442474,
      "translation_rmse_100": 0.011307585053145885,
      "t_final": [
        [
          [
            0.79052734375,
            -0.07904052734375,
            0.60693359375,
            -0.2474920153617859
          ],
          [
            0.356689453125,
            0.86572265625,
            -0.3515625,
            -0.06838923692703247
          ],
          [
            -0.49755859375,
            0.49462890625,
            0.71240234375,
            -0.1974511742591858
          ]
        ]
      ]
    },
    "stats_list": [
      {
        "psnr": 11.870112419128418,
        "distortion": 0.21110382676124573,
        "rotation_rmse": 21.21491241455078,
        "translation_rmse_100": 128.08807373046875,
        "t_final": [
          [
            [
              0.89111328125,
              0.0401611328125,
              0.45166015625,
              1.6659865379333496
            ],
            [
              0.011505126953125,
              0.99365234375,
              -0.111083984375,
              -0.2996498644351959
            ],
            [
              -0.453125,
              0.104248046875,
              0.88525390625,
              -1.2957805395126343
            ]
          ]
        ]
      },
      {
        "psnr": 24.303327560424805,
        "distortion": 0.014107228256762028,
        "rotation_rmse": 0.011440275236964226,
        "translation_rmse_100": 0.016321923583745956,
        "t_final": [
          [
            [
              0.791015625,
              -0.07904052734375,
              0.60693359375,
              -0.24741435050964355
            ],
            [
              0.3564453125,
              0.865234375,
              -0.351806640625,
              -0.06840664148330688
            ],
            [
              -0.49755859375,
              0.49462890625,
              0.71240234375,
              -0.19737617671489716
            ]
          ]
        ]
      },
      {
        "psnr": 11.490877151489258,
        "distortion": 0.1881289929151535,
        "rotation_rmse": 13.523542404174805,
        "translation_rmse_100": 50.66829299926758,
        "t_final": [
          [
            [
              0.96142578125,
              0.055267333984375,
              0.26953125,
              0.6115691661834717
            ],
            [
              0.1217041015625,
              0.79296875,
              -0.5966796875,
              -0.22979618608951569
            ],
            [
              -0.246826171875,
              0.6064453125,
              0.755859375,
              -0.12124574184417725
            ]
          ]
        ]
      },
      {
        "psnr": 11.039623260498047,
        "distortion": 0.07033725082874298,
        "rotation_rmse": 18.639497756958008,
        "translation_rmse_100": 13.509117126464844,
        "t_final": [
          [
            [
              0.669921875,
              -0.513671875,
              0.5361328125,
              -0.04116968810558319
            ],
            [
              0.72998046875,
              0.58740234375,
              -0.34912109375,
              -0.12944726645946503
            ],
            [
              -0.1353759765625,
              0.625,
              0.7685546875,
              -0.2889173924922943
            ]
          ]
        ]
      },
      {
        "psnr": 24.345584869384766,
        "distortion": 0.013780145905911922,
        "rotation_rmse": 0.013982199132442474,
        "translation_rmse_100": 0.011307585053145885,
        "t_final": [
          [
            [
              0.79052734375,
              -0.07904052734375,
              0.60693359375,
              -0.2474920153617859
            ],
            [
              0.356689453125,
              0.86572265625,
              -0.3515625,
              -0.06838923692703247
            ],
            [
              -0.49755859375,
              0.49462890625,
              0.71240234375,
              -0.1974511742591858
            ]
          ]
        ]
      },
      {
        "psnr": 10.554227828979492,
        "distortion": 0.09468167275190353,
        "rotation_rmse": 18.506885528564453,
        "translation_rmse_100": 20.67987823486328,
        "t_final": [
          [
            [
              0.9189453125,
              -0.039520263671875,
              0.392333984375,
              -0.5937978029251099
            ],
            [
              0.09600830078125,
              0.9873046875,
              -0.1253662109375,
              -0.1572958081960678
            ],
            [
              -0.382568359375,
              0.15283203125,
              0.9111328125,
              -0.1733139604330063
            ]
          ]
        ]
      },
      {
        "psnr": 24.263153076171875,
        "distortion": 0.01391676440834999,
        "rotation_rmse": 0.00897210743278265,
        "translation_rmse_100": 0.006816292647272348,
        "t_final": [
          [
            [
              0.791015625,
              -0.07891845703125,
              0.60693359375,
              -0.24768002331256866
            ],
            [
              0.3564453125,
              0.865234375,
              -0.35205078125,
              -0.06842675805091858
            ],
            [
              -0.49755859375,
              0.49462890625,
              0.71240234375,
              -0.19738033413887024
            ]
          ]
        ]
      },
      {
        "psnr": 24.322370529174805,
        "distortion": 0.014209482818841934,
        "rotation_rmse": 0.009419477544724941,
        "translation_rmse_100": 0.002908652415499091,
        "t_final": [
          [
            [
              0.791015625,
              -0.0791015625,
              0.60693359375,
              -0.24772551655769348
            ],
            [
              0.356689453125,
              0.865234375,
              -0.35205078125,
              -0.06831185519695282
            ],
            [
              -0.497314453125,
              0.494873046875,
              0.71240234375,
              -0.19744257628917694
            ]
          ]
        ]
      },
      {
        "psnr": 24.255022048950195,
        "distortion": 0.013863695785403252,
        "rotation_rmse": 0.008831209503114223,
        "translation_rmse_100": 0.017875714227557182,
        "t_final": [
          [
            [
              0.79052734375,
              -0.07928466796875,
              0.60693359375,
              -0.24737951159477234
            ],
            [
              0.356689453125,
              0.865234375,
              -0.351806640625,
              -0.06839949637651443
            ],
            [
              -0.49755859375,
              0.49462890625,
              0.71240234375,
              -0.19748520851135254
            ]
          ]
        ]
      },
      {
        "psnr": 24.327985763549805,
        "distortion": 0.014133493416011333,
        "rotation_rmse": 0.006196224130690098,
        "translation_rmse_100": 0.014231198467314243,
        "t_final": [
          [
            [
              0.79052734375,
              -0.07904052734375,
              0.60693359375,
              -0.24743206799030304
            ],
            [
              0.356689453125,
              0.86572265625,
              -0.351806640625,
              -0.06834742426872253
            ],
            [
              -0.49755859375,
              0.494873046875,
              0.71240234375,
              -0.19742773473262787
            ]
          ]
        ]
      }
    ]
  }
}