{
  "room_50_50": {
    "best": {
      "psnr": 13.34539794921875,
      "distortion": 0.10320154577493668,
      "rotation_rmse": 22.63236427307129,
      "translation_rmse_100": 42.137733459472656,
      "t_final": [
        [
          [
            0.79638671875,
            -0.4970703125,
            0.34423828125,
            -0.12147174775600433
          ],
          [
            0.599609375,
            0.5751953125,
            -0.556640625,
            -0.3820459246635437
          ],
          [
            0.07843017578125,
            0.64990234375,
            0.755859375,
            0.0170893594622612
          ]
        ]
      ]
    },
    "stats_list": [
      {
        "psnr": 13.34539794921875,
        "distortion": 0.10320154577493668,
        "rotation_rmse": 22.63236427307129,
        "translation_rmse_100": 42.137733459472656,
        "t_final": [
          [
            [
              0.79638671875,
              -0.4970703125,
              0.34423828125,
              -0.12147174775600433
            ],
            [
              0.599609375,
              0.5751953125,
              -0.556640625,
              -0.3820459246635437
            ],
            [
              0.07843017578125,
              0.64990234375,
              0.755859375,
              0.0170893594622612
            ]
          ]
        ]
      },
      {
        "psnr": 13.316168785095215,
        "distortion": 0.05999060347676277,
        "rotation_rmse": 18.0466251373291,
        "translation_rmse_100": 39.91447830200195,
        "t_final": [
          [
            [
              0.876953125,
              -0.4248046875,
              0.2242431640625,
              -0.4167324900627136
            ],
            [
              0.466796875,
              0.64306640625,
              -0.607421875,
              -0.2676714360713959
            ],
            [
              0.11395263671875,
              0.63720703125,
              0.76220703125,
              -0.0068539585918188095
            ]
          ]
        ]
      },
      {
        "psnr": 13.01961612701416,
        "distortion": 0.07818140089511871,
        "rotation_rmse": 7.815085411071777,
        "translation_rmse_100": 22.20787811279297,
        "t_final": [
          [
            [
              0.99951171875,
              -0.0029010772705078125,
              0.038543701171875,
              -0.15468387305736542
            ],
            [
              0.028106689453125,
              0.7392578125,
              -0.6728515625,
              0.10971798747777939
            ],
            [
              -0.0265350341796875,
              0.67333984375,
              0.73876953125,
              0.08953817933797836
            ]
          ]
        ]
      },
      {
        "psnr": 13.199454307556152,
        "distortion": 0.08834066241979599,
        "rotation_rmse": 3.8553664684295654,
        "translation_rmse_100": 33.788185119628906,
        "t_final": [
          [
            [
              0.998046875,
              0.029815673828125,
              -0.050079345703125,
              -0.2323005348443985
            ],
            [
              -0.048431396484375,
              0.90234375,
              -0.4287109375,
              0.5008775591850281
            ],
            [
              0.03240966796875,
              0.430419921875,
              0.90185546875,
              -0.032096099108457565
            ]
          ]
        ]
      },
      {
        "psnr": 13.272247314453125,
        "distortion": 0.11649326235055923,
        "rotation_rmse": 23.844175338745117,
        "translation_rmse_100": 41.95900344848633,
        "t_final": [
          [
            [
              0.787109375,
              -0.4521484375,
              0.41943359375,
              -0.026482844725251198
            ],
            [
              0.61572265625,
              0.5419921875,
              -0.5712890625,
              -0.3719795346260071
            ],
            [
              0.031097412109375,
              0.7080078125,
              0.70556640625,
              0.03644473850727081
            ]
          ]
        ]
      },
      {
        "psnr": 12.939558982849121,
        "distortion": 0.12728382647037506,
        "rotation_rmse": 11.092025756835938,
        "translation_rmse_100": 41.746849060058594,
        "t_final": [
          [
            [
              0.990234375,
              -0.07415771484375,
              0.11968994140625,
              0.32932180166244507
            ],
            [
              0.1378173828125,
              0.68408203125,
              -0.71630859375,
              0.04709893837571144
            ],
            [
              -0.0287322998046875,
              0.7255859375,
              0.6875,
              -0.009131697937846184
            ]
          ]
        ]
      },
      {
        "psnr": 13.250746726989746,
        "distortion": 0.15877047181129456,
        "rotation_rmse": 3.594784736633301,
        "translation_rmse_100": 61.285953521728516,
        "t_final": [
          [
            [
              0.99853515625,
              -0.0300140380859375,
              0.043975830078125,
              0.7096065878868103
            ],
            [
              0.049591064453125,
              0.8251953125,
              -0.5625,
              -0.027574151754379272
            ],
            [
              -0.0194244384765625,
              0.56396484375,
              0.82568359375,
              -0.04021289199590683
            ]
          ]
        ]
      },
      {
        "psnr": 13.11703109741211,
        "distortion": 0.13319019973278046,
        "rotation_rmse": 2.826652765274048,
        "translation_rmse_100": 46.41618347167969,
        "t_final": [
          [
            [
              0.99951171875,
              -0.0164794921875,
              0.017242431640625,
              0.43495506048202515
            ],
            [
              0.0232086181640625,
              0.8388671875,
              -0.54345703125,
              0.2221023142337799
            ],
            [
              -0.005504608154296875,
              0.5439453125,
              0.83935546875,
              -0.030101068317890167
            ]
          ]
        ]
      },
      {
        "psnr": 13.29053783416748,
        "distortion": 0.17209434509277344,
        "rotation_rmse": 2.458843469619751,
        "translation_rmse_100": 92.85289001464844,
        "t_final": [
          [
            [
              0.99951171875,
              0.0167388916015625,
              0.009918212890625,
              1.2533944845199585
            ],
            [
              -0.00875091552734375,
              0.84228515625,
              -0.53955078125,
              0.014253363013267517
            ],
            [
              -0.0173797607421875,
              0.5390625,
              0.841796875,
              -0.2042834609746933
            ]
          ]
        ]
      },
      {
        "psnr": 13.166176795959473,
        "distortion": 0.0675143152475357,
        "rotation_rmse": 12.144010543823242,
        "translation_rmse_100": 28.24466896057129,
        "t_final": [
          [
            [
              0.96826171875,
              -0.2120361328125,
              0.1337890625,
              -0.3247470259666443
            ],
            [
              0.2454833984375,
              0.693359375,
              -0.677734375,
              -0.051482200622558594
            ],
            [
              0.050872802734375,
              0.6884765625,
              0.72314453125,
              0.05673046410083771
            ]
          ]
        ]
      }
    ]
  }
}