{
  "horns_0_100_even_odd": {
    "best": {
      "psnr": 25.12097930908203,
      "distortion": 0.023476259782910347,
      "rotation_rmse": 0.01669161021709442,
      "translation_rmse_100": 0.09838766604661942,
      "t_final": [
        [
          [
            0.8564453125,
            0.1358642578125,
            0.49853515625,
            -0.045548826456069946
          ],
          [
            0.034210205078125,
            0.94775390625,
            -0.317138671875,
            0.12859246134757996
          ],
          [
            -0.515625,
            0.28857421875,
            0.806640625,
            -0.2375398576259613
          ]
        ]
      ]
    },
    "stats_list": [
      {
        "psnr": 25.12097930908203,
        "distortion": 0.023476259782910347,
        "rotation_rmse": 0.01669161021709442,
        "translation_rmse_100": 0.09838766604661942,
        "t_final": [
          [
            [
              0.8564453125,
              0.1358642578125,
              0.49853515625,
              -0.045548826456069946
            ],
            [
              0.034210205078125,
              0.94775390625,
              -0.317138671875,
              0.12859246134757996
            ],
            [
              -0.515625,
              0.28857421875,
              0.806640625,
              -0.2375398576259613
            ]
          ]
        ]
      },
      {
        "psnr": 11.391108512878418,
        "distortion": 0.17948895692825317,
        "rotation_rmse": 34.302757263183594,
        "translation_rmse_100": 52.21691131591797,
        "t_final": [
          [
            [
              0.8076171875,
              -0.54541015625,
              -0.2242431640625,
              0.5120530724525452
            ],
            [
              0.498779296875,
              0.8349609375,
              -0.2335205078125,
              -0.5787056088447571
            ],
            [
              0.314453125,
              0.0767822265625,
              0.9462890625,
              -0.3285715878009796
            ]
          ]
        ]
      },
      {
        "psnr": 11.485631942749023,
        "distortion": 0.21115705370903015,
        "rotation_rmse": 13.003920555114746,
        "translation_rmse_100": 44.12814712524414,
        "t_final": [
          [
            [
              0.94775390625,
              -0.082275390625,
              0.308837890625,
              0.5154050588607788
            ],
            [
              0.21630859375,
              0.87646484375,
              -0.430419921875,
              0.5090029835700989
            ],
            [
              -0.2352294921875,
              0.474609375,
              0.84814453125,
              0.11869789659976959
            ]
          ]
        ]
      },
      {
        "psnr": 11.476993560791016,
        "distortion": 0.1427169293165207,
        "rotation_rmse": 21.65981101989746,
        "translation_rmse_100": 36.39204025268555,
        "t_final": [
          [
            [
              0.8310546875,
              -0.11614990234375,
              0.5439453125,
              -0.025994393974542618
            ],
            [
              0.43798828125,
              0.7392578125,
              -0.51171875,
              -0.04569409415125847
            ],
            [
              -0.342529296875,
              0.6630859375,
              0.66552734375,
              -0.8429384827613831
            ]
          ]
        ]
      },
      {
        "psnr": 25.031278610229492,
        "distortion": 0.023665035143494606,
        "rotation_rmse": 0.016874607652425766,
        "translation_rmse_100": 0.08860145509243011,
        "t_final": [
          [
            [
              0.8564453125,
              0.1358642578125,
              0.49853515625,
              -0.045395273715257645
            ],
            [
              0.0341796875,
              0.94775390625,
              -0.317138671875,
              0.12874829769134521
            ],
            [
              -0.515625,
              0.28857421875,
              0.806640625,
              -0.23758061230182648
            ]
          ]
        ]
      },
      {
        "psnr": 25.073657989501953,
        "distortion": 0.02344389632344246,
        "rotation_rmse": 0.019596394151449203,
        "translation_rmse_100": 0.107190802693367,
        "t_final": [
          [
            [
              0.85595703125,
              0.135986328125,
              0.49853515625,
              -0.045707061886787415
            ],
            [
              0.03399658203125,
              0.94775390625,
              -0.317138671875,
              0.12864603102207184
            ],
            [
              -0.515625,
              0.288330078125,
              0.806640625,
              -0.2376294881105423
            ]
          ]
        ]
      },
      {
        "psnr": 25.029367446899414,
        "distortion": 0.023596826940774918,
        "rotation_rmse": 0.01604633219540119,
        "translation_rmse_100": 0.11274206638336182,
        "t_final": [
          [
            [
              0.8564453125,
              0.1357421875,
              0.49853515625,
              -0.04580370709300041
            ],
            [
              0.03436279296875,
              0.94775390625,
              -0.317138671875,
              0.12864987552165985
            ],
            [
              -0.515625,
              0.28857421875,
              0.806640625,
              -0.23764127492904663
            ]
          ]
        ]
      },
      {
        "psnr": 11.33572006225586,
        "distortion": 0.23374806344509125,
        "rotation_rmse": 18.603487014770508,
        "translation_rmse_100": 81.59746551513672,
        "t_final": [
          [
            [
              0.91845703125,
              -0.022735595703125,
              0.39501953125,
              1.0385210514068604
            ],
            [
              0.2802734375,
              0.7421875,
              -0.60888671875,
              -0.3563748002052307
            ],
            [
              -0.279296875,
              0.669921875,
              0.68798828125,
              0.5308713912963867
            ]
          ]
        ]
      },
      {
        "psnr": 11.66469955444336,
        "distortion": 0.1660475730895996,
        "rotation_rmse": 10.602961540222168,
        "translation_rmse_100": 47.74185562133789,
        "t_final": [
          [
            [
              0.791015625,
              0.31494140625,
              0.5244140625,
              0.042180538177490234
            ],
            [
              0.04925537109375,
              0.82177734375,
              -0.56787109375,
              -0.4747409522533417
            ],
            [
              -0.609375,
              0.47509765625,
              0.634765625,
              -0.7961381673812866
            ]
          ]
        ]
      },
      {
        "psnr": 11.790549278259277,
        "distortion": 0.16623921692371368,
        "rotation_rmse": 28.390233993530273,
        "translation_rmse_100": 51.420040130615234,
        "t_final": [
          [
            [
              0.92041015625,
              -0.309814453125,
              0.2396240234375,
              -0.1757199764251709
            ],
            [
              0.385009765625,
              0.6044921875,
              -0.697265625,
              -0.5572226047515869
            ],
            [
              0.07135009765625,
              0.73388671875,
              0.67529296875,
              -0.7898951768875122
            ]
          ]
        ]
      }
    ]
  }
}