{
  "horns_50_50": {
    "best": {
      "psnr": 21.411386489868164,
      "distortion": 0.016929492354393005,
      "rotation_rmse": 0.018518708646297455,
      "translation_rmse_100": 0.016105132177472115,
      "t_final": [
        [
          [
            0.85595703125,
            0.1358642578125,
            0.499267578125,
            -0.043762415647506714
          ],
          [
            0.03466796875,
            0.94775390625,
            -0.3173828125,
            0.12911240756511688
          ],
          [
            -0.51611328125,
            0.288818359375,
            0.80615234375,
            -0.2374737411737442
          ]
        ]
      ]
    },
    "stats_list": [
      {
        "psnr": 11.487607955932617,
        "distortion": 0.18201430141925812,
        "rotation_rmse": 8.977581024169922,
        "translation_rmse_100": 74.05826568603516,
        "t_final": [
          [
            [
              0.89111328125,
              0.300537109375,
              0.34033203125,
              0.421395868062973
            ],
            [
              -0.1785888671875,
              0.9208984375,
              -0.345947265625,
              -0.8775641918182373
            ],
            [
              -0.41748046875,
              0.2474365234375,
              0.87451171875,
              -0.8825310468673706
            ]
          ]
        ]
      },
      {
        "psnr": 10.96843433380127,
        "distortion": 0.21367961168289185,
        "rotation_rmse": 13.16450309753418,
        "translation_rmse_100": 76.7022933959961,
        "t_final": [
          [
            [
              0.95458984375,
              -0.0203399658203125,
              0.296875,
              0.7975094318389893
            ],
            [
              0.1719970703125,
              0.85205078125,
              -0.49462890625,
              -0.3155842423439026
            ],
            [
              -0.2427978515625,
              0.5234375,
              0.81689453125,
              0.6895848512649536
            ]
          ]
        ]
      },
      {
        "psnr": 21.194507598876953,
        "distortion": 0.01699235290288925,
        "rotation_rmse": 0.018891591578722,
        "translation_rmse_100": 0.04534626007080078,
        "t_final": [
          [
            [
              0.85595703125,
              0.1357421875,
              0.4990234375,
              -0.044611603021621704
            ],
            [
              0.034698486328125,
              0.94775390625,
              -0.3173828125,
              0.12892505526542664
            ],
            [
              -0.51611328125,
              0.288818359375,
              0.80615234375,
              -0.23728786408901215
            ]
          ]
        ]
      },
      {
        "psnr": 11.180827140808105,
        "distortion": 0.19270528852939606,
        "rotation_rmse": 12.714322090148926,
        "translation_rmse_100": 55.63484573364258,
        "t_final": [
          [
            [
              0.91748046875,
              0.255126953125,
              0.3046875,
              0.8031263947486877
            ],
            [
              0.0016613006591796875,
              0.76416015625,
              -0.64501953125,
              0.08927781879901886
            ],
            [
              -0.3974609375,
              0.5927734375,
              0.70068359375,
              -0.6953547596931458
            ]
          ]
        ]
      },
      {
        "psnr": 21.182510375976562,
        "distortion": 0.017074955627322197,
        "rotation_rmse": 0.022280318662524223,
        "translation_rmse_100": 0.011611868627369404,
        "t_final": [
          [
            [
              0.85595703125,
              0.135498046875,
              0.499267578125,
              -0.0437726154923439
            ],
            [
              0.034454345703125,
              0.94775390625,
              -0.31640625,
              0.12873207032680511
            ],
            [
              -0.51611328125,
              0.2880859375,
              0.806640625,
              -0.23765039443969727
            ]
          ]
        ]
      },
      {
        "psnr": 11.35360050201416,
        "distortion": 0.224618062376976,
        "rotation_rmse": 6.961794853210449,
        "translation_rmse_100": 101.12328338623047,
        "t_final": [
          [
            [
              0.89697265625,
              0.27099609375,
              0.348876953125,
              1.595084547996521
            ],
            [
              -0.1279296875,
              0.91552734375,
              -0.3818359375,
              -0.4593224823474884
            ],
            [
              -0.4228515625,
              0.2978515625,
              0.85595703125,
              -0.04868339002132416
            ]
          ]
        ]
      },
      {
        "psnr": 11.28298282623291,
        "distortion": 0.21652646362781525,
        "rotation_rmse": 14.740728378295898,
        "translation_rmse_100": 100.66600799560547,
        "t_final": [
          [
            [
              0.9140625,
              0.08349609375,
              0.3974609375,
              1.6890382766723633
            ],
            [
              0.186279296875,
              0.783203125,
              -0.59326171875,
              -0.022001177072525024
            ],
            [
              -0.36083984375,
              0.61572265625,
              0.7001953125,
              -0.11761177331209183
            ]
          ]
        ]
      },
      {
        "psnr": 11.279595375061035,
        "distortion": 0.22686031460762024,
        "rotation_rmse": 7.088407039642334,
        "translation_rmse_100": 97.05189514160156,
        "t_final": [
          [
            [
              0.89599609375,
              0.187255859375,
              0.40283203125,
              1.5192842483520508
            ],
            [
              0.04205322265625,
              0.8671875,
              -0.496337890625,
              -0.43712884187698364
            ],
            [
              -0.4423828125,
              0.461669921875,
              0.76904296875,
              0.011356713250279427
            ]
          ]
        ]
      },
      {
        "psnr": 9.81449031829834,
        "distortion": 0.014143862761557102,
        "rotation_rmse": 7.376343727111816,
        "translation_rmse_100": 29.77437400817871,
        "t_final": [
          [
            [
              0.9384765625,
              0.006793975830078125,
              0.34521484375,
              -0.4436438977718353
            ],
            [
              0.07373046875,
              0.97265625,
              -0.2196044921875,
              -0.16383107006549835
            ],
            [
              -0.33740234375,
              0.2315673828125,
              0.91259765625,
              -0.3805778920650482
            ]
          ]
        ]
      },
      {
        "psnr": 21.411386489868164,
        "distortion": 0.016929492354393005,
        "rotation_rmse": 0.018518708646297455,
        "translation_rmse_100": 0.016105132177472115,
        "t_final": [
          [
            [
              0.85595703125,
              0.1358642578125,
              0.499267578125,
              -0.043762415647506714
            ],
            [
              0.03466796875,
              0.94775390625,
              -0.3173828125,
              0.12911240756511688
            ],
            [
              -0.51611328125,
              0.288818359375,
              0.80615234375,
              -0.2374737411737442
            ]
          ]
        ]
      }
    ]
  }
}