{
  "trex_30_70_even_odd": {
    "best": {
      "psnr": 23.95027732849121,
      "distortion": 0.012380275875329971,
      "rotation_rmse": 0.018323907628655434,
      "translation_rmse_100": 0.238828644156456,
      "t_final": [
        [
          [
            0.79052734375,
            -0.07952880859375,
            0.60693359375,
            -0.2517804205417633
          ],
          [
            0.35693359375,
            0.865234375,
            -0.351806640625,
            -0.06884108483791351
          ],
          [
            -0.497314453125,
            0.494873046875,
            0.71240234375,
            -0.19754400849342346
          ]
        ]
      ]
    },
    "stats_list": [
      {
        "psnr": 11.679622650146484,
        "distortion": 0.20023812353610992,
        "rotation_rmse": 10.072833061218262,
        "translation_rmse_100": 74.27545166015625,
        "t_final": [
          [
            [
              0.75634765625,
              -0.2802734375,
              0.59130859375,
              0.5698074102401733
            ],
            [
              0.377197265625,
              0.9248046875,
              -0.044036865234375,
              0.9219775795936584
            ],
            [
              -0.53466796875,
              0.25634765625,
              0.80517578125,
              -0.11952842772006989
            ]
          ]
        ]
      },
      {
        "psnr": 11.583549499511719,
        "distortion": 0.18691611289978027,
        "rotation_rmse": 15.270352363586426,
        "translation_rmse_100": 60.061771392822266,
        "t_final": [
          [
            [
              0.8779296875,
              -0.1812744140625,
              0.443115234375,
              0.5936387777328491
            ],
            [
              0.23583984375,
              0.96923828125,
              -0.0706787109375,
              -0.13551223278045654
            ],
            [
              -0.41650390625,
              0.1666259765625,
              0.8935546875,
              0.41075047850608826
            ]
          ]
        ]
      },
      {
        "psnr": 11.65231990814209,
        "distortion": 0.19983737170696259,
        "rotation_rmse": 18.93336296081543,
        "translation_rmse_100": 55.69750213623047,
        "t_final": [
          [
            [
              0.462158203125,
              -0.595703125,
              0.6572265625,
              0.20170502364635468
            ],
            [
              0.64453125,
              0.734375,
              0.2122802734375,
              0.7378060817718506
            ],
            [
              -0.60888671875,
              0.325439453125,
              0.7236328125,
              0.08339545130729675
            ]
          ]
        ]
      },
      {
        "psnr": 11.664244651794434,
        "distortion": 0.20556212961673737,
        "rotation_rmse": 4.558615207672119,
        "translation_rmse_100": 78.8795166015625,
        "t_final": [
          [
            [
              0.83642578125,
              -0.1728515625,
              0.5205078125,
              1.0107173919677734
            ],
            [
              0.3974609375,
              0.84521484375,
              -0.357666015625,
              0.43011608719825745
            ],
            [
              -0.3779296875,
              0.505859375,
              0.775390625,
              -0.011453583836555481
            ]
          ]
        ]
      },
      {
        "psnr": 11.728853225708008,
        "distortion": 0.177023783326149,
        "rotation_rmse": 12.26162052154541,
        "translation_rmse_100": 64.0564193725586,
        "t_final": [
          [
            [
              0.7529296875,
              -0.211181640625,
              0.623046875,
              0.18515293300151825
            ],
            [
              0.5703125,
              0.681640625,
              -0.458251953125,
              0.8616253733634949
            ],
            [
              -0.327880859375,
              0.70068359375,
              0.6337890625,
              0.22542394697666168
            ]
          ]
        ]
      },
      {
        "psnr": 11.622727394104004,
        "distortion": 0.1387481987476349,
        "rotation_rmse": 18.013019561767578,
        "translation_rmse_100": 12.790732383728027,
        "t_final": [
          [
            [
              0.6123046875,
              -0.6455078125,
              0.456298828125,
              -0.1717856377363205
            ],
            [
              0.68896484375,
              0.71875,
              0.091796875,
              0.10335331410169601
            ],
            [
              -0.38720703125,
              0.258056640625,
              0.884765625,
              -0.07976686209440231
            ]
          ]
        ]
      },
      {
        "psnr": 11.77370548248291,
        "distortion": 0.1918300837278366,
        "rotation_rmse": 6.789092540740967,
        "translation_rmse_100": 30.850034713745117,
        "t_final": [
          [
            [
              0.71875,
              -0.2998046875,
              0.62744140625,
              0.08874795585870743
            ],
            [
              0.494140625,
              0.85498046875,
              -0.1572265625,
              0.2963619828224182
            ],
            [
              -0.489501953125,
              0.423095703125,
              0.7626953125,
              0.0008959844708442688
            ]
          ]
        ]
      },
      {
        "psnr": 23.95027732849121,
        "distortion": 0.012380275875329971,
        "rotation_rmse": 0.018323907628655434,
        "translation_rmse_100": 0.238828644156456,
        "t_final": [
          [
            [
              0.79052734375,
              -0.07952880859375,
              0.60693359375,
              -0.2517804205417633
            ],
            [
              0.35693359375,
              0.865234375,
              -0.351806640625,
              -0.06884108483791351
            ],
            [
              -0.497314453125,
              0.494873046875,
              0.71240234375,
              -0.19754400849342346
            ]
          ]
        ]
      },
      {
        "psnr": 11.642951011657715,
        "distortion": 0.17195791006088257,
        "rotation_rmse": 15.478269577026367,
        "translation_rmse_100": 58.23983383178711,
        "t_final": [
          [
            [
              0.8037109375,
              -0.169921875,
              0.56982421875,
              0.0578593909740448
            ],
            [
              0.54443359375,
              0.59619140625,
              -0.59033203125,
              0.8076660633087158
            ],
            [
              -0.239501953125,
              0.78466796875,
              0.57177734375,
              0.19859884679317474
            ]
          ]
        ]
      },
      {
        "psnr": 11.699199676513672,
        "distortion": 0.18590544164180756,
        "rotation_rmse": 6.291529178619385,
        "translation_rmse_100": 83.58680725097656,
        "t_final": [
          [
            [
              0.85205078125,
              -0.11846923828125,
              0.51025390625,
              0.6897304058074951
            ],
            [
              0.298828125,
              0.91015625,
              -0.28759765625,
              -0.1325806826353073
            ],
            [
              -0.429931640625,
              0.3974609375,
              0.810546875,
              0.9039955139160156
            ]
          ]
        ]
      }
    ]
  }
}