{
  "fern_50_50": {
    "best": {
      "psnr": 21.575773239135742,
      "distortion": 0.017188744619488716,
      "rotation_rmse": 0.03207171708345413,
      "translation_rmse_100": 0.2055445909500122,
      "t_final": [
        [
          [
            0.91357421875,
            0.1807861328125,
            0.3642578125,
            -0.35775506496429443
          ],
          [
            0.10638427734375,
            0.75830078125,
            -0.64306640625,
            0.33100950717926025
          ],
          [
            -0.392333984375,
            0.62646484375,
            0.67333984375,
            0.07437159866094589
          ]
        ]
      ]
    },
    "stats_list": [
      {
        "psnr": 21.575773239135742,
        "distortion": 0.017188744619488716,
        "rotation_rmse": 0.03207171708345413,
        "translation_rmse_100": 0.2055445909500122,
        "t_final": [
          [
            [
              0.91357421875,
              0.1807861328125,
              0.3642578125,
              -0.35775506496429443
            ],
            [
              0.10638427734375,
              0.75830078125,
              -0.64306640625,
              0.33100950717926025
            ],
            [
              -0.392333984375,
              0.62646484375,
              0.67333984375,
              0.07437159866094589
            ]
          ]
        ]
      },
      {
        "psnr": 12.14783000946045,
        "distortion": 0.12451627850532532,
        "rotation_rmse": 11.811965942382812,
        "translation_rmse_100": 20.113384246826172,
        "t_final": [
          [
            [
              0.8623046875,
              -0.121826171875,
              0.491943359375,
              -0.040353745222091675
            ],
            [
              0.41845703125,
              0.71875,
              -0.5556640625,
              0.4813529849052429
            ],
            [
              -0.28564453125,
              0.6845703125,
              0.67041015625,
              0.08635959774255753
            ]
          ]
        ]
      },
      {
        "psnr": 12.033061981201172,
        "distortion": 0.13475900888442993,
        "rotation_rmse": 13.55134105682373,
        "translation_rmse_100": 41.45655822753906,
        "t_final": [
          [
            [
              0.84130859375,
              -0.1937255859375,
              0.50439453125,
              0.2861604690551758
            ],
            [
              0.46630859375,
              0.73193359375,
              -0.496826171875,
              0.650518000125885
            ],
            [
              -0.27294921875,
              0.6533203125,
              0.70654296875,
              0.13091087341308594
            ]
          ]
        ]
      },
      {
        "psnr": 11.53405475616455,
        "distortion": 0.09471647441387177,
        "rotation_rmse": 27.28726577758789,
        "translation_rmse_100": 6.946281909942627,
        "t_final": [
          [
            [
              0.572265625,
              -0.54833984375,
              0.60986328125,
              -0.35968253016471863
            ],
            [
              0.591796875,
              0.791015625,
              0.15576171875,
              0.35905930399894714
            ],
            [
              -0.56787109375,
              0.271728515625,
              0.77685546875,
              -0.04240591824054718
            ]
          ]
        ]
      },
      {
        "psnr": 13.604215621948242,
        "distortion": 0.021570445969700813,
        "rotation_rmse": 8.457990646362305,
        "translation_rmse_100": 10.662461280822754,
        "t_final": [
          [
            [
              0.88916015625,
              -0.07379150390625,
              0.451416015625,
              -0.4877665638923645
            ],
            [
              0.32861328125,
              0.7890625,
              -0.5185546875,
              0.21589431166648865
            ],
            [
              -0.31787109375,
              0.609375,
              0.72607421875,
              0.0186777226626873
            ]
          ]
        ]
      },
      {
        "psnr": 21.514789581298828,
        "distortion": 0.01707308739423752,
        "rotation_rmse": 0.016414670273661613,
        "translation_rmse_100": 0.21161870658397675,
        "t_final": [
          [
            [
              0.9130859375,
              0.180419921875,
              0.365234375,
              -0.3578763008117676
            ],
            [
              0.10699462890625,
              0.7587890625,
              -0.642578125,
              0.33077728748321533
            ],
            [
              -0.39306640625,
              0.6259765625,
              0.67333984375,
              0.07442153245210648
            ]
          ]
        ]
      },
      {
        "psnr": 11.877737045288086,
        "distortion": 0.032131049782037735,
        "rotation_rmse": 18.35725975036621,
        "translation_rmse_100": 23.77597427368164,
        "t_final": [
          [
            [
              0.7353515625,
              -0.302490234375,
              0.60595703125,
              -0.6984221339225769
            ],
            [
              0.458984375,
              0.880859375,
              -0.1173095703125,
              0.1444641500711441
            ],
            [
              -0.498291015625,
              0.364501953125,
              0.78662109375,
              -0.05386694520711899
            ]
          ]
        ]
      },
      {
        "psnr": 21.524337768554688,
        "distortion": 0.017076866701245308,
        "rotation_rmse": 0.013195851817727089,
        "translation_rmse_100": 0.21787996590137482,
        "t_final": [
          [
            [
              0.91357421875,
              0.180419921875,
              0.36474609375,
              -0.35798531770706177
            ],
            [
              0.10693359375,
              0.75830078125,
              -0.64306640625,
              0.3307686150074005
            ],
            [
              -0.392578125,
              0.62646484375,
              0.67333984375,
              0.07435142248868942
            ]
          ]
        ]
      },
      {
        "psnr": 11.522086143493652,
        "distortion": 0.08380307257175446,
        "rotation_rmse": 29.38355827331543,
        "translation_rmse_100": 3.988771915435791,
        "t_final": [
          [
            [
              0.48876953125,
              -0.56396484375,
              0.66552734375,
              -0.38288891315460205
            ],
            [
              0.71728515625,
              0.69384765625,
              0.06121826171875,
              0.27835527062416077
            ],
            [
              -0.496337890625,
              0.447509765625,
              0.744140625,
              0.10925545543432236
            ]
          ]
        ]
      },
      {
        "psnr": 21.485597610473633,
        "distortion": 0.017110634595155716,
        "rotation_rmse": 0.0387362577021122,
        "translation_rmse_100": 0.21567316353321075,
        "t_final": [
          [
            [
              0.91357421875,
              0.1810302734375,
              0.3642578125,
              -0.3579215109348297
            ],
            [
              0.10614013671875,
              0.75830078125,
              -0.64306640625,
              0.33109867572784424
            ],
            [
              -0.392578125,
              0.6259765625,
              0.67333984375,
              0.07435670495033264
            ]
          ]
        ]
      }
    ]
  }
}