{
  "horns_50_50": {
    "best": {
      "psnr": 20.803861618041992,
      "distortion": 0.01690255105495453,
      "rotation_rmse": 0.010630542412400246,
      "translation_rmse_100": 0.09235218167304993,
      "t_final": [
        [
          [
            0.85595703125,
            0.1358642578125,
            0.498779296875,
            -0.045451510697603226
          ],
          [
            0.034149169921875,
            0.94775390625,
            -0.317138671875,
            0.12865379452705383
          ],
          [
            -0.515625,
            0.28857421875,
            0.806640625,
            -0.23748135566711426
          ]
        ]
      ]
    },
    "stats_list": [
      {
        "psnr": 11.437399864196777,
        "distortion": 0.18796642124652863,
        "rotation_rmse": 8.686739921569824,
        "translation_rmse_100": 69.75990295410156,
        "t_final": [
          [
            [
              0.95751953125,
              0.131591796875,
              0.256103515625,
              0.3521471321582794
            ],
            [
              -0.02740478515625,
              0.92724609375,
              -0.3740234375,
              -0.8543725609779358
            ],
            [
              -0.28662109375,
              0.35107421875,
              0.8916015625,
              -0.8174935579299927
            ]
          ]
        ]
      },
      {
        "psnr": 11.181183815002441,
        "distortion": 0.2245289385318756,
        "rotation_rmse": 10.122941017150879,
        "translation_rmse_100": 106.1214599609375,
        "t_final": [
          [
            [
              0.9423828125,
              0.16064453125,
              0.29296875,
              1.1123491525650024
            ],
            [
              0.0223236083984375,
              0.8447265625,
              -0.53515625,
              -0.5885879993438721
            ],
            [
              -0.333251953125,
              0.5107421875,
              0.79248046875,
              0.9981808662414551
            ]
          ]
        ]
      },
      {
        "psnr": 20.792560577392578,
        "distortion": 0.017016775906085968,
        "rotation_rmse": 0.008844667114317417,
        "translation_rmse_100": 0.17703261971473694,
        "t_final": [
          [
            [
              0.85595703125,
              0.135986328125,
              0.4990234375,
              -0.04689587280154228
            ],
            [
              0.03424072265625,
              0.94775390625,
              -0.317138671875,
              0.12840379774570465
            ],
            [
              -0.51611328125,
              0.288330078125,
              0.806640625,
              -0.23740926384925842
            ]
          ]
        ]
      },
      {
        "psnr": 9.862545013427734,
        "distortion": 0.10285559296607971,
        "rotation_rmse": 21.09438133239746,
        "translation_rmse_100": 30.691268920898438,
        "t_final": [
          [
            [
              0.87646484375,
              -0.340087890625,
              0.3408203125,
              0.22867608070373535
            ],
            [
              0.463134765625,
              0.7890625,
              -0.40380859375,
              -0.11178165674209595
            ],
            [
              -0.131591796875,
              0.51171875,
              0.84912109375,
              -0.6253383159637451
            ]
          ]
        ]
      },
      {
        "psnr": 20.803861618041992,
        "distortion": 0.01690255105495453,
        "rotation_rmse": 0.010630542412400246,
        "translation_rmse_100": 0.09235218167304993,
        "t_final": [
          [
            [
              0.85595703125,
              0.1358642578125,
              0.498779296875,
              -0.045451510697603226
            ],
            [
              0.034149169921875,
              0.94775390625,
              -0.317138671875,
              0.12865379452705383
            ],
            [
              -0.515625,
              0.28857421875,
              0.806640625,
              -0.23748135566711426
            ]
          ]
        ]
      },
      {
        "psnr": 11.33688735961914,
        "distortion": 0.21553878486156464,
        "rotation_rmse": 8.029816627502441,
        "translation_rmse_100": 73.41546630859375,
        "t_final": [
          [
            [
              0.90234375,
              0.295166015625,
              0.313720703125,
              0.7322520613670349
            ],
            [
              -0.151123046875,
              0.89892578125,
              -0.410888671875,
              0.641696572303772
            ],
            [
              -0.4033203125,
              0.3232421875,
              0.85595703125,
              0.6294169425964355
            ]
          ]
        ]
      },
      {
        "psnr": 10.937112808227539,
        "distortion": 0.1509016454219818,
        "rotation_rmse": 4.875828266143799,
        "translation_rmse_100": 25.262144088745117,
        "t_final": [
          [
            [
              0.7861328125,
              0.2325439453125,
              0.572265625,
              0.2964102625846863
            ],
            [
              -0.0304107666015625,
              0.93994140625,
              -0.340087890625,
              0.11223307251930237
            ],
            [
              -0.6171875,
              0.25,
              0.74609375,
              -0.5120944380760193
            ]
          ]
        ]
      },
      {
        "psnr": 11.27674674987793,
        "distortion": 0.20380939543247223,
        "rotation_rmse": 13.056172370910645,
        "translation_rmse_100": 93.31734466552734,
        "t_final": [
          [
            [
              0.91845703125,
              0.158203125,
              0.36279296875,
              1.5593154430389404
            ],
            [
              0.1044921875,
              0.787109375,
              -0.60791015625,
              -0.06931997835636139
            ],
            [
              -0.3818359375,
              0.59619140625,
              0.7060546875,
              -0.1829967051744461
            ]
          ]
        ]
      },
      {
        "psnr": 10.615947723388672,
        "distortion": 0.035921793431043625,
        "rotation_rmse": 10.62424087524414,
        "translation_rmse_100": 52.83574295043945,
        "t_final": [
          [
            [
              0.96484375,
              0.1722412109375,
              0.199462890625,
              -0.6138094067573547
            ],
            [
              -0.09033203125,
              0.92724609375,
              -0.36376953125,
              -0.3639383912086487
            ],
            [
              -0.24755859375,
              0.332763671875,
              0.91015625,
              -0.75694739818573
            ]
          ]
        ]
      },
      {
        "psnr": 20.765256881713867,
        "distortion": 0.016819167882204056,
        "rotation_rmse": 0.031027723103761673,
        "translation_rmse_100": 0.14160019159317017,
        "t_final": [
          [
            [
              0.85595703125,
              0.1348876953125,
              0.4990234375,
              -0.04627339914441109
            ],
            [
              0.03509521484375,
              0.94775390625,
              -0.316650390625,
              0.12843427062034607
            ],
            [
              -0.515625,
              0.28857421875,
              0.806640625,
              -0.23732928931713104
            ]
          ]
        ]
      }
    ]
  }
}