{
  "room_0_100_even_odd": {
    "best": {
      "psnr": 28.48354148864746,
      "distortion": 0.008343560621142387,
      "rotation_rmse": 0.008993824943900108,
      "translation_rmse_100": 0.13503792881965637,
      "t_final": [
        [
          [
            0.99853515625,
            0.0201416015625,
            0.048065185546875,
            -0.20159684121608734
          ],
          [
            0.005619049072265625,
            0.875,
            -0.483642578125,
            0.19059671461582184
          ],
          [
            -0.051788330078125,
            0.4833984375,
            0.8740234375,
            0.46312204003334045
          ]
        ]
      ]
    },
    "stats_list": [
      {
        "psnr": 28.418684005737305,
        "distortion": 0.008207719773054123,
        "rotation_rmse": 0.01153015810996294,
        "translation_rmse_100": 0.13083960115909576,
        "t_final": [
          [
            [
              0.99853515625,
              0.020172119140625,
              0.048126220703125,
              -0.20152075588703156
            ],
            [
              0.0056304931640625,
              0.875,
              -0.483642578125,
              0.1905292272567749
            ],
            [
              -0.0518798828125,
              0.4833984375,
              0.8740234375,
              0.4631752669811249
            ]
          ]
        ]
      },
      {
        "psnr": 28.402421951293945,
        "distortion": 0.008205492049455643,
        "rotation_rmse": 0.017675070092082024,
        "translation_rmse_100": 0.1380176544189453,
        "t_final": [
          [
            [
              0.99853515625,
              0.0197601318359375,
              0.04833984375,
              -0.20161741971969604
            ],
            [
              0.0060882568359375,
              0.875,
              -0.483642578125,
              0.19022904336452484
            ],
            [
              -0.051849365234375,
              0.4833984375,
              0.8740234375,
              0.4632713496685028
            ]
          ]
        ]
      },
      {
        "psnr": 28.43047332763672,
        "distortion": 0.008220530115067959,
        "rotation_rmse": 0.003518599085509777,
        "translation_rmse_100": 0.1398293524980545,
        "t_final": [
          [
            [
              0.99853515625,
              0.0200042724609375,
              0.047943115234375,
              -0.2016867846250534
            ],
            [
              0.00568389892578125,
              0.875,
              -0.483642578125,
              0.190514475107193
            ],
            [
              -0.0516357421875,
              0.4833984375,
              0.8740234375,
              0.4629174768924713
            ]
          ]
        ]
      },
      {
        "psnr": 13.38337230682373,
        "distortion": 0.12330112606287003,
        "rotation_rmse": 3.126296043395996,
        "translation_rmse_100": 27.034854888916016,
        "t_final": [
          [
            [
              0.99951171875,
              0.03167724609375,
              -0.0014314651489257812,
              0.26584458351135254
            ],
            [
              -0.0294189453125,
              0.90966796875,
              -0.414306640625,
              0.137095645070076
            ],
            [
              -0.011810302734375,
              0.4140625,
              0.91015625,
              0.4537818133831024
            ]
          ]
        ]
      },
      {
        "psnr": 12.578669548034668,
        "distortion": 0.13797752559185028,
        "rotation_rmse": 13.893254280090332,
        "translation_rmse_100": 46.55150604248047,
        "t_final": [
          [
            [
              0.93017578125,
              -0.03466796875,
              0.364990234375,
              0.2789119780063629
            ],
            [
              0.265625,
              0.75,
              -0.60546875,
              -0.45868080854415894
            ],
            [
              -0.252685546875,
              0.66064453125,
              0.70703125,
              0.4645842909812927
            ]
          ]
        ]
      },
      {
        "psnr": 28.44583511352539,
        "distortion": 0.008134582079946995,
        "rotation_rmse": 0.006798193324357271,
        "translation_rmse_100": 0.13199186325073242,
        "t_final": [
          [
            [
              0.99853515625,
              0.019927978515625,
              0.04803466796875,
              -0.20154394209384918
            ],
            [
              0.005794525146484375,
              0.875,
              -0.483642578125,
              0.1903882920742035
            ],
            [
              -0.05169677734375,
              0.4833984375,
              0.8740234375,
              0.4630885124206543
            ]
          ]
        ]
      },
      {
        "psnr": 28.37619972229004,
        "distortion": 0.008444216102361679,
        "rotation_rmse": 0.011360003612935543,
        "translation_rmse_100": 0.13925683498382568,
        "t_final": [
          [
            [
              0.99853515625,
              0.020172119140625,
              0.048095703125,
              -0.20166078209877014
            ],
            [
              0.005619049072265625,
              0.875,
              -0.48388671875,
              0.19035089015960693
            ],
            [
              -0.051849365234375,
              0.4833984375,
              0.8740234375,
              0.46318337321281433
            ]
          ]
        ]
      },
      {
        "psnr": 28.48354148864746,
        "distortion": 0.008343560621142387,
        "rotation_rmse": 0.008993824943900108,
        "translation_rmse_100": 0.13503792881965637,
        "t_final": [
          [
            [
              0.99853515625,
              0.0201416015625,
              0.048065185546875,
              -0.20159684121608734
            ],
            [
              0.005619049072265625,
              0.875,
              -0.483642578125,
              0.19059671461582184
            ],
            [
              -0.051788330078125,
              0.4833984375,
              0.8740234375,
              0.46312204003334045
            ]
          ]
        ]
      },
      {
        "psnr": 13.325448036193848,
        "distortion": 0.12186828255653381,
        "rotation_rmse": 2.8310933113098145,
        "translation_rmse_100": 28.110044479370117,
        "t_final": [
          [
            [
              0.99853515625,
              -0.03533935546875,
              0.03289794921875,
              0.2788175046443939
            ],
            [
              0.04595947265625,
              0.904296875,
              -0.424072265625,
              0.09837871789932251
            ],
            [
              -0.01477813720703125,
              0.42529296875,
              0.90478515625,
              0.4628160297870636
            ]
          ]
        ]
      },
      {
        "psnr": 13.002442359924316,
        "distortion": 0.17516487836837769,
        "rotation_rmse": 5.55543851852417,
        "translation_rmse_100": 59.448081970214844,
        "t_final": [
          [
            [
              0.994140625,
              0.0418701171875,
              0.10162353515625,
              0.6271517872810364
            ],
            [
              0.0293121337890625,
              0.7900390625,
              -0.6123046875,
              0.5804846286773682
            ],
            [
              -0.10589599609375,
              0.611328125,
              0.7841796875,
              -0.011576998978853226
            ]
          ]
        ]
      }
    ]
  }
}