{
  "fern_0_100_even_odd": {
    "best": {
      "psnr": 23.607288360595703,
      "distortion": 0.017645150423049927,
      "rotation_rmse": 0.022480877116322517,
      "translation_rmse_100": 0.025640904903411865,
      "t_final": [
        [
          [
            0.91357421875,
            0.18017578125,
            0.364990234375,
            -0.354194313287735
          ],
          [
            0.107177734375,
            0.7587890625,
            -0.642578125,
            0.3304823637008667
          ],
          [
            -0.392578125,
            0.6259765625,
            0.67333984375,
            0.07396308332681656
          ]
        ]
      ]
    },
    "stats_list": [
      {
        "psnr": 23.590848922729492,
        "distortion": 0.017667256295681,
        "rotation_rmse": 0.02246616967022419,
        "translation_rmse_100": 0.02501877397298813,
        "t_final": [
          [
            [
              0.91357421875,
              0.1802978515625,
              0.364990234375,
              -0.35442206263542175
            ],
            [
              0.1070556640625,
              0.7587890625,
              -0.642578125,
              0.33054402470588684
            ],
            [
              -0.392578125,
              0.6259765625,
              0.67333984375,
              0.07400962710380554
            ]
          ]
        ]
      },
      {
        "psnr": 23.594287872314453,
        "distortion": 0.017875386402010918,
        "rotation_rmse": 0.023273494094610214,
        "translation_rmse_100": 0.021140873432159424,
        "t_final": [
          [
            [
              0.91357421875,
              0.1805419921875,
              0.364990234375,
              -0.35419201850891113
            ],
            [
              0.1068115234375,
              0.7587890625,
              -0.642578125,
              0.33067047595977783
            ],
            [
              -0.392822265625,
              0.6259765625,
              0.67333984375,
              0.0740111842751503
            ]
          ]
        ]
      },
      {
        "psnr": 11.124857902526855,
        "distortion": 0.1337960958480835,
        "rotation_rmse": 21.018863677978516,
        "translation_rmse_100": 49.66166305541992,
        "t_final": [
          [
            [
              0.68798828125,
              -0.04156494140625,
              0.724609375,
              0.45690619945526123
            ],
            [
              0.56884765625,
              0.6513671875,
              -0.50244140625,
              0.05825575813651085
            ],
            [
              -0.451171875,
              0.75732421875,
              0.4716796875,
              0.16254019737243652
            ]
          ]
        ]
      },
      {
        "psnr": 23.550697326660156,
        "distortion": 0.017579179257154465,
        "rotation_rmse": 0.02575613185763359,
        "translation_rmse_100": 0.027986133471131325,
        "t_final": [
          [
            [
              0.91357421875,
              0.180419921875,
              0.36474609375,
              -0.3542381823062897
            ],
            [
              0.10699462890625,
              0.7587890625,
              -0.642578125,
              0.3305046260356903
            ],
            [
              -0.392578125,
              0.6259765625,
              0.67333984375,
              0.07391256839036942
            ]
          ]
        ]
      },
      {
        "psnr": 11.675432205200195,
        "distortion": 0.08962305635213852,
        "rotation_rmse": 15.630328178405762,
        "translation_rmse_100": 72.42147064208984,
        "t_final": [
          [
            [
              0.77978515625,
              0.0191650390625,
              0.62548828125,
              -0.2737330198287964
            ],
            [
              0.4580078125,
              0.66357421875,
              -0.59130859375,
              -0.9203366041183472
            ],
            [
              -0.4267578125,
              0.74755859375,
              0.5087890625,
              0.029338404536247253
            ]
          ]
        ]
      },
      {
        "psnr": 10.741266250610352,
        "distortion": 0.07544253766536713,
        "rotation_rmse": 23.355371475219727,
        "translation_rmse_100": 69.08369445800781,
        "t_final": [
          [
            [
              0.607421875,
              -0.300537109375,
              0.7353515625,
              0.40125709772109985
            ],
            [
              0.64892578125,
              0.7216796875,
              -0.240966796875,
              -0.5875160694122314
            ],
            [
              -0.458251953125,
              0.62353515625,
              0.63330078125,
              0.20858128368854523
            ]
          ]
        ]
      },
      {
        "psnr": 10.001494407653809,
        "distortion": 0.06340397149324417,
        "rotation_rmse": 14.517672538757324,
        "translation_rmse_100": 56.80095672607422,
        "t_final": [
          [
            [
              0.7998046875,
              -0.227783203125,
              0.55517578125,
              0.24177029728889465
            ],
            [
              0.437744140625,
              0.8544921875,
              -0.280029296875,
              -0.3533843755722046
            ],
            [
              -0.41064453125,
              0.467041015625,
              0.783203125,
              -0.3061649799346924
            ]
          ]
        ]
      },
      {
        "psnr": 23.607288360595703,
        "distortion": 0.017645150423049927,
        "rotation_rmse": 0.022480877116322517,
        "translation_rmse_100": 0.025640904903411865,
        "t_final": [
          [
            [
              0.91357421875,
              0.18017578125,
              0.364990234375,
              -0.354194313287735
            ],
            [
              0.107177734375,
              0.7587890625,
              -0.642578125,
              0.3304823637008667
            ],
            [
              -0.392578125,
              0.6259765625,
              0.67333984375,
              0.07396308332681656
            ]
          ]
        ]
      },
      {
        "psnr": 12.564535140991211,
        "distortion": 0.13066932559013367,
        "rotation_rmse": 12.660521507263184,
        "translation_rmse_100": 8.842888832092285,
        "t_final": [
          [
            [
              0.80322265625,
              -0.1490478515625,
              0.57666015625,
              -0.25428637862205505
            ],
            [
              0.400390625,
              0.8515625,
              -0.337890625,
              0.2162822037935257
            ],
            [
              -0.440673828125,
              0.50244140625,
              0.74365234375,
              0.05450969189405441
            ]
          ]
        ]
      },
      {
        "psnr": 11.65908432006836,
        "distortion": 0.15395605564117432,
        "rotation_rmse": 23.93702507019043,
        "translation_rmse_100": 23.89036750793457,
        "t_final": [
          [
            [
              0.58056640625,
              -0.37841796875,
              0.72119140625,
              -0.08320130407810211
            ],
            [
              0.5302734375,
              0.84765625,
              0.0182952880859375,
              0.021185439079999924
            ],
            [
              -0.6181640625,
              0.371826171875,
              0.69287109375,
              0.11923017352819443
            ]
          ]
        ]
      }
    ]
  }
}