{
  "trex_50_50": {
    "best": {
      "psnr": 23.187902450561523,
      "distortion": 0.01362665556371212,
      "rotation_rmse": 0.025065595284104347,
      "translation_rmse_100": 0.24216428399085999,
      "t_final": [
        [
          [
            0.791015625,
            -0.0797119140625,
            0.60693359375,
            -0.2518526613712311
          ],
          [
            0.35693359375,
            0.865234375,
            -0.3515625,
            -0.06869225203990936
          ],
          [
            -0.4970703125,
            0.49462890625,
            0.712890625,
            -0.1972847431898117
          ]
        ]
      ]
    },
    "stats_list": [
      {
        "psnr": 11.761329650878906,
        "distortion": 0.20964297652244568,
        "rotation_rmse": 16.22718620300293,
        "translation_rmse_100": 83.3472671508789,
        "t_final": [
          [
            [
              0.884765625,
              -0.008209228515625,
              0.466064453125,
              0.9130622744560242
            ],
            [
              0.1015625,
              0.97900390625,
              -0.175537109375,
              -0.10386697202920914
            ],
            [
              -0.454833984375,
              0.20263671875,
              0.8671875,
              -1.0550262928009033
            ]
          ]
        ]
      },
      {
        "psnr": 23.102436065673828,
        "distortion": 0.013593243435025215,
        "rotation_rmse": 0.019276654347777367,
        "translation_rmse_100": 0.2288241684436798,
        "t_final": [
          [
            [
              0.791015625,
              -0.079345703125,
              0.60693359375,
              -0.2516290545463562
            ],
            [
              0.35693359375,
              0.865234375,
              -0.351806640625,
              -0.06862702965736389
            ],
            [
              -0.4970703125,
              0.494873046875,
              0.712890625,
              -0.19741635024547577
            ]
          ]
        ]
      },
      {
        "psnr": 11.306807518005371,
        "distortion": 0.15670245885849,
        "rotation_rmse": 14.023591041564941,
        "translation_rmse_100": 38.92327880859375,
        "t_final": [
          [
            [
              0.9306640625,
              0.086181640625,
              0.35546875,
              0.3789226710796356
            ],
            [
              0.0653076171875,
              0.9169921875,
              -0.39306640625,
              -0.302200049161911
            ],
            [
              -0.35986328125,
              0.38916015625,
              0.84814453125,
              -0.11269544810056686
            ]
          ]
        ]
      },
      {
        "psnr": 11.077033996582031,
        "distortion": 0.06443686038255692,
        "rotation_rmse": 19.068527221679688,
        "translation_rmse_100": 15.56881332397461,
        "t_final": [
          [
            [
              0.7060546875,
              -0.5322265625,
              0.466552734375,
              -0.012877896428108215
            ],
            [
              0.7041015625,
              0.595703125,
              -0.38623046875,
              -0.1321536749601364
            ],
            [
              -0.072265625,
              0.60107421875,
              0.7958984375,
              -0.31368201971054077
            ]
          ]
        ]
      },
      {
        "psnr": 23.10407829284668,
        "distortion": 0.01348135806620121,
        "rotation_rmse": 0.025634603574872017,
        "translation_rmse_100": 0.24058811366558075,
        "t_final": [
          [
            [
              0.791015625,
              -0.07940673828125,
              0.6064453125,
              -0.2518369257450104
            ],
            [
              0.356689453125,
              0.865234375,
              -0.35205078125,
              -0.06857185810804367
            ],
            [
              -0.4970703125,
              0.494873046875,
              0.712890625,
              -0.19740599393844604
            ]
          ]
        ]
      },
      {
        "psnr": 11.200401306152344,
        "distortion": 0.1411864012479782,
        "rotation_rmse": 19.181596755981445,
        "translation_rmse_100": 31.32848358154297,
        "t_final": [
          [
            [
              0.84130859375,
              0.2318115234375,
              0.488525390625,
              -0.6789904832839966
            ],
            [
              -0.06060791015625,
              0.93798828125,
              -0.3408203125,
              -0.14128373563289642
            ],
            [
              -0.537109375,
              0.257080078125,
              0.80322265625,
              0.12363151460886002
            ]
          ]
        ]
      },
      {
        "psnr": 23.04805564880371,
        "distortion": 0.013629257678985596,
        "rotation_rmse": 0.010483583435416222,
        "translation_rmse_100": 0.24628548324108124,
        "t_final": [
          [
            [
              0.79052734375,
              -0.0792236328125,
              0.60693359375,
              -0.25191521644592285
            ],
            [
              0.356689453125,
              0.865234375,
              -0.35205078125,
              -0.06878466159105301
            ],
            [
              -0.497314453125,
              0.494873046875,
              0.71240234375,
              -0.19728034734725952
            ]
          ]
        ]
      },
      {
        "psnr": 23.040420532226562,
        "distortion": 0.01372199784964323,
        "rotation_rmse": 0.03972797468304634,
        "translation_rmse_100": 0.24422544240951538,
        "t_final": [
          [
            [
              0.79052734375,
              -0.08013916015625,
              0.607421875,
              -0.2518833875656128
            ],
            [
              0.357666015625,
              0.865234375,
              -0.35107421875,
              -0.06877551972866058
            ],
            [
              -0.497314453125,
              0.494873046875,
              0.712890625,
              -0.19743236899375916
            ]
          ]
        ]
      },
      {
        "psnr": 23.083913803100586,
        "distortion": 0.013706694357097149,
        "rotation_rmse": 0.018052922561764717,
        "translation_rmse_100": 0.24665804207324982,
        "t_final": [
          [
            [
              0.791015625,
              -0.079345703125,
              0.60693359375,
              -0.25194358825683594
            ],
            [
              0.35693359375,
              0.865234375,
              -0.35205078125,
              -0.06848885118961334
            ],
            [
              -0.4970703125,
              0.494873046875,
              0.71240234375,
              -0.19728811085224152
            ]
          ]
        ]
      },
      {
        "psnr": 23.187902450561523,
        "distortion": 0.01362665556371212,
        "rotation_rmse": 0.025065595284104347,
        "translation_rmse_100": 0.24216428399085999,
        "t_final": [
          [
            [
              0.791015625,
              -0.0797119140625,
              0.60693359375,
              -0.2518526613712311
            ],
            [
              0.35693359375,
              0.865234375,
              -0.3515625,
              -0.06869225203990936
            ],
            [
              -0.4970703125,
              0.49462890625,
              0.712890625,
              -0.1972847431898117
            ]
          ]
        ]
      }
    ]
  }
}