{
  "fern_30_70_even_odd": {
    "best": {
      "psnr": 21.777006149291992,
      "distortion": 0.017876798287034035,
      "rotation_rmse": 0.05864905193448067,
      "translation_rmse_100": 0.15342962741851807,
      "t_final": [
        [
          [
            0.9140625,
            0.1807861328125,
            0.36376953125,
            -0.35663217306137085
          ],
          [
            0.1058349609375,
            0.75830078125,
            -0.64306640625,
            0.3314473628997803
          ],
          [
            -0.39208984375,
            0.6259765625,
            0.673828125,
            0.07362134009599686
          ]
        ]
      ]
    },
    "stats_list": [
      {
        "psnr": 21.70891761779785,
        "distortion": 0.017830556258559227,
        "rotation_rmse": 0.04152713343501091,
        "translation_rmse_100": 0.2000499814748764,
        "t_final": [
          [
            [
              0.91357421875,
              0.1810302734375,
              0.364013671875,
              -0.3575696349143982
            ],
            [
              0.1060791015625,
              0.75830078125,
              -0.64306640625,
              0.33150142431259155
            ],
            [
              -0.392578125,
              0.62646484375,
              0.673828125,
              0.07427593320608139
            ]
          ]
        ]
      },
      {
        "psnr": 11.482983589172363,
        "distortion": 0.12600304186344147,
        "rotation_rmse": 25.758283615112305,
        "translation_rmse_100": 37.51895523071289,
        "t_final": [
          [
            [
              0.5546875,
              -0.453125,
              0.69775390625,
              0.2603248953819275
            ],
            [
              0.587890625,
              0.806640625,
              0.05682373046875,
              0.5369448661804199
            ],
            [
              -0.5888671875,
              0.379150390625,
              0.7138671875,
              0.12003129720687866
            ]
          ]
        ]
      },
      {
        "psnr": 21.71524429321289,
        "distortion": 0.018024658784270287,
        "rotation_rmse": 0.037036675959825516,
        "translation_rmse_100": 0.19299893081188202,
        "t_final": [
          [
            [
              0.91357421875,
              0.1802978515625,
              0.364501953125,
              -0.35750284790992737
            ],
            [
              0.106689453125,
              0.7587890625,
              -0.642578125,
              0.33106091618537903
            ],
            [
              -0.392333984375,
              0.6259765625,
              0.673828125,
              0.07394837588071823
            ]
          ]
        ]
      },
      {
        "psnr": 21.719951629638672,
        "distortion": 0.017856750637292862,
        "rotation_rmse": 0.03797883912920952,
        "translation_rmse_100": 0.18412727117538452,
        "t_final": [
          [
            [
              0.91357421875,
              0.1806640625,
              0.364501953125,
              -0.35735416412353516
            ],
            [
              0.1065673828125,
              0.7587890625,
              -0.642578125,
              0.3309793472290039
            ],
            [
              -0.392578125,
              0.6259765625,
              0.673828125,
              0.07393291592597961
            ]
          ]
        ]
      },
      {
        "psnr": 12.20763874053955,
        "distortion": 0.024004913866519928,
        "rotation_rmse": 17.007020950317383,
        "translation_rmse_100": 18.027587890625,
        "t_final": [
          [
            [
              0.69189453125,
              -0.02569580078125,
              0.7216796875,
              -0.6115949153900146
            ],
            [
              0.4609375,
              0.78515625,
              -0.4140625,
              0.17180003225803375
            ],
            [
              -0.5556640625,
              0.619140625,
              0.55517578125,
              0.15197262167930603
            ]
          ]
        ]
      },
      {
        "psnr": 21.777006149291992,
        "distortion": 0.017876798287034035,
        "rotation_rmse": 0.05864905193448067,
        "translation_rmse_100": 0.15342962741851807,
        "t_final": [
          [
            [
              0.9140625,
              0.1807861328125,
              0.36376953125,
              -0.35663217306137085
            ],
            [
              0.1058349609375,
              0.75830078125,
              -0.64306640625,
              0.3314473628997803
            ],
            [
              -0.39208984375,
              0.6259765625,
              0.673828125,
              0.07362134009599686
            ]
          ]
        ]
      },
      {
        "psnr": 11.829096794128418,
        "distortion": 0.06143151968717575,
        "rotation_rmse": 20.86045265197754,
        "translation_rmse_100": 16.942487716674805,
        "t_final": [
          [
            [
              0.6533203125,
              -0.305419921875,
              0.69287109375,
              -0.6121375560760498
            ],
            [
              0.455322265625,
              0.8896484375,
              -0.0372314453125,
              0.3156767189502716
            ],
            [
              -0.60498046875,
              0.33984375,
              0.72021484375,
              -0.06478434801101685
            ]
          ]
        ]
      },
      {
        "psnr": 21.773988723754883,
        "distortion": 0.01765778474509716,
        "rotation_rmse": 0.04541179537773132,
        "translation_rmse_100": 0.18377971649169922,
        "t_final": [
          [
            [
              0.91357421875,
              0.1805419921875,
              0.3642578125,
              -0.35733577609062195
            ],
            [
              0.1063232421875,
              0.7587890625,
              -0.642578125,
              0.3311830461025238
            ],
            [
              -0.392333984375,
              0.6259765625,
              0.673828125,
              0.07406707853078842
            ]
          ]
        ]
      },
      {
        "psnr": 12.528302192687988,
        "distortion": 0.024163424968719482,
        "rotation_rmse": 16.611303329467773,
        "translation_rmse_100": 17.889312744140625,
        "t_final": [
          [
            [
              0.701171875,
              -0.02716064453125,
              0.71240234375,
              -0.6032048463821411
            ],
            [
              0.458984375,
              0.78173828125,
              -0.422119140625,
              0.17374905943870544
            ],
            [
              -0.54541015625,
              0.623046875,
              0.560546875,
              0.17130489647388458
            ]
          ]
        ]
      },
      {
        "psnr": 11.473074913024902,
        "distortion": 0.05257033929228783,
        "rotation_rmse": 26.206523895263672,
        "translation_rmse_100": 12.327628135681152,
        "t_final": [
          [
            [
              0.59521484375,
              -0.55126953125,
              0.5849609375,
              -0.5234557390213013
            ],
            [
              0.68896484375,
              0.724609375,
              -0.0180816650390625,
              0.3657843768596649
            ],
            [
              -0.41357421875,
              0.413818359375,
              0.81103515625,
              -0.050977516919374466
            ]
          ]
        ]
      }
    ]
  }
}