{
  "horns_30_70_even_odd": {
    "best": {
      "psnr": 11.822601318359375,
      "distortion": 0.15760312974452972,
      "rotation_rmse": 11.619068145751953,
      "translation_rmse_100": 49.73207473754883,
      "t_final": [
        [
          [
            0.97998046875,
            0.033355712890625,
            0.19580078125,
            -0.6803695559501648
          ],
          [
            0.0200042724609375,
            0.96435546875,
            -0.264404296875,
            0.5277168154716492
          ],
          [
            -0.1976318359375,
            0.262939453125,
            0.9443359375,
            0.18408961594104767
          ]
        ]
      ]
    },
    "stats_list": [
      {
        "psnr": 11.202754974365234,
        "distortion": 0.2037513554096222,
        "rotation_rmse": 20.44330406188965,
        "translation_rmse_100": 45.6129150390625,
        "t_final": [
          [
            [
              0.99609375,
              -0.07763671875,
              -0.040679931640625,
              0.4811429977416992
            ],
            [
              0.0687255859375,
              0.97998046875,
              -0.18701171875,
              0.13989225029945374
            ],
            [
              0.05438232421875,
              0.1834716796875,
              0.9814453125,
              0.35273459553718567
            ]
          ]
        ]
      },
      {
        "psnr": 11.224408149719238,
        "distortion": 0.21094822883605957,
        "rotation_rmse": 18.628522872924805,
        "translation_rmse_100": 52.15055465698242,
        "t_final": [
          [
            [
              0.99951171875,
              -0.0207672119140625,
              0.01294708251953125,
              0.5329265594482422
            ],
            [
              0.0225677490234375,
              0.98681640625,
              -0.160888671875,
              -0.0022002910263836384
            ],
            [
              -0.00943756103515625,
              0.1611328125,
              0.98681640625,
              0.44514575600624084
            ]
          ]
        ]
      },
      {
        "psnr": 11.204191207885742,
        "distortion": 0.21514298021793365,
        "rotation_rmse": 24.601898193359375,
        "translation_rmse_100": 58.7175178527832,
        "t_final": [
          [
            [
              0.9501953125,
              -0.301513671875,
              -0.08099365234375,
              0.5354076623916626
            ],
            [
              0.27490234375,
              0.9306640625,
              -0.24072265625,
              0.18860290944576263
            ],
            [
              0.14794921875,
              0.2064208984375,
              0.96728515625,
              0.5962604880332947
            ]
          ]
        ]
      },
      {
        "psnr": 11.822601318359375,
        "distortion": 0.15760312974452972,
        "rotation_rmse": 11.619068145751953,
        "translation_rmse_100": 49.73207473754883,
        "t_final": [
          [
            [
              0.97998046875,
              0.033355712890625,
              0.19580078125,
              -0.6803695559501648
            ],
            [
              0.0200042724609375,
              0.96435546875,
              -0.264404296875,
              0.5277168154716492
            ],
            [
              -0.1976318359375,
              0.262939453125,
              0.9443359375,
              0.18408961594104767
            ]
          ]
        ]
      },
      {
        "psnr": 11.343791961669922,
        "distortion": 0.21644043922424316,
        "rotation_rmse": 4.311426162719727,
        "translation_rmse_100": 87.84069061279297,
        "t_final": [
          [
            [
              0.892578125,
              0.2196044921875,
              0.393798828125,
              1.4663947820663452
            ],
            [
              -0.044708251953125,
              0.912109375,
              -0.40771484375,
              -0.019823696464300156
            ],
            [
              -0.448486328125,
              0.34619140625,
              0.82373046875,
              -0.1288832277059555
            ]
          ]
        ]
      },
      {
        "psnr": 11.192978858947754,
        "distortion": 0.21123380959033966,
        "rotation_rmse": 19.54998207092285,
        "translation_rmse_100": 57.22838592529297,
        "t_final": [
          [
            [
              0.99951171875,
              -0.0185546875,
              -0.01202392578125,
              0.562256932258606
            ],
            [
              0.0166015625,
              0.9892578125,
              -0.146484375,
              -0.022580623626708984
            ],
            [
              0.01461029052734375,
              0.146240234375,
              0.9892578125,
              0.5320262312889099
            ]
          ]
        ]
      },
      {
        "psnr": 11.334016799926758,
        "distortion": 0.2189374715089798,
        "rotation_rmse": 3.0202207565307617,
        "translation_rmse_100": 82.11314392089844,
        "t_final": [
          [
            [
              0.88720703125,
              0.1820068359375,
              0.424072265625,
              1.3509684801101685
            ],
            [
              -0.00606536865234375,
              0.92333984375,
              -0.3837890625,
              -0.07191604375839233
            ],
            [
              -0.46142578125,
              0.337890625,
              0.8203125,
              -0.04543726518750191
            ]
          ]
        ]
      },
      {
        "psnr": 11.253429412841797,
        "distortion": 0.21185296773910522,
        "rotation_rmse": 16.828441619873047,
        "translation_rmse_100": 52.19104766845703,
        "t_final": [
          [
            [
              0.99560546875,
              -0.061859130859375,
              0.06683349609375,
              0.5668829679489136
            ],
            [
              0.07427978515625,
              0.97607421875,
              -0.203369140625,
              0.05347636342048645
            ],
            [
              -0.052642822265625,
              0.2073974609375,
              0.97705078125,
              0.4246503710746765
            ]
          ]
        ]
      },
      {
        "psnr": 11.22453498840332,
        "distortion": 0.21139273047447205,
        "rotation_rmse": 19.994691848754883,
        "translation_rmse_100": 47.48350143432617,
        "t_final": [
          [
            [
              0.9951171875,
              -0.10040283203125,
              -0.0012273788452148438,
              0.5273265838623047
            ],
            [
              0.09967041015625,
              0.98876953125,
              -0.11102294921875,
              0.01834225095808506
            ],
            [
              0.012359619140625,
              0.1103515625,
              0.99365234375,
              0.34379351139068604
            ]
          ]
        ]
      },
      {
        "psnr": 11.202476501464844,
        "distortion": 0.2084997296333313,
        "rotation_rmse": 18.54876708984375,
        "translation_rmse_100": 54.00665283203125,
        "t_final": [
          [
            [
              0.998046875,
              -0.050872802734375,
              0.038848876953125,
              0.5458327531814575
            ],
            [
              0.054779052734375,
              0.99267578125,
              -0.10662841796875,
              0.04012037813663483
            ],
            [
              -0.033172607421875,
              0.1085205078125,
              0.99365234375,
              0.4831676781177521
            ]
          ]
        ]
      }
    ]
  }
}