{
  "trex_50_50": {
    "best": {
      "psnr": 12.001860618591309,
      "distortion": 0.1288779377937317,
      "rotation_rmse": 14.39043140411377,
      "translation_rmse_100": 13.969947814941406,
      "t_final": [
        [
          [
            0.59912109375,
            -0.51708984375,
            0.61083984375,
            -0.2967592179775238
          ],
          [
            0.66552734375,
            0.74609375,
            -0.0213470458984375,
            0.14616239070892334
          ],
          [
            -0.44482421875,
            0.41943359375,
            0.79150390625,
            -0.09677712619304657
          ]
        ]
      ]
    },
    "stats_list": [
      {
        "psnr": 11.539305686950684,
        "distortion": 0.15028750896453857,
        "rotation_rmse": 13.436837196350098,
        "translation_rmse_100": 38.72328186035156,
        "t_final": [
          [
            [
              0.9208984375,
              -0.001773834228515625,
              0.389892578125,
              0.17895127832889557
            ],
            [
              0.1280517578125,
              0.94580078125,
              -0.298095703125,
              -0.50489741563797
            ],
            [
              -0.3681640625,
              0.324462890625,
              0.87109375,
              0.08048125356435776
            ]
          ]
        ]
      },
      {
        "psnr": 11.533148765563965,
        "distortion": 0.183943510055542,
        "rotation_rmse": 14.727956771850586,
        "translation_rmse_100": 44.3172607421875,
        "t_final": [
          [
            [
              0.61328125,
              -0.478271484375,
              0.62841796875,
              0.12528136372566223
            ],
            [
              0.69482421875,
              0.705078125,
              -0.1414794921875,
              0.5821012258529663
            ],
            [
              -0.37548828125,
              0.5234375,
              0.7646484375,
              -0.36191704869270325
            ]
          ]
        ]
      },
      {
        "psnr": 11.628049850463867,
        "distortion": 0.17431913316249847,
        "rotation_rmse": 14.042179107666016,
        "translation_rmse_100": 46.96293640136719,
        "t_final": [
          [
            [
              0.65478515625,
              -0.5302734375,
              0.53857421875,
              0.12516073882579803
            ],
            [
              0.60205078125,
              0.796875,
              0.05279541015625,
              0.5600769519805908
            ],
            [
              -0.457275390625,
              0.28955078125,
              0.8408203125,
              0.1599884331226349
            ]
          ]
        ]
      },
      {
        "psnr": 11.671123504638672,
        "distortion": 0.170100137591362,
        "rotation_rmse": 6.150323867797852,
        "translation_rmse_100": 38.601173400878906,
        "t_final": [
          [
            [
              0.78369140625,
              -0.281494140625,
              0.5537109375,
              -0.32363614439964294
            ],
            [
              0.472900390625,
              0.84814453125,
              -0.23828125,
              0.4489547908306122
            ],
            [
              -0.402587890625,
              0.448486328125,
              0.7978515625,
              0.21929016709327698
            ]
          ]
        ]
      },
      {
        "psnr": 12.001860618591309,
        "distortion": 0.1288779377937317,
        "rotation_rmse": 14.39043140411377,
        "translation_rmse_100": 13.969947814941406,
        "t_final": [
          [
            [
              0.59912109375,
              -0.51708984375,
              0.61083984375,
              -0.2967592179775238
            ],
            [
              0.66552734375,
              0.74609375,
              -0.0213470458984375,
              0.14616239070892334
            ],
            [
              -0.44482421875,
              0.41943359375,
              0.79150390625,
              -0.09677712619304657
            ]
          ]
        ]
      },
      {
        "psnr": 11.854747772216797,
        "distortion": 0.14100050926208496,
        "rotation_rmse": 17.269407272338867,
        "translation_rmse_100": 8.178939819335938,
        "t_final": [
          [
            [
              0.61083984375,
              -0.6259765625,
              0.4853515625,
              -0.19551604986190796
            ],
            [
              0.67236328125,
              0.7333984375,
              0.1002197265625,
              0.04111533239483833
            ],
            [
              -0.418701171875,
              0.264892578125,
              0.86865234375,
              -0.12415990233421326
            ]
          ]
        ]
      },
      {
        "psnr": 11.812090873718262,
        "distortion": 0.1759917438030243,
        "rotation_rmse": 5.471874713897705,
        "translation_rmse_100": 57.324886322021484,
        "t_final": [
          [
            [
              0.8359375,
              -0.170166015625,
              0.521484375,
              0.452853798866272
            ],
            [
              0.35107421875,
              0.896484375,
              -0.270263671875,
              0.30617329478263855
            ],
            [
              -0.42138671875,
              0.4091796875,
              0.80908203125,
              0.39825010299682617
            ]
          ]
        ]
      },
      {
        "psnr": 11.648569107055664,
        "distortion": 0.018098624423146248,
        "rotation_rmse": 9.30494499206543,
        "translation_rmse_100": 11.151604652404785,
        "t_final": [
          [
            [
              0.9091796875,
              0.05230712890625,
              0.41259765625,
              -0.42881807684898376
            ],
            [
              0.227294921875,
              0.7685546875,
              -0.59814453125,
              -0.07384806871414185
            ],
            [
              -0.348388671875,
              0.6376953125,
              0.68701171875,
              -0.26426267623901367
            ]
          ]
        ]
      },
      {
        "psnr": 11.663246154785156,
        "distortion": 0.1663290113210678,
        "rotation_rmse": 7.217955589294434,
        "translation_rmse_100": 55.10260009765625,
        "t_final": [
          [
            [
              0.85986328125,
              -0.22021484375,
              0.4609375,
              0.2816864252090454
            ],
            [
              0.385009765625,
              0.87255859375,
              -0.30126953125,
              0.30929791927337646
            ],
            [
              -0.335693359375,
              0.436279296875,
              0.8349609375,
              0.5011729598045349
            ]
          ]
        ]
      },
      {
        "psnr": 11.61880111694336,
        "distortion": 0.1679193079471588,
        "rotation_rmse": 5.943334102630615,
        "translation_rmse_100": 49.856834411621094,
        "t_final": [
          [
            [
              0.857421875,
              -0.181396484375,
              0.4814453125,
              0.07126795500516891
            ],
            [
              0.36962890625,
              0.8681640625,
              -0.3310546875,
              0.35129112005233765
            ],
            [
              -0.35791015625,
              0.4619140625,
              0.8115234375,
              0.48659470677375793
            ]
          ]
        ]
      }
    ]
  }
}