{
  "room_30_70_even_odd": {
    "best": {
      "psnr": 28.245540618896484,
      "distortion": 0.009738431312143803,
      "rotation_rmse": 0.015566922724246979,
      "translation_rmse_100": 0.14052361249923706,
      "t_final": [
        [
          [
            0.99853515625,
            0.0200958251953125,
            0.04827880859375,
            -0.20165714621543884
          ],
          [
            0.005786895751953125,
            0.875,
            -0.48388671875,
            0.19018401205539703
          ],
          [
            -0.051971435546875,
            0.4833984375,
            0.8740234375,
            0.46326011419296265
          ]
        ]
      ]
    },
    "stats_list": [
      {
        "psnr": 12.898052215576172,
        "distortion": 0.18157632648944855,
        "rotation_rmse": 24.33526039123535,
        "translation_rmse_100": 40.99253463745117,
        "t_final": [
          [
            [
              0.806640625,
              -0.413818359375,
              0.42236328125,
              0.41365858912467957
            ],
            [
              0.587890625,
              0.48876953125,
              -0.64453125,
              0.5484180450439453
            ],
            [
              0.0601806640625,
              0.76806640625,
              0.6376953125,
              0.44432777166366577
            ]
          ]
        ]
      },
      {
        "psnr": 28.184825897216797,
        "distortion": 0.009896643459796906,
        "rotation_rmse": 0.018534816801548004,
        "translation_rmse_100": 0.1548958569765091,
        "t_final": [
          [
            [
              0.99853515625,
              0.01983642578125,
              0.048309326171875,
              -0.20190533995628357
            ],
            [
              0.006031036376953125,
              0.875,
              -0.48388671875,
              0.1901378035545349
            ],
            [
              -0.0518798828125,
              0.483642578125,
              0.8740234375,
              0.463246613740921
            ]
          ]
        ]
      },
      {
        "psnr": 28.245540618896484,
        "distortion": 0.009738431312143803,
        "rotation_rmse": 0.015566922724246979,
        "translation_rmse_100": 0.14052361249923706,
        "t_final": [
          [
            [
              0.99853515625,
              0.0200958251953125,
              0.04827880859375,
              -0.20165714621543884
            ],
            [
              0.005786895751953125,
              0.875,
              -0.48388671875,
              0.19018401205539703
            ],
            [
              -0.051971435546875,
              0.4833984375,
              0.8740234375,
              0.46326011419296265
            ]
          ]
        ]
      },
      {
        "psnr": 12.68464469909668,
        "distortion": 0.18887506425380707,
        "rotation_rmse": 38.42870330810547,
        "translation_rmse_100": 29.830053329467773,
        "t_final": [
          [
            [
              0.5771484375,
              -0.376953125,
              0.72509765625,
              0.22277022898197174
            ],
            [
              0.81103515625,
              0.1568603515625,
              -0.5634765625,
              0.41086459159851074
            ],
            [
              0.0987548828125,
              0.91259765625,
              0.396240234375,
              0.6636608839035034
            ]
          ]
        ]
      },
      {
        "psnr": 28.216049194335938,
        "distortion": 0.00986725278198719,
        "rotation_rmse": 0.02339000254869461,
        "translation_rmse_100": 0.15186163783073425,
        "t_final": [
          [
            [
              0.99853515625,
              0.019775390625,
              0.0484619140625,
              -0.20184145867824554
            ],
            [
              0.006160736083984375,
              0.875,
              -0.48388671875,
              0.19011597335338593
            ],
            [
              -0.051971435546875,
              0.483642578125,
              0.8740234375,
              0.4633045792579651
            ]
          ]
        ]
      },
      {
        "psnr": 13.106878280639648,
        "distortion": 0.17979970574378967,
        "rotation_rmse": 22.0657958984375,
        "translation_rmse_100": 51.25581741333008,
        "t_final": [
          [
            [
              0.8583984375,
              -0.33154296875,
              0.39208984375,
              0.4985623061656952
            ],
            [
              0.51318359375,
              0.5263671875,
              -0.67822265625,
              0.2638147175312042
            ],
            [
              0.0185089111328125,
              0.783203125,
              0.62158203125,
              -0.0809294730424881
            ]
          ]
        ]
      },
      {
        "psnr": 12.939925193786621,
        "distortion": 0.17284727096557617,
        "rotation_rmse": 20.974855422973633,
        "translation_rmse_100": 59.16712188720703,
        "t_final": [
          [
            [
              0.818359375,
              -0.458251953125,
              0.34619140625,
              0.48720183968544006
            ],
            [
              0.57421875,
              0.63037109375,
              -0.5224609375,
              0.05697042495012283
            ],
            [
              0.0213165283203125,
              0.62646484375,
              0.779296875,
              -0.2861451208591461
            ]
          ]
        ]
      },
      {
        "psnr": 12.918076515197754,
        "distortion": 0.18662604689598083,
        "rotation_rmse": 16.65489959716797,
        "translation_rmse_100": 68.80258178710938,
        "t_final": [
          [
            [
              0.92724609375,
              -0.2244873046875,
              0.2998046875,
              0.8084244728088379
            ],
            [
              0.372802734375,
              0.6298828125,
              -0.68115234375,
              -0.11153936386108398
            ],
            [
              -0.03607177734375,
              0.74365234375,
              0.66796875,
              -0.09692081809043884
            ]
          ]
        ]
      },
      {
        "psnr": 12.904927253723145,
        "distortion": 0.1816292554140091,
        "rotation_rmse": 14.1588716506958,
        "translation_rmse_100": 77.02667236328125,
        "t_final": [
          [
            [
              0.97265625,
              0.2283935546875,
              -0.045196533203125,
              1.0081167221069336
            ],
            [
              -0.2325439453125,
              0.9609375,
              -0.1492919921875,
              -0.05279003083705902
            ],
            [
              0.00933837890625,
              0.15576171875,
              0.98779296875,
              -0.04984315112233162
            ]
          ]
        ]
      },
      {
        "psnr": 12.975089073181152,
        "distortion": 0.17043673992156982,
        "rotation_rmse": 17.39632797241211,
        "translation_rmse_100": 52.649837493896484,
        "t_final": [
          [
            [
              0.8818359375,
              -0.363525390625,
              0.30029296875,
              0.4243662655353546
            ],
            [
              0.4716796875,
              0.67333984375,
              -0.5693359375,
              -0.12444641441106796
            ],
            [
              0.004787445068359375,
              0.64404296875,
              0.76513671875,
              -0.12311871349811554
            ]
          ]
        ]
      }
    ]
  }
}