{
  "fern_0_100_even_odd": {
    "best": {
      "psnr": 22.415346145629883,
      "distortion": 0.017672978341579437,
      "rotation_rmse": 0.04422501474618912,
      "translation_rmse_100": 0.189191073179245,
      "t_final": [
        [
          [
            0.91357421875,
            0.180419921875,
            0.3642578125,
            -0.35737621784210205
          ],
          [
            0.1063232421875,
            0.7587890625,
            -0.642578125,
            0.3310060203075409
          ],
          [
            -0.392333984375,
            0.6259765625,
            0.673828125,
            0.07359753549098969
          ]
        ]
      ]
    },
    "stats_list": [
      {
        "psnr": 22.361242294311523,
        "distortion": 0.017886318266391754,
        "rotation_rmse": 0.03291194140911102,
        "translation_rmse_100": 0.16567812860012054,
        "t_final": [
          [
            [
              0.91357421875,
              0.1805419921875,
              0.364501953125,
              -0.3569813668727875
            ],
            [
              0.1065673828125,
              0.75830078125,
              -0.642578125,
              0.3308808505535126
            ],
            [
              -0.392578125,
              0.6259765625,
              0.673828125,
              0.07365554571151733
            ]
          ]
        ]
      },
      {
        "psnr": 22.15108871459961,
        "distortion": 0.017791610211133957,
        "rotation_rmse": 0.036175116896629333,
        "translation_rmse_100": 0.17450958490371704,
        "t_final": [
          [
            [
              0.91357421875,
              0.180419921875,
              0.364501953125,
              -0.35713768005371094
            ],
            [
              0.10650634765625,
              0.7587890625,
              -0.642578125,
              0.3309607207775116
            ],
            [
              -0.392578125,
              0.6259765625,
              0.673828125,
              0.07367841899394989
            ]
          ]
        ]
      },
      {
        "psnr": 11.92481517791748,
        "distortion": 0.1008942648768425,
        "rotation_rmse": 12.088912010192871,
        "translation_rmse_100": 6.658895969390869,
        "t_final": [
          [
            [
              0.83447265625,
              -0.09161376953125,
              0.54248046875,
              -0.2806032598018646
            ],
            [
              0.427978515625,
              0.728515625,
              -0.53515625,
              0.24318808317184448
            ],
            [
              -0.346435546875,
              0.67919921875,
              0.6474609375,
              0.05904461443424225
            ]
          ]
        ]
      },
      {
        "psnr": 11.53933334350586,
        "distortion": 0.06660069525241852,
        "rotation_rmse": 27.481069564819336,
        "translation_rmse_100": 7.451263904571533,
        "t_final": [
          [
            [
              0.56787109375,
              -0.5615234375,
              0.60205078125,
              -0.3804683983325958
            ],
            [
              0.615234375,
              0.77490234375,
              0.142578125,
              0.3524070382118225
            ],
            [
              -0.546875,
              0.28955078125,
              0.78564453125,
              -0.05009707063436508
            ]
          ]
        ]
      },
      {
        "psnr": 22.392629623413086,
        "distortion": 0.017724711447954178,
        "rotation_rmse": 0.03463674709200859,
        "translation_rmse_100": 0.1636451929807663,
        "t_final": [
          [
            [
              0.91357421875,
              0.180419921875,
              0.364501953125,
              -0.356942743062973
            ],
            [
              0.106689453125,
              0.7587890625,
              -0.642578125,
              0.33102482557296753
            ],
            [
              -0.392578125,
              0.6259765625,
              0.673828125,
              0.07371124625205994
            ]
          ]
        ]
      },
      {
        "psnr": 22.352323532104492,
        "distortion": 0.01765625737607479,
        "rotation_rmse": 0.03735001012682915,
        "translation_rmse_100": 0.17365586757659912,
        "t_final": [
          [
            [
              0.91357421875,
              0.180419921875,
              0.364501953125,
              -0.35712161660194397
            ],
            [
              0.10638427734375,
              0.7587890625,
              -0.642578125,
              0.33098340034484863
            ],
            [
              -0.392578125,
              0.6259765625,
              0.673828125,
              0.07368585467338562
            ]
          ]
        ]
      },
      {
        "psnr": 12.331419944763184,
        "distortion": 0.026235342025756836,
        "rotation_rmse": 21.95519256591797,
        "translation_rmse_100": 21.607221603393555,
        "t_final": [
          [
            [
              0.6015625,
              -0.28369140625,
              0.74658203125,
              -0.6622378826141357
            ],
            [
              0.52294921875,
              0.8466796875,
              -0.099609375,
              0.11838732659816742
            ],
            [
              -0.60400390625,
              0.450439453125,
              0.65771484375,
              0.0630054697394371
            ]
          ]
        ]
      },
      {
        "psnr": 22.415346145629883,
        "distortion": 0.017672978341579437,
        "rotation_rmse": 0.04422501474618912,
        "translation_rmse_100": 0.189191073179245,
        "t_final": [
          [
            [
              0.91357421875,
              0.180419921875,
              0.3642578125,
              -0.35737621784210205
            ],
            [
              0.1063232421875,
              0.7587890625,
              -0.642578125,
              0.3310060203075409
            ],
            [
              -0.392333984375,
              0.6259765625,
              0.673828125,
              0.07359753549098969
            ]
          ]
        ]
      },
      {
        "psnr": 22.316823959350586,
        "distortion": 0.017834214493632317,
        "rotation_rmse": 0.04259726405143738,
        "translation_rmse_100": 0.16563676297664642,
        "t_final": [
          [
            [
              0.91357421875,
              0.179931640625,
              0.3642578125,
              -0.3569459617137909
            ],
            [
              0.10675048828125,
              0.7587890625,
              -0.642578125,
              0.3309747278690338
            ],
            [
              -0.39208984375,
              0.6259765625,
              0.673828125,
              0.07356566935777664
            ]
          ]
        ]
      },
      {
        "psnr": 11.577858924865723,
        "distortion": 0.1238863617181778,
        "rotation_rmse": 11.67227840423584,
        "translation_rmse_100": 45.1741828918457,
        "t_final": [
          [
            [
              0.828125,
              -0.011566162109375,
              0.560546875,
              0.41163942217826843
            ],
            [
              0.3994140625,
              0.71337890625,
              -0.57568359375,
              0.29278483986854553
            ],
            [
              -0.39306640625,
              0.70068359375,
              0.59521484375,
              -0.08134132623672485
            ]
          ]
        ]
      }
    ]
  }
}