{
  "room_30_70_even_odd": {
    "best": {
      "psnr": 28.319955825805664,
      "distortion": 0.009783441200852394,
      "rotation_rmse": 0.018429111689329147,
      "translation_rmse_100": 0.14339056611061096,
      "t_final": [
        [
          [
            0.99853515625,
            0.0198974609375,
            0.04840087890625,
            -0.20168551802635193
          ],
          [
            0.0059967041015625,
            0.875,
            -0.483642578125,
            0.19011874496936798
          ],
          [
            -0.051971435546875,
            0.4833984375,
            0.8740234375,
            0.4633466303348541
          ]
        ]
      ]
    },
    "stats_list": [
      {
        "psnr": 28.319955825805664,
        "distortion": 0.009783441200852394,
        "rotation_rmse": 0.018429111689329147,
        "translation_rmse_100": 0.14339056611061096,
        "t_final": [
          [
            [
              0.99853515625,
              0.0198974609375,
              0.04840087890625,
              -0.20168551802635193
            ],
            [
              0.0059967041015625,
              0.875,
              -0.483642578125,
              0.19011874496936798
            ],
            [
              -0.051971435546875,
              0.4833984375,
              0.8740234375,
              0.4633466303348541
            ]
          ]
        ]
      },
      {
        "psnr": 28.22664451599121,
        "distortion": 0.009989547543227673,
        "rotation_rmse": 0.019374288618564606,
        "translation_rmse_100": 0.1591981202363968,
        "t_final": [
          [
            [
              0.99853515625,
              0.019805908203125,
              0.048370361328125,
              -0.20197628438472748
            ],
            [
              0.006072998046875,
              0.875,
              -0.48388671875,
              0.19010962545871735
            ],
            [
              -0.05194091796875,
              0.4833984375,
              0.8740234375,
              0.46325281262397766
            ]
          ]
        ]
      },
      {
        "psnr": 28.305522918701172,
        "distortion": 0.009730441495776176,
        "rotation_rmse": 0.01945737935602665,
        "translation_rmse_100": 0.15187343955039978,
        "t_final": [
          [
            [
              0.99853515625,
              0.01983642578125,
              0.04833984375,
              -0.20182296633720398
            ],
            [
              0.006046295166015625,
              0.875,
              -0.48388671875,
              0.19004152715206146
            ],
            [
              -0.051910400390625,
              0.483642578125,
              0.8740234375,
              0.4633464217185974
            ]
          ]
        ]
      },
      {
        "psnr": 28.264968872070312,
        "distortion": 0.009726811200380325,
        "rotation_rmse": 0.02278982661664486,
        "translation_rmse_100": 0.1483374685049057,
        "t_final": [
          [
            [
              0.99853515625,
              0.0197296142578125,
              0.0484619140625,
              -0.20176860690116882
            ],
            [
              0.0061798095703125,
              0.875,
              -0.48388671875,
              0.19003210961818695
            ],
            [
              -0.051971435546875,
              0.4833984375,
              0.8740234375,
              0.46327224373817444
            ]
          ]
        ]
      },
      {
        "psnr": 12.310869216918945,
        "distortion": 0.030770504847168922,
        "rotation_rmse": 29.215103149414062,
        "translation_rmse_100": 42.46439743041992,
        "t_final": [
          [
            [
              0.65380859375,
              -0.330322265625,
              0.6806640625,
              -0.12609580159187317
            ],
            [
              0.6474609375,
              0.70947265625,
              -0.277587890625,
              -0.5111671090126038
            ],
            [
              -0.3916015625,
              0.6220703125,
              0.677734375,
              0.6709330677986145
            ]
          ]
        ]
      },
      {
        "psnr": 28.27140235900879,
        "distortion": 0.009785512462258339,
        "rotation_rmse": 0.019010629504919052,
        "translation_rmse_100": 0.14449632167816162,
        "t_final": [
          [
            [
              0.99853515625,
              0.0198974609375,
              0.04840087890625,
              -0.20172521471977234
            ],
            [
              0.006011962890625,
              0.875,
              -0.483642578125,
              0.1901678591966629
            ],
            [
              -0.052001953125,
              0.4833984375,
              0.8740234375,
              0.4632575213909149
            ]
          ]
        ]
      },
      {
        "psnr": 28.27685546875,
        "distortion": 0.009761350229382515,
        "rotation_rmse": 0.018848104402422905,
        "translation_rmse_100": 0.1512598991394043,
        "t_final": [
          [
            [
              0.99853515625,
              0.019866943359375,
              0.04840087890625,
              -0.20184610784053802
            ],
            [
              0.0060272216796875,
              0.875,
              -0.483642578125,
              0.1901995688676834
            ],
            [
              -0.051971435546875,
              0.4833984375,
              0.8740234375,
              0.4632764756679535
            ]
          ]
        ]
      },
      {
        "psnr": 28.267419815063477,
        "distortion": 0.009768480435013771,
        "rotation_rmse": 0.01951988972723484,
        "translation_rmse_100": 0.15244872868061066,
        "t_final": [
          [
            [
              0.99853515625,
              0.0196380615234375,
              0.04833984375,
              -0.20186938345432281
            ],
            [
              0.00618743896484375,
              0.875,
              -0.483642578125,
              0.19018259644508362
            ],
            [
              -0.051788330078125,
              0.4833984375,
              0.8740234375,
              0.46323755383491516
            ]
          ]
        ]
      },
      {
        "psnr": 28.26647186279297,
        "distortion": 0.009903954342007637,
        "rotation_rmse": 0.015694141387939453,
        "translation_rmse_100": 0.14952628314495087,
        "t_final": [
          [
            [
              0.99853515625,
              0.02001953125,
              0.048309326171875,
              -0.20180702209472656
            ],
            [
              0.005855560302734375,
              0.875,
              -0.483642578125,
              0.19014275074005127
            ],
            [
              -0.051971435546875,
              0.4833984375,
              0.8740234375,
              0.46328356862068176
            ]
          ]
        ]
      },
      {
        "psnr": 13.051077842712402,
        "distortion": 0.17074161767959595,
        "rotation_rmse": 9.585782051086426,
        "translation_rmse_100": 59.35527038574219,
        "t_final": [
          [
            [
              0.984375,
              0.16357421875,
              -0.0628662109375,
              0.8201070427894592
            ],
            [
              -0.1748046875,
              0.9443359375,
              -0.278076171875,
              0.29915478825569153
            ],
            [
              0.01389312744140625,
              0.284912109375,
              0.95849609375,
              0.38554513454437256
            ]
          ]
        ]
      }
    ]
  }
}