{
  "room_50_50": {
    "best": {
      "psnr": 25.02276611328125,
      "distortion": 0.012967649847269058,
      "rotation_rmse": 0.01701408438384533,
      "translation_rmse_100": 0.1308164894580841,
      "t_final": [
        [
          [
            0.99853515625,
            0.019805908203125,
            0.048309326171875,
            -0.2014959752559662
          ],
          [
            0.006046295166015625,
            0.875,
            -0.48388671875,
            0.1902768611907959
          ],
          [
            -0.051849365234375,
            0.4833984375,
            0.8740234375,
            0.46327289938926697
          ]
        ]
      ]
    },
    "stats_list": [
      {
        "psnr": 24.959060668945312,
        "distortion": 0.013201385736465454,
        "rotation_rmse": 0.015728676691651344,
        "translation_rmse_100": 0.13906659185886383,
        "t_final": [
          [
            [
              0.99853515625,
              0.019622802734375,
              0.048126220703125,
              -0.2016160786151886
            ],
            [
              0.006114959716796875,
              0.875,
              -0.48388671875,
              0.19002331793308258
            ],
            [
              -0.051605224609375,
              0.4833984375,
              0.8740234375,
              0.4631359875202179
            ]
          ]
        ]
      },
      {
        "psnr": 24.93280601501465,
        "distortion": 0.01292323786765337,
        "rotation_rmse": 0.026412002742290497,
        "translation_rmse_100": 0.15949192643165588,
        "t_final": [
          [
            [
              0.99853515625,
              0.0196075439453125,
              0.048492431640625,
              -0.20195631682872772
            ],
            [
              0.006320953369140625,
              0.875,
              -0.48388671875,
              0.19012443721294403
            ],
            [
              -0.051910400390625,
              0.483642578125,
              0.8740234375,
              0.4634418189525604
            ]
          ]
        ]
      },
      {
        "psnr": 13.163592338562012,
        "distortion": 0.08885649591684341,
        "rotation_rmse": 4.284965515136719,
        "translation_rmse_100": 30.26302719116211,
        "t_final": [
          [
            [
              0.99658203125,
              0.037750244140625,
              -0.076416015625,
              -0.1569555699825287
            ],
            [
              -0.06854248046875,
              0.8876953125,
              -0.455078125,
              0.38590165972709656
            ],
            [
              0.050689697265625,
              0.45849609375,
              0.88720703125,
              -0.0215945802628994
            ]
          ]
        ]
      },
      {
        "psnr": 24.944774627685547,
        "distortion": 0.013233291916549206,
        "rotation_rmse": 0.02385636232793331,
        "translation_rmse_100": 0.14108087122440338,
        "t_final": [
          [
            [
              0.99853515625,
              0.0194091796875,
              0.04827880859375,
              -0.20166097581386566
            ],
            [
              0.006374359130859375,
              0.875,
              -0.483642578125,
              0.19010259211063385
            ],
            [
              -0.051666259765625,
              0.4833984375,
              0.8740234375,
              0.4632019102573395
            ]
          ]
        ]
      },
      {
        "psnr": 12.350192070007324,
        "distortion": 0.023341191932559013,
        "rotation_rmse": 3.2787749767303467,
        "translation_rmse_100": 34.498050689697266,
        "t_final": [
          [
            [
              0.998046875,
              0.051727294921875,
              0.034820556640625,
              -0.6059897541999817
            ],
            [
              -0.022979736328125,
              0.82421875,
              -0.5654296875,
              -0.152047798037529
            ],
            [
              -0.0579833984375,
              0.5634765625,
              0.82373046875,
              0.1904500126838684
            ]
          ]
        ]
      },
      {
        "psnr": 13.148636817932129,
        "distortion": 0.08812516927719116,
        "rotation_rmse": 4.253362655639648,
        "translation_rmse_100": 31.588972091674805,
        "t_final": [
          [
            [
              0.99658203125,
              0.0545654296875,
              -0.062347412109375,
              -0.16546691954135895
            ],
            [
              -0.0762939453125,
              0.89794921875,
              -0.433837890625,
              0.4538272023200989
            ],
            [
              0.032318115234375,
              0.437255859375,
              0.89892578125,
              -0.015461767092347145
            ]
          ]
        ]
      },
      {
        "psnr": 13.300617218017578,
        "distortion": 0.09023367613554001,
        "rotation_rmse": 5.193265914916992,
        "translation_rmse_100": 26.434663772583008,
        "t_final": [
          [
            [
              0.9990234375,
              -0.048187255859375,
              -0.0031337738037109375,
              -0.14547187089920044
            ],
            [
              0.036895751953125,
              0.8037109375,
              -0.59375,
              0.1857517659664154
            ],
            [
              0.0311279296875,
              0.5927734375,
              0.8046875,
              0.008290545083582401
            ]
          ]
        ]
      },
      {
        "psnr": 25.02276611328125,
        "distortion": 0.012967649847269058,
        "rotation_rmse": 0.01701408438384533,
        "translation_rmse_100": 0.1308164894580841,
        "t_final": [
          [
            [
              0.99853515625,
              0.019805908203125,
              0.048309326171875,
              -0.2014959752559662
            ],
            [
              0.006046295166015625,
              0.875,
              -0.48388671875,
              0.1902768611907959
            ],
            [
              -0.051849365234375,
              0.4833984375,
              0.8740234375,
              0.46327289938926697
            ]
          ]
        ]
      },
      {
        "psnr": 24.945959091186523,
        "distortion": 0.013119995594024658,
        "rotation_rmse": 0.020157497376203537,
        "translation_rmse_100": 0.14002415537834167,
        "t_final": [
          [
            [
              0.99853515625,
              0.01971435546875,
              0.048309326171875,
              -0.2016581892967224
            ],
            [
              0.0061492919921875,
              0.875,
              -0.48388671875,
              0.19025342166423798
            ],
            [
              -0.05181884765625,
              0.483642578125,
              0.8740234375,
              0.4632505178451538
            ]
          ]
        ]
      },
      {
        "psnr": 13.177167892456055,
        "distortion": 0.08999442309141159,
        "rotation_rmse": 4.4974493980407715,
        "translation_rmse_100": 33.22385787963867,
        "t_final": [
          [
            [
              0.99609375,
              0.054351806640625,
              -0.068115234375,
              -0.17228353023529053
            ],
            [
              -0.07843017578125,
              0.900390625,
              -0.428466796875,
              0.4886746108531952
            ],
            [
              0.03802490234375,
              0.43212890625,
              0.90087890625,
              -0.02849140763282776
            ]
          ]
        ]
      }
    ]
  }
}