{
  "room_30_70_even_odd": {
    "best": {
      "psnr": 28.382164001464844,
      "distortion": 0.009799654595553875,
      "rotation_rmse": 0.01501838956028223,
      "translation_rmse_100": 0.14085328578948975,
      "t_final": [
        [
          [
            0.99853515625,
            0.019927978515625,
            0.04827880859375,
            -0.20166116952896118
          ],
          [
            0.005916595458984375,
            0.875,
            -0.48388671875,
            0.190175861120224
          ],
          [
            -0.0518798828125,
            0.4833984375,
            0.8740234375,
            0.46326515078544617
          ]
        ]
      ]
    },
    "stats_list": [
      {
        "psnr": 28.374935150146484,
        "distortion": 0.009780616499483585,
        "rotation_rmse": 0.017513815313577652,
        "translation_rmse_100": 0.1514253467321396,
        "t_final": [
          [
            [
              0.99853515625,
              0.0199432373046875,
              0.04833984375,
              -0.20184722542762756
            ],
            [
              0.005954742431640625,
              0.875,
              -0.48388671875,
              0.1901993304491043
            ],
            [
              -0.051971435546875,
              0.4833984375,
              0.8740234375,
              0.46329039335250854
            ]
          ]
        ]
      },
      {
        "psnr": 28.15589141845703,
        "distortion": 0.00992531143128872,
        "rotation_rmse": 0.02004210650920868,
        "translation_rmse_100": 0.14986661076545715,
        "t_final": [
          [
            [
              0.99853515625,
              0.0198516845703125,
              0.048431396484375,
              -0.2018045037984848
            ],
            [
              0.006046295166015625,
              0.875,
              -0.483642578125,
              0.19010698795318604
            ],
            [
              -0.052001953125,
              0.4833984375,
              0.8740234375,
              0.4633062779903412
            ]
          ]
        ]
      },
      {
        "psnr": 28.264680862426758,
        "distortion": 0.009932028129696846,
        "rotation_rmse": 0.016433624550700188,
        "translation_rmse_100": 0.15515342354774475,
        "t_final": [
          [
            [
              0.99853515625,
              0.0200042724609375,
              0.048309326171875,
              -0.20189820230007172
            ],
            [
              0.005886077880859375,
              0.875,
              -0.48388671875,
              0.1901458203792572
            ],
            [
              -0.051971435546875,
              0.4833984375,
              0.8740234375,
              0.46334603428840637
            ]
          ]
        ]
      },
      {
        "psnr": 28.382164001464844,
        "distortion": 0.009799654595553875,
        "rotation_rmse": 0.01501838956028223,
        "translation_rmse_100": 0.14085328578948975,
        "t_final": [
          [
            [
              0.99853515625,
              0.019927978515625,
              0.04827880859375,
              -0.20166116952896118
            ],
            [
              0.005916595458984375,
              0.875,
              -0.48388671875,
              0.190175861120224
            ],
            [
              -0.0518798828125,
              0.4833984375,
              0.8740234375,
              0.46326515078544617
            ]
          ]
        ]
      },
      {
        "psnr": 12.262085914611816,
        "distortion": 0.038582973182201385,
        "rotation_rmse": 41.10287094116211,
        "translation_rmse_100": 54.73672103881836,
        "t_final": [
          [
            [
              0.32421875,
              -0.79736328125,
              0.5087890625,
              -0.015435192734003067
            ],
            [
              0.94384765625,
              0.2364501953125,
              -0.230712890625,
              -0.739551305770874
            ],
            [
              0.063720703125,
              0.55517578125,
              0.8291015625,
              0.459257036447525
            ]
          ]
        ]
      },
      {
        "psnr": 28.28685760498047,
        "distortion": 0.009838249534368515,
        "rotation_rmse": 0.019897734746336937,
        "translation_rmse_100": 0.1386137753725052,
        "t_final": [
          [
            [
              0.99853515625,
              0.01983642578125,
              0.048431396484375,
              -0.20160534977912903
            ],
            [
              0.006072998046875,
              0.875,
              -0.483642578125,
              0.19010482728481293
            ],
            [
              -0.051971435546875,
              0.4833984375,
              0.8740234375,
              0.4633007049560547
            ]
          ]
        ]
      },
      {
        "psnr": 28.211212158203125,
        "distortion": 0.009929914027452469,
        "rotation_rmse": 0.022374624386429787,
        "translation_rmse_100": 0.14700517058372498,
        "t_final": [
          [
            [
              0.99853515625,
              0.0197296142578125,
              0.04840087890625,
              -0.201723113656044
            ],
            [
              0.00617218017578125,
              0.875,
              -0.48388671875,
              0.1899387389421463
            ],
            [
              -0.051910400390625,
              0.483642578125,
              0.8740234375,
              0.46328550577163696
            ]
          ]
        ]
      },
      {
        "psnr": 28.280485153198242,
        "distortion": 0.00967194139957428,
        "rotation_rmse": 0.020341143012046814,
        "translation_rmse_100": 0.15475647151470184,
        "t_final": [
          [
            [
              0.99853515625,
              0.019805908203125,
              0.048431396484375,
              -0.2019120752811432
            ],
            [
              0.00609588623046875,
              0.875,
              -0.483642578125,
              0.19021521508693695
            ],
            [
              -0.051971435546875,
              0.4833984375,
              0.8740234375,
              0.4632534682750702
            ]
          ]
        ]
      },
      {
        "psnr": 28.370712280273438,
        "distortion": 0.00986654032021761,
        "rotation_rmse": 0.0168702844530344,
        "translation_rmse_100": 0.14160782098770142,
        "t_final": [
          [
            [
              0.99853515625,
              0.0200042724609375,
              0.04833984375,
              -0.2016821801662445
            ],
            [
              0.005889892578125,
              0.875,
              -0.483642578125,
              0.19025582075119019
            ],
            [
              -0.052001953125,
              0.4833984375,
              0.8740234375,
              0.4632822275161743
            ]
          ]
        ]
      },
      {
        "psnr": 13.126922607421875,
        "distortion": 0.19783861935138702,
        "rotation_rmse": 14.532674789428711,
        "translation_rmse_100": 92.68868255615234,
        "t_final": [
          [
            [
              0.97216796875,
              0.2314453125,
              -0.029876708984375,
              1.391555905342102
            ],
            [
              -0.2332763671875,
              0.96240234375,
              -0.1375732421875,
              0.05432351678609848
            ],
            [
              -0.00308990478515625,
              0.1407470703125,
              0.990234375,
              0.2953333556652069
            ]
          ]
        ]
      }
    ]
  }
}