{
  "fern_50_50": {
    "best": {
      "psnr": 21.542633056640625,
      "distortion": 0.01700030080974102,
      "rotation_rmse": 0.02657204307615757,
      "translation_rmse_100": 0.2089676707983017,
      "t_final": [
        [
          [
            0.91357421875,
            0.1810302734375,
            0.364501953125,
            -0.35781043767929077
          ],
          [
            0.1063232421875,
            0.75830078125,
            -0.64306640625,
            0.3310329020023346
          ],
          [
            -0.392822265625,
            0.62646484375,
            0.67333984375,
            0.07448911666870117
          ]
        ]
      ]
    },
    "stats_list": [
      {
        "psnr": 21.50029754638672,
        "distortion": 0.017240943387150764,
        "rotation_rmse": 0.020734256133437157,
        "translation_rmse_100": 0.20301920175552368,
        "t_final": [
          [
            [
              0.91357421875,
              0.180908203125,
              0.364501953125,
              -0.35772600769996643
            ],
            [
              0.1065673828125,
              0.75830078125,
              -0.64306640625,
              0.3307812511920929
            ],
            [
              -0.392822265625,
              0.62646484375,
              0.67333984375,
              0.07447423040866852
            ]
          ]
        ]
      },
      {
        "psnr": 21.490215301513672,
        "distortion": 0.016978329047560692,
        "rotation_rmse": 0.033939141780138016,
        "translation_rmse_100": 0.17985372245311737,
        "t_final": [
          [
            [
              0.91357421875,
              0.1812744140625,
              0.36474609375,
              -0.35729604959487915
            ],
            [
              0.106201171875,
              0.75830078125,
              -0.64306640625,
              0.33109331130981445
            ],
            [
              -0.39306640625,
              0.6259765625,
              0.67333984375,
              0.07433095574378967
            ]
          ]
        ]
      },
      {
        "psnr": 21.438472747802734,
        "distortion": 0.0170920267701149,
        "rotation_rmse": 0.04216843098402023,
        "translation_rmse_100": 0.19136033952236176,
        "t_final": [
          [
            [
              0.91357421875,
              0.1812744140625,
              0.3642578125,
              -0.35744529962539673
            ],
            [
              0.10601806640625,
              0.75830078125,
              -0.64306640625,
              0.33137840032577515
            ],
            [
              -0.392822265625,
              0.6259765625,
              0.67333984375,
              0.07444103062152863
            ]
          ]
        ]
      },
      {
        "psnr": 21.51165008544922,
        "distortion": 0.01702088862657547,
        "rotation_rmse": 0.008838774636387825,
        "translation_rmse_100": 0.22709067165851593,
        "t_final": [
          [
            [
              0.91357421875,
              0.180419921875,
              0.36474609375,
              -0.3581409454345703
            ],
            [
              0.10693359375,
              0.75830078125,
              -0.64306640625,
              0.3307535946369171
            ],
            [
              -0.392822265625,
              0.62646484375,
              0.67333984375,
              0.07456410676240921
            ]
          ]
        ]
      },
      {
        "psnr": 21.531593322753906,
        "distortion": 0.01707175187766552,
        "rotation_rmse": 0.03479330241680145,
        "translation_rmse_100": 0.17620186507701874,
        "t_final": [
          [
            [
              0.91357421875,
              0.18115234375,
              0.364501953125,
              -0.3572295606136322
            ],
            [
              0.106201171875,
              0.75830078125,
              -0.64306640625,
              0.3310964107513428
            ],
            [
              -0.392822265625,
              0.6259765625,
              0.67333984375,
              0.07449676096439362
            ]
          ]
        ]
      },
      {
        "psnr": 21.517133712768555,
        "distortion": 0.01706288568675518,
        "rotation_rmse": 0.029645180329680443,
        "translation_rmse_100": 0.2146478295326233,
        "t_final": [
          [
            [
              0.91357421875,
              0.1810302734375,
              0.364501953125,
              -0.3579195439815521
            ],
            [
              0.10638427734375,
              0.75830078125,
              -0.64306640625,
              0.330939382314682
            ],
            [
              -0.392822265625,
              0.6259765625,
              0.67333984375,
              0.07433465123176575
            ]
          ]
        ]
      },
      {
        "psnr": 21.542633056640625,
        "distortion": 0.01700030080974102,
        "rotation_rmse": 0.02657204307615757,
        "translation_rmse_100": 0.2089676707983017,
        "t_final": [
          [
            [
              0.91357421875,
              0.1810302734375,
              0.364501953125,
              -0.35781043767929077
            ],
            [
              0.1063232421875,
              0.75830078125,
              -0.64306640625,
              0.3310329020023346
            ],
            [
              -0.392822265625,
              0.62646484375,
              0.67333984375,
              0.07448911666870117
            ]
          ]
        ]
      },
      {
        "psnr": 11.392889022827148,
        "distortion": 0.14901202917099,
        "rotation_rmse": 22.22888946533203,
        "translation_rmse_100": 80.56114959716797,
        "t_final": [
          [
            [
              0.70654296875,
              -0.40673828125,
              0.57958984375,
              -0.18421025574207306
            ],
            [
              0.47705078125,
              0.87841796875,
              0.03515625,
              -0.9080865383148193
            ],
            [
              -0.52294921875,
              0.25146484375,
              0.814453125,
              0.6937887668609619
            ]
          ]
        ]
      },
      {
        "psnr": 21.54016876220703,
        "distortion": 0.016927074640989304,
        "rotation_rmse": 0.03317735344171524,
        "translation_rmse_100": 0.19577425718307495,
        "t_final": [
          [
            [
              0.91357421875,
              0.18115234375,
              0.3642578125,
              -0.35757631063461304
            ],
            [
              0.106201171875,
              0.75830078125,
              -0.64306640625,
              0.33105945587158203
            ],
            [
              -0.392822265625,
              0.62646484375,
              0.67333984375,
              0.07423814386129379
            ]
          ]
        ]
      },
      {
        "psnr": 12.29911994934082,
        "distortion": 0.03567167744040489,
        "rotation_rmse": 4.388721942901611,
        "translation_rmse_100": 72.8629150390625,
        "t_final": [
          [
            [
              0.9560546875,
              0.09185791015625,
              0.2783203125,
              -0.7483222484588623
            ],
            [
              0.1185302734375,
              0.74755859375,
              -0.65380859375,
              -0.8678802251815796
            ],
            [
              -0.26806640625,
              0.658203125,
              0.70361328125,
              0.10464758425951004
            ]
          ]
        ]
      }
    ]
  }
}