{
  "trex_30_70_even_odd": {
    "best": {
      "psnr": 23.98177146911621,
      "distortion": 0.012640921398997307,
      "rotation_rmse": 0.01582937315106392,
      "translation_rmse_100": 0.23231995105743408,
      "t_final": [
        [
          [
            0.791015625,
            -0.0792236328125,
            0.60693359375,
            -0.2516770362854004
          ],
          [
            0.35693359375,
            0.865234375,
            -0.35205078125,
            -0.06865067780017853
          ],
          [
            -0.497314453125,
            0.4951171875,
            0.71240234375,
            -0.19773869216442108
          ]
        ]
      ]
    },
    "stats_list": [
      {
        "psnr": 11.647782325744629,
        "distortion": 0.20874308049678802,
        "rotation_rmse": 1.0049055814743042,
        "translation_rmse_100": 101.05175018310547,
        "t_final": [
          [
            [
              0.77587890625,
              -0.10260009765625,
              0.62255859375,
              1.340113639831543
            ],
            [
              0.376220703125,
              0.8671875,
              -0.325927734375,
              0.3396894335746765
            ],
            [
              -0.50634765625,
              0.4873046875,
              0.71142578125,
              -0.8105328679084778
            ]
          ]
        ]
      },
      {
        "psnr": 23.98177146911621,
        "distortion": 0.012640921398997307,
        "rotation_rmse": 0.01582937315106392,
        "translation_rmse_100": 0.23231995105743408,
        "t_final": [
          [
            [
              0.791015625,
              -0.0792236328125,
              0.60693359375,
              -0.2516770362854004
            ],
            [
              0.35693359375,
              0.865234375,
              -0.35205078125,
              -0.06865067780017853
            ],
            [
              -0.497314453125,
              0.4951171875,
              0.71240234375,
              -0.19773869216442108
            ]
          ]
        ]
      },
      {
        "psnr": 11.381052017211914,
        "distortion": 0.13840508460998535,
        "rotation_rmse": 7.555746078491211,
        "translation_rmse_100": 35.11414337158203,
        "t_final": [
          [
            [
              0.7685546875,
              -0.23974609375,
              0.59326171875,
              0.33626028895378113
            ],
            [
              0.51806640625,
              0.77734375,
              -0.356689453125,
              -0.18990203738212585
            ],
            [
              -0.375732421875,
              0.58154296875,
              0.7216796875,
              -0.0785423293709755
            ]
          ]
        ]
      },
      {
        "psnr": 11.371988296508789,
        "distortion": 0.132075235247612,
        "rotation_rmse": 6.9637370109558105,
        "translation_rmse_100": 33.41685104370117,
        "t_final": [
          [
            [
              0.78955078125,
              -0.21240234375,
              0.57568359375,
              0.30105793476104736
            ],
            [
              0.4912109375,
              0.78125,
              -0.3857421875,
              -0.22080907225608826
            ],
            [
              -0.367431640625,
              0.58740234375,
              0.72119140625,
              -0.0942702665925026
            ]
          ]
        ]
      },
      {
        "psnr": 11.51512622833252,
        "distortion": 0.21113097667694092,
        "rotation_rmse": 16.865812301635742,
        "translation_rmse_100": 122.99295806884766,
        "t_final": [
          [
            [
              0.857421875,
              -0.068359375,
              0.509765625,
              1.4289673566818237
            ],
            [
              0.134765625,
              0.986328125,
              -0.0943603515625,
              0.3931444585323334
            ],
            [
              -0.49658203125,
              0.149658203125,
              0.85498046875,
              -1.4279249906539917
            ]
          ]
        ]
      },
      {
        "psnr": 23.979434967041016,
        "distortion": 0.012424757704138756,
        "rotation_rmse": 0.013784111477434635,
        "translation_rmse_100": 0.2181321084499359,
        "t_final": [
          [
            [
              0.791015625,
              -0.07916259765625,
              0.60693359375,
              -0.25141242146492004
            ],
            [
              0.356689453125,
              0.865234375,
              -0.35205078125,
              -0.06887969374656677
            ],
            [
              -0.4970703125,
              0.494873046875,
              0.71240234375,
              -0.19757018983364105
            ]
          ]
        ]
      },
      {
        "psnr": 23.96007537841797,
        "distortion": 0.012450591661036015,
        "rotation_rmse": 0.025049060583114624,
        "translation_rmse_100": 0.2280745655298233,
        "t_final": [
          [
            [
              0.79052734375,
              -0.07952880859375,
              0.607421875,
              -0.2515921890735626
            ],
            [
              0.357177734375,
              0.865234375,
              -0.351806640625,
              -0.06880727410316467
            ],
            [
              -0.49755859375,
              0.494873046875,
              0.71240234375,
              -0.19765889644622803
            ]
          ]
        ]
      },
      {
        "psnr": 11.822653770446777,
        "distortion": 0.1930617392063141,
        "rotation_rmse": 7.481386184692383,
        "translation_rmse_100": 29.852066040039062,
        "t_final": [
          [
            [
              0.7333984375,
              -0.30224609375,
              0.60888671875,
              0.07633920013904572
            ],
            [
              0.452392578125,
              0.8857421875,
              -0.105224609375,
              0.28256163001060486
            ],
            [
              -0.50732421875,
              0.352783203125,
              0.7861328125,
              0.0006357748061418533
            ]
          ]
        ]
      },
      {
        "psnr": 23.919504165649414,
        "distortion": 0.012436729855835438,
        "rotation_rmse": 0.022759461775422096,
        "translation_rmse_100": 0.23241585493087769,
        "t_final": [
          [
            [
              0.79052734375,
              -0.07940673828125,
              0.607421875,
              -0.2516402304172516
            ],
            [
              0.357177734375,
              0.865234375,
              -0.351806640625,
              -0.06900671869516373
            ],
            [
              -0.49755859375,
              0.494873046875,
              0.71240234375,
              -0.19763338565826416
            ]
          ]
        ]
      },
      {
        "psnr": 23.92510223388672,
        "distortion": 0.01249636895954609,
        "rotation_rmse": 0.016459543257951736,
        "translation_rmse_100": 0.25493544340133667,
        "t_final": [
          [
            [
              0.791015625,
              -0.07904052734375,
              0.60693359375,
              -0.25207310914993286
            ],
            [
              0.356689453125,
              0.865234375,
              -0.35205078125,
              -0.06872867047786713
            ],
            [
              -0.4970703125,
              0.494873046875,
              0.712890625,
              -0.19755078852176666
            ]
          ]
        ]
      }
    ]
  }
}