{
  "trex_0_100_even_odd": {
    "best": {
      "psnr": 24.88507843017578,
      "distortion": 0.01588614471256733,
      "rotation_rmse": 0.023850223049521446,
      "translation_rmse_100": 0.23885241150856018,
      "t_final": [
        [
          [
            0.79052734375,
            -0.07928466796875,
            0.607421875,
            -0.25178003311157227
          ],
          [
            0.357177734375,
            0.865234375,
            -0.35205078125,
            -0.06881968677043915
          ],
          [
            -0.497314453125,
            0.4951171875,
            0.71240234375,
            -0.19763843715190887
          ]
        ]
      ]
    },
    "stats_list": [
      {
        "psnr": 11.062335014343262,
        "distortion": 0.19277118146419525,
        "rotation_rmse": 19.91082191467285,
        "translation_rmse_100": 38.902069091796875,
        "t_final": [
          [
            [
              0.732421875,
              0.243896484375,
              0.6357421875,
              0.3454251289367676
            ],
            [
              -0.031707763671875,
              0.94482421875,
              -0.325927734375,
              -0.018345952033996582
            ],
            [
              -0.68017578125,
              0.2186279296875,
              0.69970703125,
              -0.5132630467414856
            ]
          ]
        ]
      },
      {
        "psnr": 24.8201847076416,
        "distortion": 0.01580842211842537,
        "rotation_rmse": 0.020136330276727676,
        "translation_rmse_100": 0.2335067093372345,
        "t_final": [
          [
            [
              0.79052734375,
              -0.0792236328125,
              0.607421875,
              -0.2516845464706421
            ],
            [
              0.35693359375,
              0.865234375,
              -0.35205078125,
              -0.06883395463228226
            ],
            [
              -0.49755859375,
              0.4951171875,
              0.71240234375,
              -0.19764494895935059
            ]
          ]
        ]
      },
      {
        "psnr": 11.15163803100586,
        "distortion": 0.19688767194747925,
        "rotation_rmse": 5.7924981117248535,
        "translation_rmse_100": 47.93217086791992,
        "t_final": [
          [
            [
              0.7890625,
              -0.09918212890625,
              0.60595703125,
              0.503233790397644
            ],
            [
              0.435791015625,
              0.78564453125,
              -0.43896484375,
              0.0742763951420784
            ],
            [
              -0.432861328125,
              0.6103515625,
              0.6630859375,
              -0.5215486884117126
            ]
          ]
        ]
      },
      {
        "psnr": 24.793922424316406,
        "distortion": 0.01579575054347515,
        "rotation_rmse": 0.02076476812362671,
        "translation_rmse_100": 0.22671757638454437,
        "t_final": [
          [
            [
              0.79052734375,
              -0.07940673828125,
              0.60693359375,
              -0.2515730559825897
            ],
            [
              0.35693359375,
              0.865234375,
              -0.35205078125,
              -0.06880627572536469
            ],
            [
              -0.497314453125,
              0.4951171875,
              0.71240234375,
              -0.19755281507968903
            ]
          ]
        ]
      },
      {
        "psnr": 10.87636661529541,
        "distortion": 0.20982660353183746,
        "rotation_rmse": 7.4408063888549805,
        "translation_rmse_100": 62.235008239746094,
        "t_final": [
          [
            [
              0.74072265625,
              0.075439453125,
              0.66748046875,
              0.7598743438720703
            ],
            [
              0.21826171875,
              0.9130859375,
              -0.34521484375,
              -0.18850168585777283
            ],
            [
              -0.63525390625,
              0.4013671875,
              0.65966796875,
              -0.5612505674362183
            ]
          ]
        ]
      },
      {
        "psnr": 24.798534393310547,
        "distortion": 0.016279976814985275,
        "rotation_rmse": 0.017201539129018784,
        "translation_rmse_100": 0.23494216799736023,
        "t_final": [
          [
            [
              0.79052734375,
              -0.0794677734375,
              0.60693359375,
              -0.2517147660255432
            ],
            [
              0.35693359375,
              0.865234375,
              -0.351806640625,
              -0.06878959387540817
            ],
            [
              -0.497314453125,
              0.494873046875,
              0.71240234375,
              -0.19764909148216248
            ]
          ]
        ]
      },
      {
        "psnr": 10.368938446044922,
        "distortion": 0.12047398835420609,
        "rotation_rmse": 7.970019340515137,
        "translation_rmse_100": 19.32029151916504,
        "t_final": [
          [
            [
              0.8701171875,
              -0.0194091796875,
              0.4921875,
              -0.28904834389686584
            ],
            [
              0.212890625,
              0.916015625,
              -0.340087890625,
              0.16977137327194214
            ],
            [
              -0.444091796875,
              0.400634765625,
              0.80126953125,
              0.03403158113360405
            ]
          ]
        ]
      },
      {
        "psnr": 24.73649024963379,
        "distortion": 0.016136782243847847,
        "rotation_rmse": 0.026142636314034462,
        "translation_rmse_100": 0.23580196499824524,
        "t_final": [
          [
            [
              0.79052734375,
              -0.07940673828125,
              0.607421875,
              -0.25171536207199097
            ],
            [
              0.357177734375,
              0.865234375,
              -0.35205078125,
              -0.06887911260128021
            ],
            [
              -0.497314453125,
              0.4951171875,
              0.71240234375,
              -0.1977037787437439
            ]
          ]
        ]
      },
      {
        "psnr": 24.88507843017578,
        "distortion": 0.01588614471256733,
        "rotation_rmse": 0.023850223049521446,
        "translation_rmse_100": 0.23885241150856018,
        "t_final": [
          [
            [
              0.79052734375,
              -0.07928466796875,
              0.607421875,
              -0.25178003311157227
            ],
            [
              0.357177734375,
              0.865234375,
              -0.35205078125,
              -0.06881968677043915
            ],
            [
              -0.497314453125,
              0.4951171875,
              0.71240234375,
              -0.19763843715190887
            ]
          ]
        ]
      },
      {
        "psnr": 24.754026412963867,
        "distortion": 0.01619136892259121,
        "rotation_rmse": 0.02076476812362671,
        "translation_rmse_100": 0.22966289520263672,
        "t_final": [
          [
            [
              0.79052734375,
              -0.07940673828125,
              0.60693359375,
              -0.2516290843486786
            ],
            [
              0.35693359375,
              0.865234375,
              -0.35205078125,
              -0.06873853504657745
            ],
            [
              -0.497314453125,
              0.4951171875,
              0.71240234375,
              -0.1976325511932373
            ]
          ]
        ]
      }
    ]
  }
}