{
  "fern_50_50": {
    "best": {
      "psnr": 22.3646297454834,
      "distortion": 0.017141908407211304,
      "rotation_rmse": 0.0077576665207743645,
      "translation_rmse_100": 0.036604516208171844,
      "t_final": [
        [
          [
            0.9130859375,
            0.1806640625,
            0.365234375,
            -0.3548400402069092
          ],
          [
            0.10699462890625,
            0.75830078125,
            -0.64306640625,
            0.3305758237838745
          ],
          [
            -0.39306640625,
            0.62646484375,
            0.67333984375,
            0.07444487512111664
          ]
        ]
      ]
    },
    "stats_list": [
      {
        "psnr": 22.35389518737793,
        "distortion": 0.01722397282719612,
        "rotation_rmse": 0.008353449404239655,
        "translation_rmse_100": 0.024829542264342308,
        "t_final": [
          [
            [
              0.9130859375,
              0.1805419921875,
              0.365234375,
              -0.3545766770839691
            ],
            [
              0.1070556640625,
              0.75830078125,
              -0.64306640625,
              0.3305599093437195
            ],
            [
              -0.39306640625,
              0.62646484375,
              0.67333984375,
              0.0745900347828865
            ]
          ]
        ]
      },
      {
        "psnr": 22.361026763916016,
        "distortion": 0.017213087528944016,
        "rotation_rmse": 0.004594453144818544,
        "translation_rmse_100": 0.041338156908750534,
        "t_final": [
          [
            [
              0.91357421875,
              0.1805419921875,
              0.364990234375,
              -0.354925274848938
            ],
            [
              0.1070556640625,
              0.75830078125,
              -0.64306640625,
              0.3305785059928894
            ],
            [
              -0.392822265625,
              0.62646484375,
              0.67333984375,
              0.0743338018655777
            ]
          ]
        ]
      },
      {
        "psnr": 22.3646297454834,
        "distortion": 0.017141908407211304,
        "rotation_rmse": 0.0077576665207743645,
        "translation_rmse_100": 0.036604516208171844,
        "t_final": [
          [
            [
              0.9130859375,
              0.1806640625,
              0.365234375,
              -0.3548400402069092
            ],
            [
              0.10699462890625,
              0.75830078125,
              -0.64306640625,
              0.3305758237838745
            ],
            [
              -0.39306640625,
              0.62646484375,
              0.67333984375,
              0.07444487512111664
            ]
          ]
        ]
      },
      {
        "psnr": 11.212769508361816,
        "distortion": 0.1041487455368042,
        "rotation_rmse": 23.833683013916016,
        "translation_rmse_100": 26.070636749267578,
        "t_final": [
          [
            [
              0.91455078125,
              -0.3984375,
              0.0711669921875,
              -0.5219135284423828
            ],
            [
              0.40283203125,
              0.87890625,
              -0.255859375,
              0.07432696968317032
            ],
            [
              0.03936767578125,
              0.262451171875,
              0.96435546875,
              -0.2574089765548706
            ]
          ]
        ]
      },
      {
        "psnr": 12.73447322845459,
        "distortion": 0.04812458157539368,
        "rotation_rmse": 23.51856803894043,
        "translation_rmse_100": 21.39971923828125,
        "t_final": [
          [
            [
              0.5869140625,
              -0.357666015625,
              0.72607421875,
              -0.535157322883606
            ],
            [
              0.5966796875,
              0.79736328125,
              -0.08984375,
              0.007283167913556099
            ],
            [
              -0.546875,
              0.486328125,
              0.681640625,
              0.08336444199085236
            ]
          ]
        ]
      },
      {
        "psnr": 12.011966705322266,
        "distortion": 0.04881208389997482,
        "rotation_rmse": 23.988662719726562,
        "translation_rmse_100": 25.19834327697754,
        "t_final": [
          [
            [
              0.61474609375,
              -0.439208984375,
              0.6552734375,
              -0.6644977927207947
            ],
            [
              0.67138671875,
              0.7275390625,
              -0.1422119140625,
              0.028953511267900467
            ],
            [
              -0.4140625,
              0.52734375,
              0.74169921875,
              0.017870618030428886
            ]
          ]
        ]
      },
      {
        "psnr": 22.32917022705078,
        "distortion": 0.01717519387602806,
        "rotation_rmse": 0.011019512079656124,
        "translation_rmse_100": 0.03053712099790573,
        "t_final": [
          [
            [
              0.9130859375,
              0.180419921875,
              0.365234375,
              -0.3547270894050598
            ],
            [
              0.107177734375,
              0.75830078125,
              -0.64306640625,
              0.3305230438709259
            ],
            [
              -0.39306640625,
              0.62646484375,
              0.67333984375,
              0.07441049069166183
            ]
          ]
        ]
      },
      {
        "psnr": 12.40216064453125,
        "distortion": 0.02990102954208851,
        "rotation_rmse": 4.693761348724365,
        "translation_rmse_100": 85.58488464355469,
        "t_final": [
          [
            [
              0.9580078125,
              0.131103515625,
              0.25341796875,
              -0.7266136407852173
            ],
            [
              0.08770751953125,
              0.70947265625,
              -0.69921875,
              -1.0937525033950806
            ],
            [
              -0.271484375,
              0.6923828125,
              0.66845703125,
              0.24712081253528595
            ]
          ]
        ]
      },
      {
        "psnr": 22.324989318847656,
        "distortion": 0.017117546871304512,
        "rotation_rmse": 0.012624794617295265,
        "translation_rmse_100": 0.04596935585141182,
        "t_final": [
          [
            [
              0.9130859375,
              0.1806640625,
              0.365234375,
              -0.3549746870994568
            ],
            [
              0.10723876953125,
              0.75830078125,
              -0.64306640625,
              0.3306484520435333
            ],
            [
              -0.39306640625,
              0.62646484375,
              0.6728515625,
              0.07460977882146835
            ]
          ]
        ]
      },
      {
        "psnr": 11.404951095581055,
        "distortion": 0.09368821233510971,
        "rotation_rmse": 18.98624038696289,
        "translation_rmse_100": 56.34484100341797,
        "t_final": [
          [
            [
              0.685546875,
              -0.2685546875,
              0.6767578125,
              -0.4579654037952423
            ],
            [
              0.458251953125,
              0.88134765625,
              -0.11419677734375,
              -0.6331639885902405
            ],
            [
              -0.56591796875,
              0.388427734375,
              0.72705078125,
              0.1872028410434723
            ]
          ]
        ]
      }
    ]
  }
}