{
  "fern_30_70_even_odd": {
    "best": {
      "psnr": 21.841068267822266,
      "distortion": 0.017531543970108032,
      "rotation_rmse": 0.04127109795808792,
      "translation_rmse_100": 0.18987689912319183,
      "t_final": [
        [
          [
            0.91357421875,
            0.1802978515625,
            0.3642578125,
            -0.357446551322937
          ],
          [
            0.1065673828125,
            0.7587890625,
            -0.642578125,
            0.3311454653739929
          ],
          [
            -0.392333984375,
            0.6259765625,
            0.673828125,
            0.07403843849897385
          ]
        ]
      ]
    },
    "stats_list": [
      {
        "psnr": 11.83956241607666,
        "distortion": 0.02074361965060234,
        "rotation_rmse": 9.362321853637695,
        "translation_rmse_100": 6.099066734313965,
        "t_final": [
          [
            [
              0.9716796875,
              0.1844482421875,
              0.1483154296875,
              -0.3159872889518738
            ],
            [
              -0.0626220703125,
              0.8046875,
              -0.59033203125,
              0.3664664924144745
            ],
            [
              -0.2281494140625,
              0.564453125,
              0.79345703125,
              -0.017358355224132538
            ]
          ]
        ]
      },
      {
        "psnr": 21.73736572265625,
        "distortion": 0.01792905479669571,
        "rotation_rmse": 0.047107595950365067,
        "translation_rmse_100": 0.19500921666622162,
        "t_final": [
          [
            [
              0.91357421875,
              0.1807861328125,
              0.364013671875,
              -0.3574517071247101
            ],
            [
              0.10595703125,
              0.75830078125,
              -0.64306640625,
              0.33143025636672974
            ],
            [
              -0.392333984375,
              0.6259765625,
              0.673828125,
              0.07382176071405411
            ]
          ]
        ]
      },
      {
        "psnr": 10.704957008361816,
        "distortion": 0.09838014841079712,
        "rotation_rmse": 17.722492218017578,
        "translation_rmse_100": 49.68047332763672,
        "t_final": [
          [
            [
              0.7431640625,
              -0.07220458984375,
              0.6650390625,
              0.21016298234462738
            ],
            [
              0.52783203125,
              0.673828125,
              -0.51708984375,
              -0.3137531876564026
            ],
            [
              -0.410888671875,
              0.7353515625,
              0.5390625,
              0.15607476234436035
            ]
          ]
        ]
      },
      {
        "psnr": 11.883430480957031,
        "distortion": 0.049016330391168594,
        "rotation_rmse": 18.7255916595459,
        "translation_rmse_100": 9.387085914611816,
        "t_final": [
          [
            [
              0.66943359375,
              -0.224609375,
              0.7080078125,
              -0.4444206953048706
            ],
            [
              0.4521484375,
              0.87939453125,
              -0.1484375,
              0.42559343576431274
            ],
            [
              -0.58935546875,
              0.41943359375,
              0.6904296875,
              -0.021971017122268677
            ]
          ]
        ]
      },
      {
        "psnr": 10.845353126525879,
        "distortion": 0.06604119390249252,
        "rotation_rmse": 12.668414115905762,
        "translation_rmse_100": 60.05902099609375,
        "t_final": [
          [
            [
              0.8330078125,
              -0.0299835205078125,
              0.55224609375,
              -0.3869308531284332
            ],
            [
              0.420654296875,
              0.6826171875,
              -0.59765625,
              -0.7006320357322693
            ],
            [
              -0.359130859375,
              0.72998046875,
              0.58154296875,
              -0.057998377829790115
            ]
          ]
        ]
      },
      {
        "psnr": 21.7313232421875,
        "distortion": 0.01790636219084263,
        "rotation_rmse": 0.03674817457795143,
        "translation_rmse_100": 0.1658044010400772,
        "t_final": [
          [
            [
              0.91357421875,
              0.1806640625,
              0.364501953125,
              -0.35702237486839294
            ],
            [
              0.106689453125,
              0.7587890625,
              -0.642578125,
              0.33109250664711
            ],
            [
              -0.392578125,
              0.6259765625,
              0.673828125,
              0.07397819310426712
            ]
          ]
        ]
      },
      {
        "psnr": 21.745723724365234,
        "distortion": 0.017893772572278976,
        "rotation_rmse": 0.06814049184322357,
        "translation_rmse_100": 0.1570410132408142,
        "t_final": [
          [
            [
              0.9140625,
              0.1810302734375,
              0.363525390625,
              -0.35674184560775757
            ],
            [
              0.1055908203125,
              0.75830078125,
              -0.64306640625,
              0.3313787281513214
            ],
            [
              -0.39208984375,
              0.6259765625,
              0.673828125,
              0.07369135320186615
            ]
          ]
        ]
      },
      {
        "psnr": 21.75832748413086,
        "distortion": 0.0176237802952528,
        "rotation_rmse": 0.04073795676231384,
        "translation_rmse_100": 0.17040151357650757,
        "t_final": [
          [
            [
              0.91357421875,
              0.1806640625,
              0.364501953125,
              -0.35709211230278015
            ],
            [
              0.1063232421875,
              0.7587890625,
              -0.642578125,
              0.331218957901001
            ],
            [
              -0.392578125,
              0.6259765625,
              0.673828125,
              0.0740659162402153
            ]
          ]
        ]
      },
      {
        "psnr": 21.841068267822266,
        "distortion": 0.017531543970108032,
        "rotation_rmse": 0.04127109795808792,
        "translation_rmse_100": 0.18987689912319183,
        "t_final": [
          [
            [
              0.91357421875,
              0.1802978515625,
              0.3642578125,
              -0.357446551322937
            ],
            [
              0.1065673828125,
              0.7587890625,
              -0.642578125,
              0.3311454653739929
            ],
            [
              -0.392333984375,
              0.6259765625,
              0.673828125,
              0.07403843849897385
            ]
          ]
        ]
      },
      {
        "psnr": 10.493255615234375,
        "distortion": 0.06791800260543823,
        "rotation_rmse": 14.970897674560547,
        "translation_rmse_100": 70.10548400878906,
        "t_final": [
          [
            [
              0.90576171875,
              -0.01055145263671875,
              0.42333984375,
              -0.6189529895782471
            ],
            [
              0.12249755859375,
              0.96337890625,
              -0.23828125,
              -0.8059089779853821
            ],
            [
              -0.4052734375,
              0.267822265625,
              0.8740234375,
              0.4099218547344208
            ]
          ]
        ]
      }
    ]
  }
}