{
  "trex_30_70_even_odd": {
    "best": {
      "psnr": 24.04136848449707,
      "distortion": 0.012359019368886948,
      "rotation_rmse": 0.021374637261033058,
      "translation_rmse_100": 0.24375252425670624,
      "t_final": [
        [
          [
            0.791015625,
            -0.0794677734375,
            0.60693359375,
            -0.25188174843788147
          ],
          [
            0.35693359375,
            0.865234375,
            -0.35205078125,
            -0.06863071769475937
          ],
          [
            -0.4970703125,
            0.4951171875,
            0.712890625,
            -0.19767408072948456
          ]
        ]
      ]
    },
    "stats_list": [
      {
        "psnr": 11.386749267578125,
        "distortion": 0.19253873825073242,
        "rotation_rmse": 16.03444480895996,
        "translation_rmse_100": 49.01113510131836,
        "t_final": [
          [
            [
              0.69580078125,
              -0.016265869140625,
              0.7177734375,
              0.45068079233169556
            ],
            [
              0.1434326171875,
              0.98291015625,
              -0.11676025390625,
              0.020948845893144608
            ],
            [
              -0.70361328125,
              0.1842041015625,
              0.6865234375,
              -0.6717346906661987
            ]
          ]
        ]
      },
      {
        "psnr": 23.891643524169922,
        "distortion": 0.012414318509399891,
        "rotation_rmse": 0.0175439715385437,
        "translation_rmse_100": 0.2325240820646286,
        "t_final": [
          [
            [
              0.79052734375,
              -0.0792236328125,
              0.60693359375,
              -0.2516827881336212
            ],
            [
              0.35693359375,
              0.865234375,
              -0.35205078125,
              -0.06871365010738373
            ],
            [
              -0.497314453125,
              0.4951171875,
              0.71240234375,
              -0.19760194420814514
            ]
          ]
        ]
      },
      {
        "psnr": 11.636833190917969,
        "distortion": 0.209295853972435,
        "rotation_rmse": 5.731317520141602,
        "translation_rmse_100": 88.6669921875,
        "t_final": [
          [
            [
              0.806640625,
              -0.1278076171875,
              0.57666015625,
              1.1438865661621094
            ],
            [
              0.4365234375,
              0.78662109375,
              -0.436279296875,
              0.5466226935386658
            ],
            [
              -0.39794921875,
              0.603515625,
              0.6904296875,
              0.012173708528280258
            ]
          ]
        ]
      },
      {
        "psnr": 23.979206085205078,
        "distortion": 0.012503244914114475,
        "rotation_rmse": 0.014674069359898567,
        "translation_rmse_100": 0.22157903015613556,
        "t_final": [
          [
            [
              0.791015625,
              -0.07928466796875,
              0.60693359375,
              -0.25149646401405334
            ],
            [
              0.35693359375,
              0.865234375,
              -0.35205078125,
              -0.0686984434723854
            ],
            [
              -0.497314453125,
              0.494873046875,
              0.71240234375,
              -0.19750533998012543
            ]
          ]
        ]
      },
      {
        "psnr": 23.91388511657715,
        "distortion": 0.012355383485555649,
        "rotation_rmse": 0.019676560536026955,
        "translation_rmse_100": 0.21961121261119843,
        "t_final": [
          [
            [
              0.79052734375,
              -0.079345703125,
              0.60693359375,
              -0.2514309585094452
            ],
            [
              0.35693359375,
              0.865234375,
              -0.35205078125,
              -0.06887353956699371
            ],
            [
              -0.497314453125,
              0.4951171875,
              0.71240234375,
              -0.19772246479988098
            ]
          ]
        ]
      },
      {
        "psnr": 23.979419708251953,
        "distortion": 0.012251625768840313,
        "rotation_rmse": 0.01657835952937603,
        "translation_rmse_100": 0.23620806634426117,
        "t_final": [
          [
            [
              0.791015625,
              -0.07940673828125,
              0.60693359375,
              -0.25174617767333984
            ],
            [
              0.35693359375,
              0.865234375,
              -0.351806640625,
              -0.06874684244394302
            ],
            [
              -0.497314453125,
              0.494873046875,
              0.712890625,
              -0.19751228392124176
            ]
          ]
        ]
      },
      {
        "psnr": 24.04136848449707,
        "distortion": 0.012359019368886948,
        "rotation_rmse": 0.021374637261033058,
        "translation_rmse_100": 0.24375252425670624,
        "t_final": [
          [
            [
              0.791015625,
              -0.0794677734375,
              0.60693359375,
              -0.25188174843788147
            ],
            [
              0.35693359375,
              0.865234375,
              -0.35205078125,
              -0.06863071769475937
            ],
            [
              -0.4970703125,
              0.4951171875,
              0.712890625,
              -0.19767408072948456
            ]
          ]
        ]
      },
      {
        "psnr": 11.840131759643555,
        "distortion": 0.19282923638820648,
        "rotation_rmse": 7.2160725593566895,
        "translation_rmse_100": 30.937341690063477,
        "t_final": [
          [
            [
              0.7021484375,
              -0.302734375,
              0.64453125,
              0.08381561934947968
            ],
            [
              0.5107421875,
              0.8447265625,
              -0.15966796875,
              0.29359152913093567
            ],
            [
              -0.49609375,
              0.44140625,
              0.74755859375,
              0.01764809712767601
            ]
          ]
        ]
      },
      {
        "psnr": 23.93871307373047,
        "distortion": 0.01234089769423008,
        "rotation_rmse": 0.01050902996212244,
        "translation_rmse_100": 0.24284811317920685,
        "t_final": [
          [
            [
              0.791015625,
              -0.0792236328125,
              0.60693359375,
              -0.2518479824066162
            ],
            [
              0.356689453125,
              0.865234375,
              -0.35205078125,
              -0.06884390115737915
            ],
            [
              -0.497314453125,
              0.494873046875,
              0.71240234375,
              -0.19761326909065247
            ]
          ]
        ]
      },
      {
        "psnr": 23.930641174316406,
        "distortion": 0.01262481790035963,
        "rotation_rmse": 0.016097044572234154,
        "translation_rmse_100": 0.24000024795532227,
        "t_final": [
          [
            [
              0.79052734375,
              -0.07928466796875,
              0.607421875,
              -0.251806378364563
            ],
            [
              0.35693359375,
              0.865234375,
              -0.351806640625,
              -0.06878390163183212
            ],
            [
              -0.49755859375,
              0.494873046875,
              0.71240234375,
              -0.19758564233779907
            ]
          ]
        ]
      }
    ]
  }
}