{
  "fern_30_70_even_odd": {
    "best": {
      "psnr": 22.60942840576172,
      "distortion": 0.017844799906015396,
      "rotation_rmse": 0.01121962908655405,
      "translation_rmse_100": 0.034273501485586166,
      "t_final": [
        [
          [
            0.91357421875,
            0.1805419921875,
            0.364990234375,
            -0.3547573983669281
          ],
          [
            0.1068115234375,
            0.75830078125,
            -0.64306640625,
            0.33079397678375244
          ],
          [
            -0.392822265625,
            0.6259765625,
            0.67333984375,
            0.0741899311542511
          ]
        ]
      ]
    },
    "stats_list": [
      {
        "psnr": 22.60942840576172,
        "distortion": 0.017844799906015396,
        "rotation_rmse": 0.01121962908655405,
        "translation_rmse_100": 0.034273501485586166,
        "t_final": [
          [
            [
              0.91357421875,
              0.1805419921875,
              0.364990234375,
              -0.3547573983669281
            ],
            [
              0.1068115234375,
              0.75830078125,
              -0.64306640625,
              0.33079397678375244
            ],
            [
              -0.392822265625,
              0.6259765625,
              0.67333984375,
              0.0741899311542511
            ]
          ]
        ]
      },
      {
        "psnr": 22.608978271484375,
        "distortion": 0.017834307625889778,
        "rotation_rmse": 0.02518925629556179,
        "translation_rmse_100": 0.016904639080166817,
        "t_final": [
          [
            [
              0.91357421875,
              0.1806640625,
              0.364990234375,
              -0.35445669293403625
            ],
            [
              0.10675048828125,
              0.7587890625,
              -0.642578125,
              0.3307717740535736
            ],
            [
              -0.392822265625,
              0.6259765625,
              0.67333984375,
              0.07427281886339188
            ]
          ]
        ]
      },
      {
        "psnr": 22.603322982788086,
        "distortion": 0.017989903688430786,
        "rotation_rmse": 0.021111680194735527,
        "translation_rmse_100": 0.03747095912694931,
        "t_final": [
          [
            [
              0.91357421875,
              0.18017578125,
              0.365234375,
              -0.3547486364841461
            ],
            [
              0.10748291015625,
              0.7587890625,
              -0.642578125,
              0.3303573429584503
            ],
            [
              -0.392822265625,
              0.6259765625,
              0.67333984375,
              0.07414746284484863
            ]
          ]
        ]
      },
      {
        "psnr": 10.826180458068848,
        "distortion": 0.11982899904251099,
        "rotation_rmse": 20.02820587158203,
        "translation_rmse_100": 34.161598205566406,
        "t_final": [
          [
            [
              0.70458984375,
              -0.2108154296875,
              0.677734375,
              0.16373373568058014
            ],
            [
              0.314453125,
              0.94873046875,
              -0.03155517578125,
              0.04517677426338196
            ],
            [
              -0.63623046875,
              0.2353515625,
              0.73486328125,
              0.09289069473743439
            ]
          ]
        ]
      },
      {
        "psnr": 11.19115924835205,
        "distortion": 0.06943651288747787,
        "rotation_rmse": 5.857626438140869,
        "translation_rmse_100": 77.42506408691406,
        "t_final": [
          [
            [
              0.9296875,
              0.08709716796875,
              0.35791015625,
              -0.15474575757980347
            ],
            [
              0.2049560546875,
              0.685546875,
              -0.69873046875,
              -0.9954778552055359
            ],
            [
              -0.30615234375,
              0.72265625,
              0.61962890625,
              0.07586544007062912
            ]
          ]
        ]
      },
      {
        "psnr": 10.921229362487793,
        "distortion": 0.11026589572429657,
        "rotation_rmse": 8.425148963928223,
        "translation_rmse_100": 57.948570251464844,
        "t_final": [
          [
            [
              0.873046875,
              0.0369873046875,
              0.486328125,
              0.5464920997619629
            ],
            [
              0.3173828125,
              0.71435546875,
              -0.6240234375,
              0.045731574296951294
            ],
            [
              -0.370361328125,
              0.69873046875,
              0.61181640625,
              -0.26468849182128906
            ]
          ]
        ]
      },
      {
        "psnr": 11.38686466217041,
        "distortion": 0.07468169182538986,
        "rotation_rmse": 7.281299591064453,
        "translation_rmse_100": 74.24862670898438,
        "t_final": [
          [
            [
              0.9443359375,
              0.261474609375,
              0.1995849609375,
              -0.11952634155750275
            ],
            [
              -0.0733642578125,
              0.75927734375,
              -0.64697265625,
              -0.9286268353462219
            ],
            [
              -0.320556640625,
              0.59619140625,
              0.736328125,
              0.1884532868862152
            ]
          ]
        ]
      },
      {
        "psnr": 11.410781860351562,
        "distortion": 0.0696377381682396,
        "rotation_rmse": 3.348452568054199,
        "translation_rmse_100": 74.93309020996094,
        "t_final": [
          [
            [
              0.9423828125,
              0.1995849609375,
              0.268798828125,
              -0.058126769959926605
            ],
            [
              0.036773681640625,
              0.736328125,
              -0.67578125,
              -0.9329644441604614
            ],
            [
              -0.332763671875,
              0.646484375,
              0.6865234375,
              0.0850226879119873
            ]
          ]
        ]
      },
      {
        "psnr": 22.596471786499023,
        "distortion": 0.017866937443614006,
        "rotation_rmse": 0.020549355074763298,
        "translation_rmse_100": 0.01143893413245678,
        "t_final": [
          [
            [
              0.91357421875,
              0.1802978515625,
              0.364990234375,
              -0.3542709946632385
            ],
            [
              0.10699462890625,
              0.7587890625,
              -0.642578125,
              0.3305196762084961
            ],
            [
              -0.392822265625,
              0.6259765625,
              0.67333984375,
              0.07423363626003265
            ]
          ]
        ]
      },
      {
        "psnr": 10.973459243774414,
        "distortion": 0.05540928989648819,
        "rotation_rmse": 3.1571812629699707,
        "translation_rmse_100": 77.3454818725586,
        "t_final": [
          [
            [
              0.93115234375,
              0.1612548828125,
              0.32763671875,
              -0.4817541241645813
            ],
            [
              0.072265625,
              0.7978515625,
              -0.59814453125,
              -0.9929916858673096
            ],
            [
              -0.35791015625,
              0.58056640625,
              0.7314453125,
              0.23690670728683472
            ]
          ]
        ]
      }
    ]
  }
}