{
  "horns_0_100_even_odd": {
    "best": {
      "psnr": 11.804769515991211,
      "distortion": 0.21653933823108673,
      "rotation_rmse": 12.277645111083984,
      "translation_rmse_100": 48.60226821899414,
      "t_final": [
        [
          [
            0.83251953125,
            -0.1707763671875,
            0.52734375,
            0.10649945586919785
          ],
          [
            0.340087890625,
            0.90869140625,
            -0.24267578125,
            0.9485746026039124
          ],
          [
            -0.437744140625,
            0.38134765625,
            0.814453125,
            -0.11874015629291534
          ]
        ]
      ]
    },
    "stats_list": [
      {
        "psnr": 11.663752555847168,
        "distortion": 0.20883671939373016,
        "rotation_rmse": 35.23750305175781,
        "translation_rmse_100": 35.60284423828125,
        "t_final": [
          [
            [
              0.673828125,
              -0.73876953125,
              0.0004630088806152344,
              0.16656166315078735
            ],
            [
              0.72265625,
              0.65869140625,
              -0.2095947265625,
              0.5359520316123962
            ],
            [
              0.154541015625,
              0.1416015625,
              0.97802734375,
              0.17510592937469482
            ]
          ]
        ]
      },
      {
        "psnr": 11.635452270507812,
        "distortion": 0.2062375545501709,
        "rotation_rmse": 19.558364868164062,
        "translation_rmse_100": 37.82632827758789,
        "t_final": [
          [
            [
              0.94921875,
              -0.2705078125,
              0.16162109375,
              0.3007323443889618
            ],
            [
              0.313720703125,
              0.86083984375,
              -0.400146484375,
              0.5054720640182495
            ],
            [
              -0.0308990478515625,
              0.430419921875,
              0.90185546875,
              0.17316237092018127
            ]
          ]
        ]
      },
      {
        "psnr": 11.629430770874023,
        "distortion": 0.13870340585708618,
        "rotation_rmse": 32.722991943359375,
        "translation_rmse_100": 17.23592185974121,
        "t_final": [
          [
            [
              0.740234375,
              -0.6708984375,
              -0.045257568359375,
              -0.09733637422323227
            ],
            [
              0.66552734375,
              0.74072265625,
              -0.09100341796875,
              0.40078872442245483
            ],
            [
              0.09454345703125,
              0.0372314453125,
              0.99462890625,
              -0.12653881311416626
            ]
          ]
        ]
      },
      {
        "psnr": 11.570516586303711,
        "distortion": 0.2083142250776291,
        "rotation_rmse": 27.899770736694336,
        "translation_rmse_100": 35.141807556152344,
        "t_final": [
          [
            [
              0.66650390625,
              -0.5380859375,
              0.515625,
              0.10574665665626526
            ],
            [
              0.70166015625,
              0.6865234375,
              -0.190185546875,
              0.7078293561935425
            ],
            [
              -0.251708984375,
              0.488525390625,
              0.83544921875,
              -0.12397883087396622
            ]
          ]
        ]
      },
      {
        "psnr": 11.64033317565918,
        "distortion": 0.17584964632987976,
        "rotation_rmse": 16.605785369873047,
        "translation_rmse_100": 25.80389404296875,
        "t_final": [
          [
            [
              0.9775390625,
              -0.173095703125,
              0.12066650390625,
              0.2554991841316223
            ],
            [
              0.1978759765625,
              0.95068359375,
              -0.239013671875,
              0.384924054145813
            ],
            [
              -0.07330322265625,
              0.257568359375,
              0.96337890625,
              -0.02642419934272766
            ]
          ]
        ]
      },
      {
        "psnr": 11.552485466003418,
        "distortion": 0.17492471635341644,
        "rotation_rmse": 14.77198314666748,
        "translation_rmse_100": 26.467435836791992,
        "t_final": [
          [
            [
              0.96044921875,
              -0.1590576171875,
              0.2293701171875,
              0.2589208483695984
            ],
            [
              0.2357177734375,
              0.90234375,
              -0.361328125,
              0.3697529435157776
            ],
            [
              -0.1495361328125,
              0.40087890625,
              0.90380859375,
              0.008336680941283703
            ]
          ]
        ]
      },
      {
        "psnr": 11.4461030960083,
        "distortion": 0.24227368831634521,
        "rotation_rmse": 11.35090160369873,
        "translation_rmse_100": 85.30348205566406,
        "t_final": [
          [
            [
              0.9189453125,
              -0.0113677978515625,
              0.39404296875,
              1.1945264339447021
            ],
            [
              0.2054443359375,
              0.86669921875,
              -0.4541015625,
              0.14291790127754211
            ],
            [
              -0.33642578125,
              0.498291015625,
              0.798828125,
              0.5682005882263184
            ]
          ]
        ]
      },
      {
        "psnr": 11.804769515991211,
        "distortion": 0.21653933823108673,
        "rotation_rmse": 12.277645111083984,
        "translation_rmse_100": 48.60226821899414,
        "t_final": [
          [
            [
              0.83251953125,
              -0.1707763671875,
              0.52734375,
              0.10649945586919785
            ],
            [
              0.340087890625,
              0.90869140625,
              -0.24267578125,
              0.9485746026039124
            ],
            [
              -0.437744140625,
              0.38134765625,
              0.814453125,
              -0.11874015629291534
            ]
          ]
        ]
      },
      {
        "psnr": 11.577805519104004,
        "distortion": 0.22569547593593597,
        "rotation_rmse": 17.502525329589844,
        "translation_rmse_100": 52.878631591796875,
        "t_final": [
          [
            [
              0.9501953125,
              -0.1761474609375,
              0.25634765625,
              0.4783974885940552
            ],
            [
              0.283203125,
              0.8310546875,
              -0.478515625,
              0.5862770080566406
            ],
            [
              -0.1287841796875,
              0.52734375,
              0.83984375,
              0.35984838008880615
            ]
          ]
        ]
      },
      {
        "psnr": 11.503283500671387,
        "distortion": 0.22691193222999573,
        "rotation_rmse": 20.932153701782227,
        "translation_rmse_100": 51.65632247924805,
        "t_final": [
          [
            [
              0.931640625,
              -0.21337890625,
              0.29443359375,
              0.5301365256309509
            ],
            [
              0.348388671875,
              0.755859375,
              -0.5546875,
              0.5192322731018066
            ],
            [
              -0.10430908203125,
              0.619140625,
              0.7783203125,
              0.32695966958999634
            ]
          ]
        ]
      }
    ]
  }
}