{
  "horns_50_50": {
    "best": {
      "psnr": 20.857988357543945,
      "distortion": 0.016958672553300858,
      "rotation_rmse": 0.020894285291433334,
      "translation_rmse_100": 0.1353977918624878,
      "t_final": [
        [
          [
            0.8564453125,
            0.1353759765625,
            0.49853515625,
            -0.046147145330905914
          ],
          [
            0.03466796875,
            0.94775390625,
            -0.31689453125,
            0.12847720086574554
          ],
          [
            -0.515625,
            0.28857421875,
            0.806640625,
            -0.2371380627155304
          ]
        ]
      ]
    },
    "stats_list": [
      {
        "psnr": 11.424105644226074,
        "distortion": 0.20407696068286896,
        "rotation_rmse": 18.665977478027344,
        "translation_rmse_100": 57.22057342529297,
        "t_final": [
          [
            [
              0.9423828125,
              -0.235595703125,
              0.236572265625,
              0.5674715042114258
            ],
            [
              0.321044921875,
              0.83447265625,
              -0.4482421875,
              0.7437260746955872
            ],
            [
              -0.091796875,
              0.49853515625,
              0.86181640625,
              0.24254092574119568
            ]
          ]
        ]
      },
      {
        "psnr": 11.390934944152832,
        "distortion": 0.19491782784461975,
        "rotation_rmse": 18.4063720703125,
        "translation_rmse_100": 47.001277923583984,
        "t_final": [
          [
            [
              0.96923828125,
              -0.181640625,
              0.1671142578125,
              0.4502682685852051
            ],
            [
              0.2403564453125,
              0.84765625,
              -0.47265625,
              0.5760694146156311
            ],
            [
              -0.05584716796875,
              0.498046875,
              0.865234375,
              0.22999027371406555
            ]
          ]
        ]
      },
      {
        "psnr": 11.159302711486816,
        "distortion": 0.1956472098827362,
        "rotation_rmse": 18.21590805053711,
        "translation_rmse_100": 55.04129409790039,
        "t_final": [
          [
            [
              0.9931640625,
              -0.11322021484375,
              0.034423828125,
              0.5953945517539978
            ],
            [
              0.11822509765625,
              0.962890625,
              -0.2418212890625,
              0.17929966747760773
            ],
            [
              -0.005756378173828125,
              0.2442626953125,
              0.9697265625,
              0.4679296016693115
            ]
          ]
        ]
      },
      {
        "psnr": 11.88801097869873,
        "distortion": 0.13742731511592865,
        "rotation_rmse": 17.497657775878906,
        "translation_rmse_100": 43.6767578125,
        "t_final": [
          [
            [
              0.99755859375,
              0.037353515625,
              0.056884765625,
              -0.4579666554927826
            ],
            [
              -0.0293426513671875,
              0.990234375,
              -0.135498046875,
              0.5684981942176819
            ],
            [
              -0.061370849609375,
              0.133544921875,
              0.9892578125,
              0.2180355042219162
            ]
          ]
        ]
      },
      {
        "psnr": 11.309179306030273,
        "distortion": 0.21186432242393494,
        "rotation_rmse": 9.93901252746582,
        "translation_rmse_100": 72.77931213378906,
        "t_final": [
          [
            [
              0.94775390625,
              0.12890625,
              0.291015625,
              1.0926566123962402
            ],
            [
              0.03924560546875,
              0.85986328125,
              -0.5087890625,
              0.5558258891105652
            ],
            [
              -0.31591796875,
              0.493896484375,
              0.81005859375,
              0.10168673098087311
            ]
          ]
        ]
      },
      {
        "psnr": 20.857988357543945,
        "distortion": 0.016958672553300858,
        "rotation_rmse": 0.020894285291433334,
        "translation_rmse_100": 0.1353977918624878,
        "t_final": [
          [
            [
              0.8564453125,
              0.1353759765625,
              0.49853515625,
              -0.046147145330905914
            ],
            [
              0.03466796875,
              0.94775390625,
              -0.31689453125,
              0.12847720086574554
            ],
            [
              -0.515625,
              0.28857421875,
              0.806640625,
              -0.2371380627155304
            ]
          ]
        ]
      },
      {
        "psnr": 11.255721092224121,
        "distortion": 0.11950646340847015,
        "rotation_rmse": 35.712310791015625,
        "translation_rmse_100": 13.177021980285645,
        "t_final": [
          [
            [
              0.64208984375,
              -0.7666015625,
              0.0158233642578125,
              -0.04906908795237541
            ],
            [
              0.75830078125,
              0.63232421875,
              -0.1583251953125,
              0.240290567278862
            ],
            [
              0.111328125,
              0.11370849609375,
              0.9873046875,
              -0.03841152787208557
            ]
          ]
        ]
      },
      {
        "psnr": 11.030366897583008,
        "distortion": 0.06598469614982605,
        "rotation_rmse": 27.185659408569336,
        "translation_rmse_100": 27.158884048461914,
        "t_final": [
          [
            [
              0.79296875,
              -0.60107421875,
              0.10101318359375,
              -0.4515495002269745
            ],
            [
              0.60693359375,
              0.79345703125,
              -0.042572021484375,
              0.030604112893342972
            ],
            [
              -0.0545654296875,
              0.0950927734375,
              0.994140625,
              -0.024401383474469185
            ]
          ]
        ]
      },
      {
        "psnr": 20.819116592407227,
        "distortion": 0.016971366479992867,
        "rotation_rmse": 0.02243576943874359,
        "translation_rmse_100": 0.13561202585697174,
        "t_final": [
          [
            [
              0.85595703125,
              0.1365966796875,
              0.4990234375,
              -0.04615049064159393
            ],
            [
              0.03387451171875,
              0.94775390625,
              -0.3173828125,
              0.1283201426267624
            ],
            [
              -0.51611328125,
              0.28857421875,
              0.80615234375,
              -0.2374405562877655
            ]
          ]
        ]
      },
      {
        "psnr": 11.028375625610352,
        "distortion": 0.21293433010578156,
        "rotation_rmse": 9.66212272644043,
        "translation_rmse_100": 78.58010864257812,
        "t_final": [
          [
            [
              0.96484375,
              0.0301055908203125,
              0.26220703125,
              0.8621128797531128
            ],
            [
              0.0711669921875,
              0.9267578125,
              -0.368408203125,
              -0.32126283645629883
            ],
            [
              -0.254150390625,
              0.3740234375,
              0.89208984375,
              0.6729940176010132
            ]
          ]
        ]
      }
    ]
  }
}