{
  "room_50_50": {
    "best": {
      "psnr": 24.97767448425293,
      "distortion": 0.01322066318243742,
      "rotation_rmse": 0.017225593328475952,
      "translation_rmse_100": 0.15123355388641357,
      "t_final": [
        [
          [
            0.99853515625,
            0.0197601318359375,
            0.048309326171875,
            -0.2018265724182129
          ],
          [
            0.006084442138671875,
            0.875,
            -0.483642578125,
            0.19021563231945038
          ],
          [
            -0.051849365234375,
            0.4833984375,
            0.8740234375,
            0.46341511607170105
          ]
        ]
      ]
    },
    "stats_list": [
      {
        "psnr": 24.964250564575195,
        "distortion": 0.013087310828268528,
        "rotation_rmse": 0.026779161766171455,
        "translation_rmse_100": 0.1592971831560135,
        "t_final": [
          [
            [
              0.99853515625,
              0.019256591796875,
              0.047943115234375,
              -0.20197783410549164
            ],
            [
              0.0063629150390625,
              0.875,
              -0.48388671875,
              0.1900121420621872
            ],
            [
              -0.051300048828125,
              0.483642578125,
              0.87353515625,
              0.4629429876804352
            ]
          ]
        ]
      },
      {
        "psnr": 24.97614860534668,
        "distortion": 0.012909132055938244,
        "rotation_rmse": 0.02025267854332924,
        "translation_rmse_100": 0.13899576663970947,
        "t_final": [
          [
            [
              0.99853515625,
              0.0198822021484375,
              0.048431396484375,
              -0.2016376107931137
            ],
            [
              0.006031036376953125,
              0.875,
              -0.48388671875,
              0.19025059044361115
            ],
            [
              -0.052001953125,
              0.4833984375,
              0.8740234375,
              0.46326783299446106
            ]
          ]
        ]
      },
      {
        "psnr": 13.193421363830566,
        "distortion": 0.09891090542078018,
        "rotation_rmse": 10.21672534942627,
        "translation_rmse_100": 28.909286499023438,
        "t_final": [
          [
            [
              0.99365234375,
              -0.0958251953125,
              0.0601806640625,
              -0.059863340109586716
            ],
            [
              0.1102294921875,
              0.70068359375,
              -0.70458984375,
              0.024825315922498703
            ],
            [
              0.025390625,
              0.70703125,
              0.70703125,
              0.011472407728433609
            ]
          ]
        ]
      },
      {
        "psnr": 24.97767448425293,
        "distortion": 0.01322066318243742,
        "rotation_rmse": 0.017225593328475952,
        "translation_rmse_100": 0.15123355388641357,
        "t_final": [
          [
            [
              0.99853515625,
              0.0197601318359375,
              0.048309326171875,
              -0.2018265724182129
            ],
            [
              0.006084442138671875,
              0.875,
              -0.483642578125,
              0.19021563231945038
            ],
            [
              -0.051849365234375,
              0.4833984375,
              0.8740234375,
              0.46341511607170105
            ]
          ]
        ]
      },
      {
        "psnr": 24.88752555847168,
        "distortion": 0.013013241812586784,
        "rotation_rmse": 0.025570916011929512,
        "translation_rmse_100": 0.14622598886489868,
        "t_final": [
          [
            [
              0.99853515625,
              0.019622802734375,
              0.04852294921875,
              -0.20174714922904968
            ],
            [
              0.006305694580078125,
              0.875,
              -0.483642578125,
              0.1902802437543869
            ],
            [
              -0.051971435546875,
              0.4833984375,
              0.8740234375,
              0.46340224146842957
            ]
          ]
        ]
      },
      {
        "psnr": 13.140875816345215,
        "distortion": 0.08766498416662216,
        "rotation_rmse": 4.388081073760986,
        "translation_rmse_100": 32.747684478759766,
        "t_final": [
          [
            [
              0.99658203125,
              0.06610107421875,
              -0.051544189453125,
              -0.18760079145431519
            ],
            [
              -0.0816650390625,
              0.90478515625,
              -0.418212890625,
              0.4904485046863556
            ],
            [
              0.0189666748046875,
              0.421142578125,
              0.90673828125,
              -0.018320854753255844
            ]
          ]
        ]
      },
      {
        "psnr": 24.950748443603516,
        "distortion": 0.013263344764709473,
        "rotation_rmse": 0.015060736797749996,
        "translation_rmse_100": 0.14101815223693848,
        "t_final": [
          [
            [
              0.99853515625,
              0.019805908203125,
              0.048248291015625,
              -0.20166878402233124
            ],
            [
              0.006011962890625,
              0.875,
              -0.48388671875,
              0.1901370882987976
            ],
            [
              -0.051788330078125,
              0.4833984375,
              0.8740234375,
              0.4631681442260742
            ]
          ]
        ]
      },
      {
        "psnr": 24.943143844604492,
        "distortion": 0.013228161260485649,
        "rotation_rmse": 0.009373430162668228,
        "translation_rmse_100": 0.15634524822235107,
        "t_final": [
          [
            [
              0.99853515625,
              0.0198822021484375,
              0.048065185546875,
              -0.2019493132829666
            ],
            [
              0.005863189697265625,
              0.875,
              -0.48388671875,
              0.19032949209213257
            ],
            [
              -0.05169677734375,
              0.4833984375,
              0.8740234375,
              0.46326255798339844
            ]
          ]
        ]
      },
      {
        "psnr": 24.911575317382812,
        "distortion": 0.013120163232088089,
        "rotation_rmse": 0.01754646562039852,
        "translation_rmse_100": 0.1200842410326004,
        "t_final": [
          [
            [
              0.99853515625,
              0.0198822021484375,
              0.048370361328125,
              -0.20130345225334167
            ],
            [
              0.005992889404296875,
              0.875,
              -0.483642578125,
              0.1902625560760498
            ],
            [
              -0.05194091796875,
              0.4833984375,
              0.8740234375,
              0.46328380703926086
            ]
          ]
        ]
      },
      {
        "psnr": 13.111207962036133,
        "distortion": 0.09066388010978699,
        "rotation_rmse": 6.165505409240723,
        "translation_rmse_100": 35.84900665283203,
        "t_final": [
          [
            [
              0.99462890625,
              0.058807373046875,
              -0.0845947265625,
              -0.20420469343662262
            ],
            [
              -0.08612060546875,
              0.92529296875,
              -0.369140625,
              0.5145017504692078
            ],
            [
              0.05657958984375,
              0.37451171875,
              0.92529296875,
              -0.0667174756526947
            ]
          ]
        ]
      }
    ]
  }
}