{
  "room_0_100_even_odd": {
    "best": {
      "psnr": 28.510961532592773,
      "distortion": 0.008343908004462719,
      "rotation_rmse": 0.012395333498716354,
      "translation_rmse_100": 0.1296093612909317,
      "t_final": [
        [
          [
            0.99853515625,
            0.02032470703125,
            0.0477294921875,
            -0.20150335133075714
          ],
          [
            0.0052947998046875,
            0.875,
            -0.483642578125,
            0.19058744609355927
          ],
          [
            -0.051605224609375,
            0.4833984375,
            0.8740234375,
            0.46311476826667786
          ]
        ]
      ]
    },
    "stats_list": [
      {
        "psnr": 28.40605354309082,
        "distortion": 0.008252568542957306,
        "rotation_rmse": 0.011896281503140926,
        "translation_rmse_100": 0.12035464495420456,
        "t_final": [
          [
            [
              0.99853515625,
              0.020263671875,
              0.04803466796875,
              -0.2013307809829712
            ],
            [
              0.005504608154296875,
              0.875,
              -0.48388671875,
              0.19041885435581207
            ],
            [
              -0.05181884765625,
              0.4833984375,
              0.8740234375,
              0.4632198214530945
            ]
          ]
        ]
      },
      {
        "psnr": 28.368833541870117,
        "distortion": 0.008317891508340836,
        "rotation_rmse": 0.010403702966868877,
        "translation_rmse_100": 0.14717507362365723,
        "t_final": [
          [
            [
              0.99853515625,
              0.019989013671875,
              0.04803466796875,
              -0.20178499817848206
            ],
            [
              0.005764007568359375,
              0.875,
              -0.48388671875,
              0.19022178649902344
            ],
            [
              -0.05169677734375,
              0.483642578125,
              0.8740234375,
              0.4632054269313812
            ]
          ]
        ]
      },
      {
        "psnr": 12.771299362182617,
        "distortion": 0.17298702895641327,
        "rotation_rmse": 13.747212409973145,
        "translation_rmse_100": 59.228355407714844,
        "t_final": [
          [
            [
              0.98876953125,
              0.1451416015625,
              -0.032928466796875,
              0.5480836629867554
            ],
            [
              -0.1480712890625,
              0.9814453125,
              -0.1212158203125,
              -0.4842362105846405
            ],
            [
              0.01470184326171875,
              0.124755859375,
              0.9921875,
              0.2665421664714813
            ]
          ]
        ]
      },
      {
        "psnr": 28.510961532592773,
        "distortion": 0.008343908004462719,
        "rotation_rmse": 0.012395333498716354,
        "translation_rmse_100": 0.1296093612909317,
        "t_final": [
          [
            [
              0.99853515625,
              0.02032470703125,
              0.0477294921875,
              -0.20150335133075714
            ],
            [
              0.0052947998046875,
              0.875,
              -0.483642578125,
              0.19058744609355927
            ],
            [
              -0.051605224609375,
              0.4833984375,
              0.8740234375,
              0.46311476826667786
            ]
          ]
        ]
      },
      {
        "psnr": 13.258724212646484,
        "distortion": 0.21321168541908264,
        "rotation_rmse": 22.667245864868164,
        "translation_rmse_100": 45.61604690551758,
        "t_final": [
          [
            [
              0.7724609375,
              -0.56201171875,
              0.296142578125,
              0.5880373120307922
            ],
            [
              0.63525390625,
              0.67822265625,
              -0.369384765625,
              0.1265701949596405
            ],
            [
              0.006610870361328125,
              0.473388671875,
              0.880859375,
              0.48064252734184265
            ]
          ]
        ]
      },
      {
        "psnr": 12.781622886657715,
        "distortion": 0.19336242973804474,
        "rotation_rmse": 13.717157363891602,
        "translation_rmse_100": 89.33612823486328,
        "t_final": [
          [
            [
              0.9794921875,
              0.194580078125,
              0.04876708984375,
              1.1595350503921509
            ],
            [
              -0.1854248046875,
              0.97119140625,
              -0.150146484375,
              -0.12545190751552582
            ],
            [
              -0.0765380859375,
              0.1380615234375,
              0.9873046875,
              -0.2064533829689026
            ]
          ]
        ]
      },
      {
        "psnr": 12.760013580322266,
        "distortion": 0.20315702259540558,
        "rotation_rmse": 24.404285430908203,
        "translation_rmse_100": 35.712669372558594,
        "t_final": [
          [
            [
              0.861328125,
              -0.50732421875,
              -0.035400390625,
              0.3164540231227875
            ],
            [
              0.5068359375,
              0.86181640625,
              -0.0165863037109375,
              -0.15070103108882904
            ],
            [
              0.0389404296875,
              -0.003662109375,
              0.9990234375,
              0.4778887629508972
            ]
          ]
        ]
      },
      {
        "psnr": 28.38838768005371,
        "distortion": 0.008202155120670795,
        "rotation_rmse": 0.011695659719407558,
        "translation_rmse_100": 0.13647185266017914,
        "t_final": [
          [
            [
              0.99853515625,
              0.020294189453125,
              0.047760009765625,
              -0.20162542164325714
            ],
            [
              0.005336761474609375,
              0.875,
              -0.48388671875,
              0.1905042976140976
            ],
            [
              -0.0516357421875,
              0.4833984375,
              0.8740234375,
              0.4630848169326782
            ]
          ]
        ]
      },
      {
        "psnr": 28.42120933532715,
        "distortion": 0.008381238207221031,
        "rotation_rmse": 0.011023067869246006,
        "translation_rmse_100": 0.13057470321655273,
        "t_final": [
          [
            [
              0.99853515625,
              0.0200042724609375,
              0.048065185546875,
              -0.20149128139019012
            ],
            [
              0.005767822265625,
              0.875,
              -0.48388671875,
              0.1902477741241455
            ],
            [
              -0.051727294921875,
              0.483642578125,
              0.8740234375,
              0.4632519781589508
            ]
          ]
        ]
      },
      {
        "psnr": 13.193618774414062,
        "distortion": 0.20511984825134277,
        "rotation_rmse": 9.472321510314941,
        "translation_rmse_100": 110.9010238647461,
        "t_final": [
          [
            [
              0.9931640625,
              0.11553955078125,
              -0.00482940673828125,
              1.686591625213623
            ],
            [
              -0.1131591796875,
              0.962890625,
              -0.244873046875,
              -0.15912988781929016
            ],
            [
              -0.0236358642578125,
              0.2437744140625,
              0.9697265625,
              0.3580656945705414
            ]
          ]
        ]
      }
    ]
  }
}