{
  "fern_0_100_even_odd": {
    "best": {
      "psnr": 22.34710121154785,
      "distortion": 0.01759459264576435,
      "rotation_rmse": 0.03797883912920952,
      "translation_rmse_100": 0.1700512319803238,
      "t_final": [
        [
          [
            0.91357421875,
            0.1805419921875,
            0.364501953125,
            -0.35705745220184326
          ],
          [
            0.1064453125,
            0.7587890625,
            -0.642578125,
            0.33093512058258057
          ],
          [
            -0.392578125,
            0.6259765625,
            0.673828125,
            0.0736660584807396
          ]
        ]
      ]
    },
    "stats_list": [
      {
        "psnr": 11.835877418518066,
        "distortion": 0.11380422115325928,
        "rotation_rmse": 8.18725872039795,
        "translation_rmse_100": 11.176040649414062,
        "t_final": [
          [
            [
              0.85205078125,
              0.0007739067077636719,
              0.5234375,
              -0.20879483222961426
            ],
            [
              0.26025390625,
              0.8671875,
              -0.424560546875,
              0.2410096675157547
            ],
            [
              -0.454345703125,
              0.498046875,
              0.73876953125,
              -0.01667371392250061
            ]
          ]
        ]
      },
      {
        "psnr": 22.34710121154785,
        "distortion": 0.01759459264576435,
        "rotation_rmse": 0.03797883912920952,
        "translation_rmse_100": 0.1700512319803238,
        "t_final": [
          [
            [
              0.91357421875,
              0.1805419921875,
              0.364501953125,
              -0.35705745220184326
            ],
            [
              0.1064453125,
              0.7587890625,
              -0.642578125,
              0.33093512058258057
            ],
            [
              -0.392578125,
              0.6259765625,
              0.673828125,
              0.0736660584807396
            ]
          ]
        ]
      },
      {
        "psnr": 10.888110160827637,
        "distortion": 0.1373206377029419,
        "rotation_rmse": 21.082378387451172,
        "translation_rmse_100": 22.096725463867188,
        "t_final": [
          [
            [
              0.7373046875,
              -0.1705322265625,
              0.654296875,
              0.028241489082574844
            ],
            [
              0.6142578125,
              0.572265625,
              -0.54296875,
              0.325486958026886
            ],
            [
              -0.281982421875,
              0.8017578125,
              0.5263671875,
              0.0878310352563858
            ]
          ]
        ]
      },
      {
        "psnr": 11.63270378112793,
        "distortion": 0.15824247896671295,
        "rotation_rmse": 22.505126953125,
        "translation_rmse_100": 21.595914840698242,
        "t_final": [
          [
            [
              0.6416015625,
              -0.3232421875,
              0.69580078125,
              -0.021748991683125496
            ],
            [
              0.406982421875,
              0.912109375,
              0.048370361328125,
              0.16509315371513367
            ],
            [
              -0.650390625,
              0.251953125,
              0.716796875,
              0.02993658185005188
            ]
          ]
        ]
      },
      {
        "psnr": 22.337783813476562,
        "distortion": 0.017881013453006744,
        "rotation_rmse": 0.04860745370388031,
        "translation_rmse_100": 0.19462533295154572,
        "t_final": [
          [
            [
              0.91357421875,
              0.18017578125,
              0.364013671875,
              -0.3574460446834564
            ],
            [
              0.1064453125,
              0.7587890625,
              -0.642578125,
              0.3309604525566101
            ],
            [
              -0.39208984375,
              0.6259765625,
              0.673828125,
              0.07347264885902405
            ]
          ]
        ]
      },
      {
        "psnr": 12.095728874206543,
        "distortion": 0.1646972894668579,
        "rotation_rmse": 14.085854530334473,
        "translation_rmse_100": 11.433954238891602,
        "t_final": [
          [
            [
              0.7060546875,
              0.0701904296875,
              0.70458984375,
              -0.17549410462379456
            ],
            [
              0.2418212890625,
              0.9111328125,
              -0.3330078125,
              0.4109196960926056
            ],
            [
              -0.66552734375,
              0.405517578125,
              0.62646484375,
              0.04546361416578293
            ]
          ]
        ]
      },
      {
        "psnr": 11.37218189239502,
        "distortion": 0.09097857773303986,
        "rotation_rmse": 15.899959564208984,
        "translation_rmse_100": 78.91613006591797,
        "t_final": [
          [
            [
              0.85107421875,
              -0.224853515625,
              0.474609375,
              -0.028278542682528496
            ],
            [
              0.343017578125,
              0.92236328125,
              -0.177734375,
              -0.9608155488967896
            ],
            [
              -0.397705078125,
              0.31396484375,
              0.8623046875,
              0.3813324570655823
            ]
          ]
        ]
      },
      {
        "psnr": 11.180891036987305,
        "distortion": 0.07120387256145477,
        "rotation_rmse": 3.5804176330566406,
        "translation_rmse_100": 53.082401275634766,
        "t_final": [
          [
            [
              0.908203125,
              0.25390625,
              0.33251953125,
              0.5039049386978149
            ],
            [
              0.019927978515625,
              0.767578125,
              -0.640625,
              0.14354655146598816
            ],
            [
              -0.41796875,
              0.58837890625,
              0.69189453125,
              -0.19756004214286804
            ]
          ]
        ]
      },
      {
        "psnr": 11.070773124694824,
        "distortion": 0.16373807191848755,
        "rotation_rmse": 25.588485717773438,
        "translation_rmse_100": 31.961503982543945,
        "t_final": [
          [
            [
              0.83935546875,
              -0.302001953125,
              0.45166015625,
              0.153051495552063
            ],
            [
              0.268310546875,
              0.953125,
              0.138671875,
              0.12354932725429535
            ],
            [
              -0.472412109375,
              0.00469970703125,
              0.88134765625,
              -0.00471119862049818
            ]
          ]
        ]
      },
      {
        "psnr": 12.189659118652344,
        "distortion": 0.02754833549261093,
        "rotation_rmse": 21.703109741210938,
        "translation_rmse_100": 29.494556427001953,
        "t_final": [
          [
            [
              0.62841796875,
              -0.337890625,
              0.70068359375,
              -0.7106602191925049
            ],
            [
              0.55224609375,
              0.828125,
              -0.0960693359375,
              -0.031919918954372406
            ],
            [
              -0.5478515625,
              0.447265625,
              0.70703125,
              0.024666305631399155
            ]
          ]
        ]
      }
    ]
  }
}