{
  "horns_30_70_even_odd": {
    "best": {
      "psnr": 22.021936416625977,
      "distortion": 0.019443970173597336,
      "rotation_rmse": 0.028208209201693535,
      "translation_rmse_100": 0.10000558197498322,
      "t_final": [
        [
          [
            0.8564453125,
            0.13623046875,
            0.498291015625,
            -0.04557373747229576
          ],
          [
            0.033843994140625,
            0.94775390625,
            -0.317138671875,
            0.12863396108150482
          ],
          [
            -0.515625,
            0.28857421875,
            0.806640625,
            -0.2373444139957428
          ]
        ]
      ]
    },
    "stats_list": [
      {
        "psnr": 21.99769401550293,
        "distortion": 0.019648758694529533,
        "rotation_rmse": 0.016044005751609802,
        "translation_rmse_100": 0.09433644264936447,
        "t_final": [
          [
            [
              0.85595703125,
              0.1358642578125,
              0.498779296875,
              -0.045478980988264084
            ],
            [
              0.0341796875,
              0.94775390625,
              -0.31689453125,
              0.1286057084798813
            ],
            [
              -0.515625,
              0.288330078125,
              0.806640625,
              -0.2375802844762802
            ]
          ]
        ]
      },
      {
        "psnr": 11.288643836975098,
        "distortion": 0.22324825823307037,
        "rotation_rmse": 24.031740188598633,
        "translation_rmse_100": 82.39347839355469,
        "t_final": [
          [
            [
              0.8955078125,
              -0.315673828125,
              0.31396484375,
              0.9254949688911438
            ],
            [
              0.4423828125,
              0.71240234375,
              -0.544921875,
              -0.8324882388114929
            ],
            [
              -0.051605224609375,
              0.62646484375,
              0.77783203125,
              -0.6531668901443481
            ]
          ]
        ]
      },
      {
        "psnr": 22.021936416625977,
        "distortion": 0.019443970173597336,
        "rotation_rmse": 0.028208209201693535,
        "translation_rmse_100": 0.10000558197498322,
        "t_final": [
          [
            [
              0.8564453125,
              0.13623046875,
              0.498291015625,
              -0.04557373747229576
            ],
            [
              0.033843994140625,
              0.94775390625,
              -0.317138671875,
              0.12863396108150482
            ],
            [
              -0.515625,
              0.28857421875,
              0.806640625,
              -0.2373444139957428
            ]
          ]
        ]
      },
      {
        "psnr": 10.554723739624023,
        "distortion": 0.1390095353126526,
        "rotation_rmse": 34.77895736694336,
        "translation_rmse_100": 27.570911407470703,
        "t_final": [
          [
            [
              0.7119140625,
              -0.40283203125,
              0.57568359375,
              0.3574111759662628
            ],
            [
              0.70068359375,
              0.4658203125,
              -0.54052734375,
              0.12181059271097183
            ],
            [
              -0.05059814453125,
              0.7880859375,
              0.61376953125,
              -0.49631744623184204
            ]
          ]
        ]
      },
      {
        "psnr": 22.017961502075195,
        "distortion": 0.01955365389585495,
        "rotation_rmse": 0.017567673698067665,
        "translation_rmse_100": 0.14102905988693237,
        "t_final": [
          [
            [
              0.8564453125,
              0.1358642578125,
              0.49853515625,
              -0.04629534110426903
            ],
            [
              0.034423828125,
              0.94775390625,
              -0.3173828125,
              0.12864188849925995
            ],
            [
              -0.515625,
              0.288818359375,
              0.806640625,
              -0.23739616572856903
            ]
          ]
        ]
      },
      {
        "psnr": 11.135587692260742,
        "distortion": 0.2157519906759262,
        "rotation_rmse": 6.409207344055176,
        "translation_rmse_100": 77.43047332763672,
        "t_final": [
          [
            [
              0.92041015625,
              0.1212158203125,
              0.371337890625,
              0.9253263473510742
            ],
            [
              0.055633544921875,
              0.900390625,
              -0.431640625,
              -0.282565176486969
            ],
            [
              -0.38671875,
              0.41796875,
              0.822265625,
              0.5931628346443176
            ]
          ]
        ]
      },
      {
        "psnr": 11.354546546936035,
        "distortion": 0.21685266494750977,
        "rotation_rmse": 11.78559398651123,
        "translation_rmse_100": 79.49465942382812,
        "t_final": [
          [
            [
              0.8388671875,
              0.17236328125,
              0.51611328125,
              1.2550102472305298
            ],
            [
              0.1575927734375,
              0.83056640625,
              -0.53369140625,
              0.36432981491088867
            ],
            [
              -0.52099609375,
              0.529296875,
              0.669921875,
              -0.6290531158447266
            ]
          ]
        ]
      },
      {
        "psnr": 10.9987211227417,
        "distortion": 0.21911416947841644,
        "rotation_rmse": 19.154529571533203,
        "translation_rmse_100": 77.8759765625,
        "t_final": [
          [
            [
              0.87255859375,
              0.2005615234375,
              0.445068359375,
              0.5787143707275391
            ],
            [
              0.1956787109375,
              0.69140625,
              -0.6953125,
              -1.019150733947754
            ],
            [
              -0.447265625,
              0.69384765625,
              0.56396484375,
              0.0999218225479126
            ]
          ]
        ]
      },
      {
        "psnr": 10.031780242919922,
        "distortion": 0.03979628160595894,
        "rotation_rmse": 12.983749389648438,
        "translation_rmse_100": 52.30950164794922,
        "t_final": [
          [
            [
              0.96435546875,
              -0.129638671875,
              0.230712890625,
              -0.8194653391838074
            ],
            [
              0.1920166015625,
              0.9423828125,
              -0.273193359375,
              0.20586858689785004
            ],
            [
              -0.1820068359375,
              0.307861328125,
              0.93408203125,
              -0.699476420879364
            ]
          ]
        ]
      },
      {
        "psnr": 10.39041805267334,
        "distortion": 0.09247789531946182,
        "rotation_rmse": 41.14149475097656,
        "translation_rmse_100": 30.725379943847656,
        "t_final": [
          [
            [
              0.62548828125,
              -0.60595703125,
              0.491943359375,
              -0.2020825445652008
            ],
            [
              0.74951171875,
              0.2900390625,
              -0.59521484375,
              0.18178488314151764
            ],
            [
              0.2178955078125,
              0.74072265625,
              0.63525390625,
              -0.7428766489028931
            ]
          ]
        ]
      }
    ]
  }
}