{
  "trex_0_100_even_odd": {
    "best": {
      "psnr": 11.92319107055664,
      "distortion": 0.17869271337985992,
      "rotation_rmse": 31.107484817504883,
      "translation_rmse_100": 24.584705352783203,
      "t_final": [
        [
          [
            0.74853515625,
            -0.59326171875,
            0.2958984375,
            -0.11962890625
          ],
          [
            0.3935546875,
            0.7568359375,
            0.52197265625,
            -0.056488037109375
          ],
          [
            -0.53369140625,
            -0.2744140625,
            0.7998046875,
            0.20849609375
          ]
        ]
      ]
    },
    "stats_list": [
      {
        "psnr": 11.758430480957031,
        "distortion": 0.18080027401447296,
        "rotation_rmse": 24.48474884033203,
        "translation_rmse_100": 28.99093246459961,
        "t_final": [
          [
            [
              0.869140625,
              -0.306396484375,
              0.388671875,
              0.006744384765625
            ],
            [
              0.23486328125,
              0.9462890625,
              0.2210693359375,
              0.07073974609375
            ],
            [
              -0.435791015625,
              -0.100830078125,
              0.89453125,
              0.2125244140625
            ]
          ]
        ]
      },
      {
        "psnr": 11.823258399963379,
        "distortion": 0.1793089210987091,
        "rotation_rmse": 19.98427391052246,
        "translation_rmse_100": 19.340633392333984,
        "t_final": [
          [
            [
              0.77685546875,
              -0.457275390625,
              0.432861328125,
              -0.340087890625
            ],
            [
              0.402099609375,
              0.88916015625,
              0.2177734375,
              0.053863525390625
            ],
            [
              -0.484619140625,
              0.0048370361328125,
              0.87451171875,
              0.1004638671875
            ]
          ]
        ]
      },
      {
        "psnr": 11.874688148498535,
        "distortion": 0.20216849446296692,
        "rotation_rmse": 21.438373565673828,
        "translation_rmse_100": 47.16316223144531,
        "t_final": [
          [
            [
              0.814453125,
              -0.41162109375,
              0.4091796875,
              0.296875
            ],
            [
              0.350341796875,
              0.91064453125,
              0.2191162109375,
              0.259521484375
            ],
            [
              -0.462890625,
              -0.03497314453125,
              0.8857421875,
              0.315673828125
            ]
          ]
        ]
      },
      {
        "psnr": 11.783279418945312,
        "distortion": 0.19014877080917358,
        "rotation_rmse": 13.602470397949219,
        "translation_rmse_100": 28.817981719970703,
        "t_final": [
          [
            [
              0.82373046875,
              -0.366943359375,
              0.431884765625,
              0.06317138671875
            ],
            [
              0.417236328125,
              0.908203125,
              -0.0244903564453125,
              0.1043701171875
            ],
            [
              -0.38330078125,
              0.200439453125,
              0.90185546875,
              0.15283203125
            ]
          ]
        ]
      },
      {
        "psnr": 11.792311668395996,
        "distortion": 0.17246340215206146,
        "rotation_rmse": 14.811269760131836,
        "translation_rmse_100": 19.865358352661133,
        "t_final": [
          [
            [
              0.85791015625,
              -0.369140625,
              0.357666015625,
              -0.0088958740234375
            ],
            [
              0.416748046875,
              0.90673828125,
              -0.064208984375,
              0.024017333984375
            ],
            [
              -0.300537109375,
              0.2041015625,
              0.931640625,
              0.032440185546875
            ]
          ]
        ]
      },
      {
        "psnr": 11.92319107055664,
        "distortion": 0.17869271337985992,
        "rotation_rmse": 31.107484817504883,
        "translation_rmse_100": 24.584705352783203,
        "t_final": [
          [
            [
              0.74853515625,
              -0.59326171875,
              0.2958984375,
              -0.11962890625
            ],
            [
              0.3935546875,
              0.7568359375,
              0.52197265625,
              -0.056488037109375
            ],
            [
              -0.53369140625,
              -0.2744140625,
              0.7998046875,
              0.20849609375
            ]
          ]
        ]
      },
      {
        "psnr": 11.680721282958984,
        "distortion": 0.18321409821510315,
        "rotation_rmse": 14.050088882446289,
        "translation_rmse_100": 23.85934066772461,
        "t_final": [
          [
            [
              0.8544921875,
              -0.3662109375,
              0.3681640625,
              -0.0012826919555664062
            ],
            [
              0.423583984375,
              0.90185546875,
              -0.08624267578125,
              0.145263671875
            ],
            [
              -0.30029296875,
              0.2294921875,
              0.92578125,
              0.056427001953125
            ]
          ]
        ]
      },
      {
        "psnr": 11.762062072753906,
        "distortion": 0.20260527729988098,
        "rotation_rmse": 31.55481719970703,
        "translation_rmse_100": 38.633201599121094,
        "t_final": [
          [
            [
              0.8720703125,
              -0.229248046875,
              0.43212890625,
              0.154052734375
            ],
            [
              0.084716796875,
              0.94091796875,
              0.328125,
              0.07684326171875
            ],
            [
              -0.481689453125,
              -0.2496337890625,
              0.83984375,
              0.317626953125
            ]
          ]
        ]
      },
      {
        "psnr": 11.769071578979492,
        "distortion": 0.18193602561950684,
        "rotation_rmse": 17.26433563232422,
        "translation_rmse_100": 30.55299186706543,
        "t_final": [
          [
            [
              0.8662109375,
              -0.29638671875,
              0.40283203125,
              0.10394287109375
            ],
            [
              0.309814453125,
              0.9501953125,
              0.0328369140625,
              0.1031494140625
            ],
            [
              -0.392333984375,
              0.09637451171875,
              0.91455078125,
              0.158935546875
            ]
          ]
        ]
      },
      {
        "psnr": 11.845481872558594,
        "distortion": 0.19697655737400055,
        "rotation_rmse": 8.302308082580566,
        "translation_rmse_100": 45.20376968383789,
        "t_final": [
          [
            [
              0.7373046875,
              -0.355224609375,
              0.57470703125,
              0.196533203125
            ],
            [
              0.50634765625,
              0.85400390625,
              -0.12158203125,
              0.431884765625
            ],
            [
              -0.447509765625,
              0.380615234375,
              0.8095703125,
              0.2093505859375
            ]
          ]
        ]
      }
    ]
  }
}