{
  "horns_0_100_even_odd": {
    "best": {
      "psnr": 12.127364158630371,
      "distortion": 0.153834730386734,
      "rotation_rmse": 19.697765350341797,
      "translation_rmse_100": 19.25387191772461,
      "t_final": [
        [
          [
            0.9951171875,
            0.09722900390625,
            0.01983642578125,
            0.2003173828125
          ],
          [
            -0.09539794921875,
            0.9921875,
            -0.07904052734375,
            0.043701171875
          ],
          [
            -0.027374267578125,
            0.07672119140625,
            0.99658203125,
            -0.0269622802734375
          ]
        ]
      ]
    },
    "stats_list": [
      {
        "psnr": 12.115087509155273,
        "distortion": 0.19463489949703217,
        "rotation_rmse": 20.494606018066406,
        "translation_rmse_100": 15.852691650390625,
        "t_final": [
          [
            [
              1.0,
              0.0033245086669921875,
              0.019866943359375,
              0.06488037109375
            ],
            [
              -0.0030651092529296875,
              1.0,
              -0.013153076171875,
              -0.049957275390625
            ],
            [
              -0.0199127197265625,
              0.01308441162109375,
              0.99951171875,
              -0.059783935546875
            ]
          ]
        ]
      },
      {
        "psnr": 11.995436668395996,
        "distortion": 0.1843065321445465,
        "rotation_rmse": 18.576818466186523,
        "translation_rmse_100": 13.012191772460938,
        "t_final": [
          [
            [
              0.99755859375,
              0.025482177734375,
              0.061309814453125,
              0.0399169921875
            ],
            [
              -0.0218505859375,
              0.998046875,
              -0.05914306640625,
              -0.01031494140625
            ],
            [
              -0.06268310546875,
              0.05767822265625,
              0.99658203125,
              -0.081298828125
            ]
          ]
        ]
      },
      {
        "psnr": 12.059813499450684,
        "distortion": 0.2017126828432083,
        "rotation_rmse": 22.617704391479492,
        "translation_rmse_100": 15.52308177947998,
        "t_final": [
          [
            [
              1.0,
              -0.019683837890625,
              0.0015039443969726562,
              0.0902099609375
            ],
            [
              0.0195159912109375,
              0.9970703125,
              0.07635498046875,
              -0.03253173828125
            ],
            [
              -0.003002166748046875,
              -0.0762939453125,
              0.9970703125,
              -0.06939697265625
            ]
          ]
        ]
      },
      {
        "psnr": 11.470422744750977,
        "distortion": 0.20109307765960693,
        "rotation_rmse": 24.206506729125977,
        "translation_rmse_100": 54.387359619140625,
        "t_final": [
          [
            [
              0.98388671875,
              -0.07574462890625,
              -0.1617431640625,
              0.277099609375
            ],
            [
              0.042266845703125,
              0.978515625,
              -0.2012939453125,
              -0.1334228515625
            ],
            [
              0.173583984375,
              0.191162109375,
              0.96630859375,
              0.6083984375
            ]
          ]
        ]
      },
      {
        "psnr": 12.127364158630371,
        "distortion": 0.153834730386734,
        "rotation_rmse": 19.697765350341797,
        "translation_rmse_100": 19.25387191772461,
        "t_final": [
          [
            [
              0.9951171875,
              0.09722900390625,
              0.01983642578125,
              0.2003173828125
            ],
            [
              -0.09539794921875,
              0.9921875,
              -0.07904052734375,
              0.043701171875
            ],
            [
              -0.027374267578125,
              0.07672119140625,
              0.99658203125,
              -0.0269622802734375
            ]
          ]
        ]
      },
      {
        "psnr": 11.966691017150879,
        "distortion": 0.19163793325424194,
        "rotation_rmse": 18.49591636657715,
        "translation_rmse_100": 12.07689094543457,
        "t_final": [
          [
            [
              0.99609375,
              0.03729248046875,
              0.082763671875,
              -0.0142364501953125
            ],
            [
              -0.034515380859375,
              0.9990234375,
              -0.034759521484375,
              -0.024444580078125
            ],
            [
              -0.083984375,
              0.03173828125,
              0.99609375,
              -0.09832763671875
            ]
          ]
        ]
      },
      {
        "psnr": 11.561319351196289,
        "distortion": 0.17759659886360168,
        "rotation_rmse": 21.767274856567383,
        "translation_rmse_100": 14.295777320861816,
        "t_final": [
          [
            [
              0.9990234375,
              -0.0158843994140625,
              -0.040679931640625,
              0.006206512451171875
            ],
            [
              0.01421356201171875,
              0.9990234375,
              -0.041015625,
              -0.01727294921875
            ],
            [
              0.041290283203125,
              0.0404052734375,
              0.99853515625,
              -0.04400634765625
            ]
          ]
        ]
      },
      {
        "psnr": 12.043132781982422,
        "distortion": 0.20472507178783417,
        "rotation_rmse": 21.260536193847656,
        "translation_rmse_100": 13.280017852783203,
        "t_final": [
          [
            [
              1.0,
              0.011932373046875,
              0.01262664794921875,
              0.057220458984375
            ],
            [
              -0.01213836669921875,
              1.0,
              0.01641845703125,
              -0.004932403564453125
            ],
            [
              -0.01242828369140625,
              -0.016571044921875,
              1.0,
              -0.080078125
            ]
          ]
        ]
      },
      {
        "psnr": 11.936673164367676,
        "distortion": 0.1640876978635788,
        "rotation_rmse": 17.864992141723633,
        "translation_rmse_100": 17.163557052612305,
        "t_final": [
          [
            [
              0.99755859375,
              -0.049652099609375,
              0.053802490234375,
              0.0523681640625
            ],
            [
              0.056060791015625,
              0.99072265625,
              -0.125244140625,
              -0.08404541015625
            ],
            [
              -0.04705810546875,
              0.1279296875,
              0.99072265625,
              -0.0537109375
            ]
          ]
        ]
      },
      {
        "psnr": 11.97957992553711,
        "distortion": 0.20120786130428314,
        "rotation_rmse": 20.34674644470215,
        "translation_rmse_100": 12.368556022644043,
        "t_final": [
          [
            [
              0.99951171875,
              0.0117950439453125,
              0.031524658203125,
              0.05487060546875
            ],
            [
              -0.0116424560546875,
              1.0,
              -0.004909515380859375,
              0.0258026123046875
            ],
            [
              -0.031585693359375,
              0.00453948974609375,
              0.99951171875,
              -0.0777587890625
            ]
          ]
        ]
      }
    ]
  }
}