{
  "horns_50_50": {
    "best": {
      "psnr": 25.934152603149414,
      "distortion": 0.01494695246219635,
      "rotation_rmse": 0.016408437862992287,
      "translation_rmse_100": 0.02415803261101246,
      "t_final": [
        [
          [
            0.85595703125,
            0.1358642578125,
            0.498779296875,
            -0.04400634765625
          ],
          [
            0.034149169921875,
            0.94775390625,
            -0.31689453125,
            0.128662109375
          ],
          [
            -0.515625,
            0.288330078125,
            0.806640625,
            -0.2371826171875
          ]
        ]
      ]
    },
    "stats_list": [
      {
        "psnr": 25.75026512145996,
        "distortion": 0.015029766596853733,
        "rotation_rmse": 0.017293065786361694,
        "translation_rmse_100": 0.03435615077614784,
        "t_final": [
          [
            [
              0.85595703125,
              0.1361083984375,
              0.4990234375,
              -0.0443115234375
            ],
            [
              0.0341796875,
              0.9482421875,
              -0.31689453125,
              0.128662109375
            ],
            [
              -0.51611328125,
              0.288330078125,
              0.806640625,
              -0.2371826171875
            ]
          ]
        ]
      },
      {
        "psnr": 25.934152603149414,
        "distortion": 0.01494695246219635,
        "rotation_rmse": 0.016408437862992287,
        "translation_rmse_100": 0.02415803261101246,
        "t_final": [
          [
            [
              0.85595703125,
              0.1358642578125,
              0.498779296875,
              -0.04400634765625
            ],
            [
              0.034149169921875,
              0.94775390625,
              -0.31689453125,
              0.128662109375
            ],
            [
              -0.515625,
              0.288330078125,
              0.806640625,
              -0.2371826171875
            ]
          ]
        ]
      },
      {
        "psnr": 10.83348274230957,
        "distortion": 0.09121071547269821,
        "rotation_rmse": 21.274324417114258,
        "translation_rmse_100": 15.805747032165527,
        "t_final": [
          [
            [
              1.0,
              0.0,
              0.0,
              0.0
            ],
            [
              0.0,
              1.0,
              0.0,
              0.0
            ],
            [
              0.0,
              0.0,
              1.0,
              0.0
            ]
          ]
        ]
      },
      {
        "psnr": 25.925981521606445,
        "distortion": 0.014868113212287426,
        "rotation_rmse": 0.015364308841526508,
        "translation_rmse_100": 0.023116420954465866,
        "t_final": [
          [
            [
              0.85595703125,
              0.1358642578125,
              0.498779296875,
              -0.043670654296875
            ],
            [
              0.03424072265625,
              0.94775390625,
              -0.31689453125,
              0.1287841796875
            ],
            [
              -0.515625,
              0.288330078125,
              0.806640625,
              -0.2371826171875
            ]
          ]
        ]
      },
      {
        "psnr": 11.233039855957031,
        "distortion": 0.19874307513237,
        "rotation_rmse": 16.927013397216797,
        "translation_rmse_100": 51.49423599243164,
        "t_final": [
          [
            [
              0.99755859375,
              0.058990478515625,
              0.036407470703125,
              0.501953125
            ],
            [
              -0.048675537109375,
              0.97021484375,
              -0.238037109375,
              -0.03839111328125
            ],
            [
              -0.049346923828125,
              0.2357177734375,
              0.970703125,
              0.44775390625
            ]
          ]
        ]
      },
      {
        "psnr": 10.968847274780273,
        "distortion": 0.09369324147701263,
        "rotation_rmse": 21.299484252929688,
        "translation_rmse_100": 14.85746955871582,
        "t_final": [
          [
            [
              1.0,
              0.01200103759765625,
              -0.00836944580078125,
              -0.0091705322265625
            ],
            [
              -0.012115478515625,
              1.0,
              -0.0134124755859375,
              -0.004150390625
            ],
            [
              0.00820159912109375,
              0.01351165771484375,
              1.0,
              -0.0199737548828125
            ]
          ]
        ]
      },
      {
        "psnr": 11.325756072998047,
        "distortion": 0.19906072318553925,
        "rotation_rmse": 15.059624671936035,
        "translation_rmse_100": 54.860557556152344,
        "t_final": [
          [
            [
              0.99365234375,
              -0.01462554931640625,
              0.10968017578125,
              0.73193359375
            ],
            [
              0.0379638671875,
              0.97607421875,
              -0.2137451171875,
              -0.04547119140625
            ],
            [
              -0.10394287109375,
              0.216552734375,
              0.970703125,
              0.28271484375
            ]
          ]
        ]
      },
      {
        "psnr": 11.344483375549316,
        "distortion": 0.13840878009796143,
        "rotation_rmse": 22.689687728881836,
        "translation_rmse_100": 17.696521759033203,
        "t_final": [
          [
            [
              0.99462890625,
              -0.03277587890625,
              -0.1002197265625,
              0.05950927734375
            ],
            [
              0.0211639404296875,
              0.9931640625,
              -0.11474609375,
              -0.044921875
            ],
            [
              0.10333251953125,
              0.11199951171875,
              0.98828125,
              -0.007167816162109375
            ]
          ]
        ]
      },
      {
        "psnr": 25.724224090576172,
        "distortion": 0.014914151281118393,
        "rotation_rmse": 0.016787439584732056,
        "translation_rmse_100": 0.013403614982962608,
        "t_final": [
          [
            [
              0.85595703125,
              0.1358642578125,
              0.498779296875,
              -0.043853759765625
            ],
            [
              0.03411865234375,
              0.94775390625,
              -0.31689453125,
              0.1287841796875
            ],
            [
              -0.515625,
              0.288330078125,
              0.806640625,
              -0.2373046875
            ]
          ]
        ]
      },
      {
        "psnr": 11.283947944641113,
        "distortion": 0.12933877110481262,
        "rotation_rmse": 20.633272171020508,
        "translation_rmse_100": 19.07003402709961,
        "t_final": [
          [
            [
              0.9931640625,
              -0.10833740234375,
              -0.045989990234375,
              0.1187744140625
            ],
            [
              0.09381103515625,
              0.96435546875,
              -0.2467041015625,
              -0.036468505859375
            ],
            [
              0.07110595703125,
              0.2406005859375,
              0.9677734375,
              -0.0023326873779296875
            ]
          ]
        ]
      }
    ]
  }
}