{
  "trex_30_70_even_odd": {
    "best": {
      "psnr": 11.799779891967773,
      "distortion": 0.1711326390504837,
      "rotation_rmse": 14.29199504852295,
      "translation_rmse_100": 61.259037017822266,
      "t_final": [
        [
          [
            0.88037109375,
            -0.063720703125,
            0.47021484375,
            0.1298828125
          ],
          [
            0.1611328125,
            0.97216796875,
            -0.1697998046875,
            -0.27685546875
          ],
          [
            -0.446533203125,
            0.2252197265625,
            0.8662109375,
            0.77197265625
          ]
        ]
      ]
    },
    "stats_list": [
      {
        "psnr": 11.605297088623047,
        "distortion": 0.1778852939605713,
        "rotation_rmse": 17.90325355529785,
        "translation_rmse_100": 56.347877502441406,
        "t_final": [
          [
            [
              0.8515625,
              -0.0408935546875,
              0.5224609375,
              0.05029296875
            ],
            [
              0.10504150390625,
              0.990234375,
              -0.09381103515625,
              -0.1922607421875
            ],
            [
              -0.51318359375,
              0.134765625,
              0.84765625,
              0.7236328125
            ]
          ]
        ]
      },
      {
        "psnr": 11.799779891967773,
        "distortion": 0.1711326390504837,
        "rotation_rmse": 14.29199504852295,
        "translation_rmse_100": 61.259037017822266,
        "t_final": [
          [
            [
              0.88037109375,
              -0.063720703125,
              0.47021484375,
              0.1298828125
            ],
            [
              0.1611328125,
              0.97216796875,
              -0.1697998046875,
              -0.27685546875
            ],
            [
              -0.446533203125,
              0.2252197265625,
              0.8662109375,
              0.77197265625
            ]
          ]
        ]
      },
      {
        "psnr": 11.75501823425293,
        "distortion": 0.22195902466773987,
        "rotation_rmse": 21.507232666015625,
        "translation_rmse_100": 77.94479370117188,
        "t_final": [
          [
            [
              0.974609375,
              0.1729736328125,
              0.1434326171875,
              0.5869140625
            ],
            [
              -0.101318359375,
              0.908203125,
              -0.406494140625,
              -0.43505859375
            ],
            [
              -0.200439453125,
              0.381591796875,
              0.90234375,
              0.79833984375
            ]
          ]
        ]
      },
      {
        "psnr": 11.479775428771973,
        "distortion": 0.17637605965137482,
        "rotation_rmse": 18.86771011352539,
        "translation_rmse_100": 49.8630256652832,
        "t_final": [
          [
            [
              0.81640625,
              -0.243408203125,
              0.52392578125,
              0.0230865478515625
            ],
            [
              0.2315673828125,
              0.96875,
              0.089111328125,
              0.2412109375
            ],
            [
              -0.529296875,
              0.048583984375,
              0.84716796875,
              0.56201171875
            ]
          ]
        ]
      },
      {
        "psnr": 11.755324363708496,
        "distortion": 0.1735183298587799,
        "rotation_rmse": 30.653152465820312,
        "translation_rmse_100": 37.444618225097656,
        "t_final": [
          [
            [
              0.81103515625,
              -0.427734375,
              0.399169921875,
              -0.13623046875
            ],
            [
              0.2420654296875,
              0.86669921875,
              0.4365234375,
              0.307373046875
            ],
            [
              -0.53271484375,
              -0.25732421875,
              0.80615234375,
              0.3193359375
            ]
          ]
        ]
      },
      {
        "psnr": 11.549972534179688,
        "distortion": 0.20052307844161987,
        "rotation_rmse": 22.275358200073242,
        "translation_rmse_100": 45.212669372558594,
        "t_final": [
          [
            [
              0.955078125,
              0.267333984375,
              0.129150390625,
              -0.12164306640625
            ],
            [
              -0.171630859375,
              0.85205078125,
              -0.494873046875,
              -0.34326171875
            ],
            [
              -0.242431640625,
              0.450439453125,
              0.859375,
              0.52490234375
            ]
          ]
        ]
      },
      {
        "psnr": 11.770512580871582,
        "distortion": 0.18236424028873444,
        "rotation_rmse": 9.467127799987793,
        "translation_rmse_100": 51.1683349609375,
        "t_final": [
          [
            [
              0.8876953125,
              -0.01178741455078125,
              0.460693359375,
              0.0210418701171875
            ],
            [
              0.1876220703125,
              0.92236328125,
              -0.337646484375,
              -0.289306640625
            ],
            [
              -0.421142578125,
              0.385986328125,
              0.82080078125,
              0.61767578125
            ]
          ]
        ]
      },
      {
        "psnr": 10.910648345947266,
        "distortion": 0.08276581019163132,
        "rotation_rmse": 30.36886978149414,
        "translation_rmse_100": 7.8248291015625,
        "t_final": [
          [
            [
              0.982421875,
              -0.10772705078125,
              0.151123046875,
              -0.1422119140625
            ],
            [
              0.07977294921875,
              0.98046875,
              0.1802978515625,
              0.0117950439453125
            ],
            [
              -0.1676025390625,
              -0.1650390625,
              0.97216796875,
              -0.168701171875
            ]
          ]
        ]
      },
      {
        "psnr": 11.781913757324219,
        "distortion": 0.17873847484588623,
        "rotation_rmse": 12.539055824279785,
        "translation_rmse_100": 60.78795623779297,
        "t_final": [
          [
            [
              0.8515625,
              -0.05126953125,
              0.52197265625,
              0.223388671875
            ],
            [
              0.176025390625,
              0.96533203125,
              -0.1922607421875,
              0.006374359130859375
            ],
            [
              -0.493896484375,
              0.255615234375,
              0.8310546875,
              0.7412109375
            ]
          ]
        ]
      },
      {
        "psnr": 11.664670944213867,
        "distortion": 0.16671308875083923,
        "rotation_rmse": 21.570093154907227,
        "translation_rmse_100": 33.93543243408203,
        "t_final": [
          [
            [
              0.82373046875,
              -0.35302734375,
              0.44384765625,
              -0.0986328125
            ],
            [
              0.29296875,
              0.93505859375,
              0.199951171875,
              0.257080078125
            ],
            [
              -0.485595703125,
              -0.034637451171875,
              0.87353515625,
              0.268798828125
            ]
          ]
        ]
      }
    ]
  }
}