{
  "horns_30_70_even_odd": {
    "best": {
      "psnr": 11.525527954101562,
      "distortion": 0.1258293092250824,
      "rotation_rmse": 21.26080894470215,
      "translation_rmse_100": 11.65894889831543,
      "t_final": [
        [
          [
            0.9990234375,
            0.0191192626953125,
            -0.045135498046875,
            -0.035400390625
          ],
          [
            -0.0229034423828125,
            0.99609375,
            -0.08502197265625,
            -0.0196533203125
          ],
          [
            0.0433349609375,
            0.0859375,
            0.9951171875,
            -0.1009521484375
          ]
        ]
      ]
    },
    "stats_list": [
      {
        "psnr": 11.409308433532715,
        "distortion": 0.12468350678682327,
        "rotation_rmse": 22.58953285217285,
        "translation_rmse_100": 12.200936317443848,
        "t_final": [
          [
            [
              0.99609375,
              -0.02471923828125,
              -0.08294677734375,
              -0.0158538818359375
            ],
            [
              0.01849365234375,
              0.9970703125,
              -0.07501220703125,
              -0.04888916015625
            ],
            [
              0.0845947265625,
              0.07318115234375,
              0.99365234375,
              -0.126708984375
            ]
          ]
        ]
      },
      {
        "psnr": 11.188919067382812,
        "distortion": 0.1603984534740448,
        "rotation_rmse": 22.327377319335938,
        "translation_rmse_100": 11.636128425598145,
        "t_final": [
          [
            [
              0.99609375,
              0.07568359375,
              -0.04583740234375,
              -0.10986328125
            ],
            [
              -0.076904296875,
              0.99658203125,
              -0.0261688232421875,
              -0.0204010009765625
            ],
            [
              0.043701171875,
              0.02960205078125,
              0.99853515625,
              -0.1192626953125
            ]
          ]
        ]
      },
      {
        "psnr": 11.316012382507324,
        "distortion": 0.13225632905960083,
        "rotation_rmse": 21.83521842956543,
        "translation_rmse_100": 10.21510124206543,
        "t_final": [
          [
            [
              0.994140625,
              0.0758056640625,
              -0.0738525390625,
              -0.043487548828125
            ],
            [
              -0.0836181640625,
              0.990234375,
              -0.10986328125,
              0.024810791015625
            ],
            [
              0.0648193359375,
              0.11541748046875,
              0.9912109375,
              -0.09442138671875
            ]
          ]
        ]
      },
      {
        "psnr": 11.396349906921387,
        "distortion": 0.14667414128780365,
        "rotation_rmse": 22.92344093322754,
        "translation_rmse_100": 12.930501937866211,
        "t_final": [
          [
            [
              0.99755859375,
              0.00995635986328125,
              -0.06951904296875,
              -0.06927490234375
            ],
            [
              -0.01143646240234375,
              0.99951171875,
              -0.0208892822265625,
              -0.0655517578125
            ],
            [
              0.06927490234375,
              0.021636962890625,
              0.99755859375,
              -0.1292724609375
            ]
          ]
        ]
      },
      {
        "psnr": 11.503033638000488,
        "distortion": 0.14482346177101135,
        "rotation_rmse": 23.003814697265625,
        "translation_rmse_100": 10.897018432617188,
        "t_final": [
          [
            [
              0.99609375,
              0.0254669189453125,
              -0.0833740234375,
              -0.0614013671875
            ],
            [
              -0.0291290283203125,
              0.99853515625,
              -0.04302978515625,
              -0.027191162109375
            ],
            [
              0.0821533203125,
              0.0452880859375,
              0.99560546875,
              -0.1328125
            ]
          ]
        ]
      },
      {
        "psnr": 11.465614318847656,
        "distortion": 0.11750537902116776,
        "rotation_rmse": 22.114421844482422,
        "translation_rmse_100": 10.893122673034668,
        "t_final": [
          [
            [
              0.99658203125,
              0.0325927734375,
              -0.075439453125,
              -0.0191192626953125
            ],
            [
              -0.039306640625,
              0.9951171875,
              -0.08929443359375,
              -0.01068878173828125
            ],
            [
              0.0721435546875,
              0.09197998046875,
              0.9931640625,
              -0.11297607421875
            ]
          ]
        ]
      },
      {
        "psnr": 11.516210556030273,
        "distortion": 0.11491866409778595,
        "rotation_rmse": 21.795080184936523,
        "translation_rmse_100": 12.619643211364746,
        "t_final": [
          [
            [
              0.9990234375,
              0.007221221923828125,
              -0.048858642578125,
              -0.00937652587890625
            ],
            [
              -0.009918212890625,
              0.99853515625,
              -0.055267333984375,
              -0.03558349609375
            ],
            [
              0.048370361328125,
              0.0556640625,
              0.9970703125,
              -0.09771728515625
            ]
          ]
        ]
      },
      {
        "psnr": 11.357970237731934,
        "distortion": 0.09757740050554276,
        "rotation_rmse": 21.063364028930664,
        "translation_rmse_100": 12.083481788635254,
        "t_final": [
          [
            [
              0.99462890625,
              0.0985107421875,
              -0.025177001953125,
              0.007061004638671875
            ],
            [
              -0.10009765625,
              0.9921875,
              -0.07275390625,
              0.0299072265625
            ],
            [
              0.0178070068359375,
              0.07489013671875,
              0.9970703125,
              -0.060272216796875
            ]
          ]
        ]
      },
      {
        "psnr": 11.525527954101562,
        "distortion": 0.1258293092250824,
        "rotation_rmse": 21.26080894470215,
        "translation_rmse_100": 11.65894889831543,
        "t_final": [
          [
            [
              0.9990234375,
              0.0191192626953125,
              -0.045135498046875,
              -0.035400390625
            ],
            [
              -0.0229034423828125,
              0.99609375,
              -0.08502197265625,
              -0.0196533203125
            ],
            [
              0.0433349609375,
              0.0859375,
              0.9951171875,
              -0.1009521484375
            ]
          ]
        ]
      },
      {
        "psnr": 11.433554649353027,
        "distortion": 0.16163064539432526,
        "rotation_rmse": 20.295625686645508,
        "translation_rmse_100": 10.806238174438477,
        "t_final": [
          [
            [
              0.99951171875,
              0.0189971923828125,
              -0.024078369140625,
              -0.10711669921875
            ],
            [
              -0.0215301513671875,
              0.99365234375,
              -0.109375,
              -0.0031757354736328125
            ],
            [
              0.0218505859375,
              0.10986328125,
              0.99365234375,
              -0.12091064453125
            ]
          ]
        ]
      }
    ]
  }
}