{
  "trex_50_50": {
    "best": {
      "psnr": 11.783771514892578,
      "distortion": 0.15826044976711273,
      "rotation_rmse": 14.340601921081543,
      "translation_rmse_100": 8.948423385620117,
      "t_final": [
        [
          [
            0.916015625,
            -0.300048828125,
            0.265380859375,
            -0.1712646484375
          ],
          [
            0.380859375,
            0.857421875,
            -0.345458984375,
            -0.023712158203125
          ],
          [
            -0.1239013671875,
            0.417724609375,
            0.89990234375,
            -0.0701904296875
          ]
        ]
      ]
    },
    "stats_list": [
      {
        "psnr": 11.1451416015625,
        "distortion": 0.14525426924228668,
        "rotation_rmse": 32.696990966796875,
        "translation_rmse_100": 19.161537170410156,
        "t_final": [
          [
            [
              0.99853515625,
              0.045806884765625,
              -0.0239715576171875,
              0.0265045166015625
            ],
            [
              -0.04400634765625,
              0.99658203125,
              0.0706787109375,
              0.1165771484375
            ],
            [
              0.027130126953125,
              -0.06951904296875,
              0.9970703125,
              -0.16943359375
            ]
          ]
        ]
      },
      {
        "psnr": 10.926363945007324,
        "distortion": 0.1613260805606842,
        "rotation_rmse": 36.28212356567383,
        "translation_rmse_100": 7.198508262634277,
        "t_final": [
          [
            [
              0.99072265625,
              0.1337890625,
              0.010650634765625,
              -0.1329345703125
            ],
            [
              -0.1336669921875,
              0.97607421875,
              0.1715087890625,
              -0.09747314453125
            ],
            [
              0.01255035400390625,
              -0.17138671875,
              0.9853515625,
              -0.1583251953125
            ]
          ]
        ]
      },
      {
        "psnr": 11.211555480957031,
        "distortion": 0.13929009437561035,
        "rotation_rmse": 33.902381896972656,
        "translation_rmse_100": 15.818174362182617,
        "t_final": [
          [
            [
              0.99951171875,
              -0.028564453125,
              0.0206756591796875,
              -0.06292724609375
            ],
            [
              0.0239715576171875,
              0.98046875,
              0.1956787109375,
              0.1287841796875
            ],
            [
              -0.0258636474609375,
              -0.195068359375,
              0.98046875,
              -0.2430419921875
            ]
          ]
        ]
      },
      {
        "psnr": 11.236713409423828,
        "distortion": 0.19365152716636658,
        "rotation_rmse": 31.40381622314453,
        "translation_rmse_100": 45.83839797973633,
        "t_final": [
          [
            [
              0.9912109375,
              -0.07269287109375,
              0.10870361328125,
              0.38037109375
            ],
            [
              0.052886962890625,
              0.9833984375,
              0.1748046875,
              -0.1016845703125
            ],
            [
              -0.11956787109375,
              -0.1676025390625,
              0.978515625,
              0.287109375
            ]
          ]
        ]
      },
      {
        "psnr": 11.130237579345703,
        "distortion": 0.17351798713207245,
        "rotation_rmse": 30.868051528930664,
        "translation_rmse_100": 18.82422637939453,
        "t_final": [
          [
            [
              0.99755859375,
              0.06988525390625,
              0.020843505859375,
              0.019012451171875
            ],
            [
              -0.07000732421875,
              0.99755859375,
              0.005077362060546875,
              0.042327880859375
            ],
            [
              -0.0204315185546875,
              -0.00652313232421875,
              1.0,
              -0.045989990234375
            ]
          ]
        ]
      },
      {
        "psnr": 11.59716510772705,
        "distortion": 0.1665625423192978,
        "rotation_rmse": 19.91140365600586,
        "translation_rmse_100": 26.15753746032715,
        "t_final": [
          [
            [
              0.90625,
              0.11151123046875,
              0.408203125,
              -0.1798095703125
            ],
            [
              -0.020782470703125,
              0.97509765625,
              -0.2203369140625,
              0.1234130859375
            ],
            [
              -0.422607421875,
              0.191162109375,
              0.8857421875,
              0.2073974609375
            ]
          ]
        ]
      },
      {
        "psnr": 11.22741985321045,
        "distortion": 0.1845168024301529,
        "rotation_rmse": 30.76999855041504,
        "translation_rmse_100": 23.251108169555664,
        "t_final": [
          [
            [
              1.0,
              0.0101470947265625,
              0.0016183853149414062,
              0.077392578125
            ],
            [
              -0.01019287109375,
              0.99951171875,
              0.0308837890625,
              0.160888671875
            ],
            [
              -0.0013036727905273438,
              -0.0308990478515625,
              0.99951171875,
              -0.1343994140625
            ]
          ]
        ]
      },
      {
        "psnr": 11.783771514892578,
        "distortion": 0.15826044976711273,
        "rotation_rmse": 14.340601921081543,
        "translation_rmse_100": 8.948423385620117,
        "t_final": [
          [
            [
              0.916015625,
              -0.300048828125,
              0.265380859375,
              -0.1712646484375
            ],
            [
              0.380859375,
              0.857421875,
              -0.345458984375,
              -0.023712158203125
            ],
            [
              -0.1239013671875,
              0.417724609375,
              0.89990234375,
              -0.0701904296875
            ]
          ]
        ]
      },
      {
        "psnr": 11.034305572509766,
        "distortion": 0.1877620965242386,
        "rotation_rmse": 25.99405860900879,
        "translation_rmse_100": 26.72854995727539,
        "t_final": [
          [
            [
              0.990234375,
              -0.1402587890625,
              0.010528564453125,
              0.1865234375
            ],
            [
              0.140625,
              0.98583984375,
              -0.093017578125,
              -0.008941650390625
            ],
            [
              0.0026760101318359375,
              0.0936279296875,
              0.99560546875,
              -0.0482177734375
            ]
          ]
        ]
      },
      {
        "psnr": 11.325547218322754,
        "distortion": 0.16062302887439728,
        "rotation_rmse": 20.50213050842285,
        "translation_rmse_100": 19.06125831604004,
        "t_final": [
          [
            [
              0.95751953125,
              -0.20361328125,
              0.2049560546875,
              -0.0275726318359375
            ],
            [
              0.2236328125,
              0.97119140625,
              -0.07958984375,
              -0.09613037109375
            ],
            [
              -0.1829833984375,
              0.1220703125,
              0.9755859375,
              0.04705810546875
            ]
          ]
        ]
      }
    ]
  }
}