{
  "room_0_100_even_odd": {
    "best": {
      "psnr": 13.226046562194824,
      "distortion": 0.1619011014699936,
      "rotation_rmse": 3.2129149436950684,
      "translation_rmse_100": 38.84941482543945,
      "t_final": [
        [
          [
            0.9990234375,
            -0.0006427764892578125,
            0.04833984375,
            0.42431640625
          ],
          [
            0.0198211669921875,
            0.91748046875,
            -0.397216796875,
            -0.061065673828125
          ],
          [
            -0.044097900390625,
            0.397705078125,
            0.91650390625,
            0.437744140625
          ]
        ]
      ]
    },
    "stats_list": [
      {
        "psnr": 13.226046562194824,
        "distortion": 0.1619011014699936,
        "rotation_rmse": 3.2129149436950684,
        "translation_rmse_100": 38.84941482543945,
        "t_final": [
          [
            [
              0.9990234375,
              -0.0006427764892578125,
              0.04833984375,
              0.42431640625
            ],
            [
              0.0198211669921875,
              0.91748046875,
              -0.397216796875,
              -0.061065673828125
            ],
            [
              -0.044097900390625,
              0.397705078125,
              0.91650390625,
              0.437744140625
            ]
          ]
        ]
      },
      {
        "psnr": 12.488935470581055,
        "distortion": 0.16726185381412506,
        "rotation_rmse": 31.881954193115234,
        "translation_rmse_100": 44.42439270019531,
        "t_final": [
          [
            [
              0.9765625,
              0.214111328125,
              0.01331329345703125,
              0.442626953125
            ],
            [
              -0.1998291015625,
              0.88525390625,
              0.419921875,
              -0.12384033203125
            ],
            [
              0.07818603515625,
              -0.412841796875,
              0.9072265625,
              0.177978515625
            ]
          ]
        ]
      },
      {
        "psnr": 12.12783145904541,
        "distortion": 0.15445993840694427,
        "rotation_rmse": 31.276884078979492,
        "translation_rmse_100": 35.80978012084961,
        "t_final": [
          [
            [
              0.9970703125,
              0.072021484375,
              0.01494598388671875,
              0.252685546875
            ],
            [
              -0.07159423828125,
              0.904296875,
              0.421142578125,
              0.001667022705078125
            ],
            [
              0.016815185546875,
              -0.4208984375,
              0.90673828125,
              0.08245849609375
            ]
          ]
        ]
      },
      {
        "psnr": 12.358694076538086,
        "distortion": 0.14361430704593658,
        "rotation_rmse": 21.14697265625,
        "translation_rmse_100": 41.38557434082031,
        "t_final": [
          [
            [
              0.95947265625,
              0.250244140625,
              0.130615234375,
              0.154296875
            ],
            [
              -0.25732421875,
              0.96533203125,
              0.03912353515625,
              -0.202880859375
            ],
            [
              -0.11627197265625,
              -0.07110595703125,
              0.99072265625,
              -0.020843505859375
            ]
          ]
        ]
      },
      {
        "psnr": 12.445683479309082,
        "distortion": 0.14041003584861755,
        "rotation_rmse": 19.21586036682129,
        "translation_rmse_100": 42.300689697265625,
        "t_final": [
          [
            [
              0.96728515625,
              0.2347412109375,
              0.09600830078125,
              0.1126708984375
            ],
            [
              -0.235595703125,
              0.9716796875,
              -0.0028324127197265625,
              -0.197998046875
            ],
            [
              -0.09393310546875,
              -0.0198822021484375,
              0.99560546875,
              -0.07421875
            ]
          ]
        ]
      },
      {
        "psnr": 12.577923774719238,
        "distortion": 0.15737730264663696,
        "rotation_rmse": 18.674612045288086,
        "translation_rmse_100": 44.5721549987793,
        "t_final": [
          [
            [
              0.98779296875,
              0.146728515625,
              -0.0479736328125,
              0.314208984375
            ],
            [
              -0.1451416015625,
              0.98876953125,
              0.035858154296875,
              -0.259033203125
            ],
            [
              0.052703857421875,
              -0.0284576416015625,
              0.998046875,
              0.10205078125
            ]
          ]
        ]
      },
      {
        "psnr": 13.08801555633545,
        "distortion": 0.17861856520175934,
        "rotation_rmse": 7.576934337615967,
        "translation_rmse_100": 42.66637420654297,
        "t_final": [
          [
            [
              0.99560546875,
              0.08819580078125,
              0.02655029296875,
              0.494384765625
            ],
            [
              -0.07672119140625,
              0.95361328125,
              -0.290283203125,
              -0.063232421875
            ],
            [
              -0.050933837890625,
              0.287109375,
              0.95654296875,
              0.438720703125
            ]
          ]
        ]
      },
      {
        "psnr": 12.229069709777832,
        "distortion": 0.14655280113220215,
        "rotation_rmse": 29.143970489501953,
        "translation_rmse_100": 34.661163330078125,
        "t_final": [
          [
            [
              0.9921875,
              0.118896484375,
              0.03302001953125,
              0.24267578125
            ],
            [
              -0.12286376953125,
              0.9267578125,
              0.354736328125,
              0.017547607421875
            ],
            [
              0.0115966796875,
              -0.35595703125,
              0.9345703125,
              0.09527587890625
            ]
          ]
        ]
      },
      {
        "psnr": 12.508387565612793,
        "distortion": 0.14665967226028442,
        "rotation_rmse": 29.699949264526367,
        "translation_rmse_100": 33.723899841308594,
        "t_final": [
          [
            [
              0.9658203125,
              0.258056640625,
              -0.01543426513671875,
              0.21923828125
            ],
            [
              -0.236328125,
              0.90625,
              0.35107421875,
              -0.074951171875
            ],
            [
              0.10455322265625,
              -0.33544921875,
              0.93603515625,
              0.15380859375
            ]
          ]
        ]
      },
      {
        "psnr": 12.324504852294922,
        "distortion": 0.15722644329071045,
        "rotation_rmse": 32.444427490234375,
        "translation_rmse_100": 39.86734390258789,
        "t_final": [
          [
            [
              0.9873046875,
              0.15869140625,
              0.01499176025390625,
              0.3408203125
            ],
            [
              -0.1488037109375,
              0.8837890625,
              0.444091796875,
              -0.12408447265625
            ],
            [
              0.057220458984375,
              -0.440673828125,
              0.89599609375,
              0.16943359375
            ]
          ]
        ]
      }
    ]
  }
}