{
  "fern_30_70_even_odd": {
    "best": {
      "psnr": 10.575623512268066,
      "distortion": 0.023779846727848053,
      "rotation_rmse": 14.546772003173828,
      "translation_rmse_100": 8.33339786529541,
      "t_final": [
        [
          [
            0.982421875,
            0.187255859375,
            0.0167999267578125,
            -0.2220458984375
          ],
          [
            -0.1494140625,
            0.83154296875,
            -0.53515625,
            0.309814453125
          ],
          [
            -0.11419677734375,
            0.52294921875,
            0.8447265625,
            0.020233154296875
          ]
        ]
      ]
    },
    "stats_list": [
      {
        "psnr": 10.21791934967041,
        "distortion": 0.07590926438570023,
        "rotation_rmse": 22.952049255371094,
        "translation_rmse_100": 19.913732528686523,
        "t_final": [
          [
            [
              0.943359375,
              0.1119384765625,
              0.3125,
              -0.37939453125
            ],
            [
              -0.07916259765625,
              0.990234375,
              -0.11578369140625,
              0.54052734375
            ],
            [
              -0.322509765625,
              0.08447265625,
              0.94287109375,
              0.346923828125
            ]
          ]
        ]
      },
      {
        "psnr": 9.473723411560059,
        "distortion": 0.10115388035774231,
        "rotation_rmse": 34.7975959777832,
        "translation_rmse_100": 28.056854248046875,
        "t_final": [
          [
            [
              0.8994140625,
              -0.1614990234375,
              -0.40625,
              -0.0083160400390625
            ],
            [
              0.10089111328125,
              0.98095703125,
              -0.16650390625,
              -0.01062774658203125
            ],
            [
              0.425537109375,
              0.10882568359375,
              0.8984375,
              0.08099365234375
            ]
          ]
        ]
      },
      {
        "psnr": 10.128755569458008,
        "distortion": 0.056540314108133316,
        "rotation_rmse": 20.80738067626953,
        "translation_rmse_100": 9.719677925109863,
        "t_final": [
          [
            [
              0.99609375,
              -0.0782470703125,
              0.045196533203125,
              -0.392822265625
            ],
            [
              0.0869140625,
              0.96630859375,
              -0.2427978515625,
              0.2069091796875
            ],
            [
              -0.024658203125,
              0.2457275390625,
              0.96923828125,
              -0.033050537109375
            ]
          ]
        ]
      },
      {
        "psnr": 10.480713844299316,
        "distortion": 0.02697531320154667,
        "rotation_rmse": 17.22140884399414,
        "translation_rmse_100": 9.365092277526855,
        "t_final": [
          [
            [
              0.98291015625,
              0.1802978515625,
              -0.04132080078125,
              -0.2900390625
            ],
            [
              -0.1776123046875,
              0.85693359375,
              -0.48388671875,
              0.360107421875
            ],
            [
              -0.05181884765625,
              0.48291015625,
              0.8740234375,
              -0.0716552734375
            ]
          ]
        ]
      },
      {
        "psnr": 10.575623512268066,
        "distortion": 0.023779846727848053,
        "rotation_rmse": 14.546772003173828,
        "translation_rmse_100": 8.33339786529541,
        "t_final": [
          [
            [
              0.982421875,
              0.187255859375,
              0.0167999267578125,
              -0.2220458984375
            ],
            [
              -0.1494140625,
              0.83154296875,
              -0.53515625,
              0.309814453125
            ],
            [
              -0.11419677734375,
              0.52294921875,
              0.8447265625,
              0.020233154296875
            ]
          ]
        ]
      },
      {
        "psnr": 9.800814628601074,
        "distortion": 0.071688711643219,
        "rotation_rmse": 28.744915008544922,
        "translation_rmse_100": 24.535804748535156,
        "t_final": [
          [
            [
              0.998046875,
              0.05267333984375,
              0.0309600830078125,
              -0.168212890625
            ],
            [
              -0.05316162109375,
              0.99853515625,
              0.0149383544921875,
              -0.023681640625
            ],
            [
              -0.0301361083984375,
              -0.0165557861328125,
              0.99951171875,
              0.2174072265625
            ]
          ]
        ]
      },
      {
        "psnr": 10.130480766296387,
        "distortion": 0.033273447304964066,
        "rotation_rmse": 23.22003173828125,
        "translation_rmse_100": 13.220669746398926,
        "t_final": [
          [
            [
              0.9208984375,
              0.386474609375,
              -0.050811767578125,
              -0.437744140625
            ],
            [
              -0.376953125,
              0.849609375,
              -0.36865234375,
              0.23779296875
            ],
            [
              -0.09930419921875,
              0.358642578125,
              0.92822265625,
              -0.1175537109375
            ]
          ]
        ]
      },
      {
        "psnr": 10.373234748840332,
        "distortion": 0.043833620846271515,
        "rotation_rmse": 29.067996978759766,
        "translation_rmse_100": 6.8417510986328125,
        "t_final": [
          [
            [
              0.8056640625,
              0.59130859375,
              -0.03173828125,
              -0.333984375
            ],
            [
              -0.5634765625,
              0.7490234375,
              -0.34765625,
              0.2259521484375
            ],
            [
              -0.1817626953125,
              0.298095703125,
              0.93701171875,
              0.022674560546875
            ]
          ]
        ]
      },
      {
        "psnr": 10.437690734863281,
        "distortion": 0.02893158420920372,
        "rotation_rmse": 17.889917373657227,
        "translation_rmse_100": 11.466018676757812,
        "t_final": [
          [
            [
              0.98486328125,
              0.1558837890625,
              -0.07421875,
              -0.311279296875
            ],
            [
              -0.1722412109375,
              0.8564453125,
              -0.486572265625,
              0.374755859375
            ],
            [
              -0.01224517822265625,
              0.491943359375,
              0.87060546875,
              -0.11444091796875
            ]
          ]
        ]
      },
      {
        "psnr": 10.005537986755371,
        "distortion": 0.06641578674316406,
        "rotation_rmse": 33.668182373046875,
        "translation_rmse_100": 23.3250789642334,
        "t_final": [
          [
            [
              0.9990234375,
              -0.042694091796875,
              0.0121612548828125,
              -0.349365234375
            ],
            [
              0.03961181640625,
              0.98095703125,
              0.189697265625,
              -0.07318115234375
            ],
            [
              -0.02001953125,
              -0.18896484375,
              0.98193359375,
              0.08526611328125
            ]
          ]
        ]
      }
    ]
  }
}