{
  "room_30_70_even_odd": {
    "best": {
      "psnr": 29.631175994873047,
      "distortion": 0.010766847990453243,
      "rotation_rmse": 0.019862957298755646,
      "translation_rmse_100": 0.04782102257013321,
      "t_final": [
        [
          [
            0.99853515625,
            0.0201416015625,
            0.04840087890625,
            -0.2000732421875
          ],
          [
            0.005779266357421875,
            0.87548828125,
            -0.483642578125,
            0.1905517578125
          ],
          [
            -0.052093505859375,
            0.483154296875,
            0.8740234375,
            0.463134765625
          ]
        ]
      ]
    },
    "stats_list": [
      {
        "psnr": 29.60662841796875,
        "distortion": 0.010767441242933273,
        "rotation_rmse": 0.02140597440302372,
        "translation_rmse_100": 0.034511126577854156,
        "t_final": [
          [
            [
              0.99853515625,
              0.0198211669921875,
              0.04840087890625,
              -0.1998291015625
            ],
            [
              0.00605010986328125,
              0.87548828125,
              -0.4833984375,
              0.1904296875
            ],
            [
              -0.051971435546875,
              0.483154296875,
              0.8740234375,
              0.463134765625
            ]
          ]
        ]
      },
      {
        "psnr": 29.621206283569336,
        "distortion": 0.010816602036356926,
        "rotation_rmse": 0.02856842800974846,
        "translation_rmse_100": 0.03421008586883545,
        "t_final": [
          [
            [
              0.99853515625,
              0.019744873046875,
              0.048492431640625,
              -0.1998291015625
            ],
            [
              0.00616455078125,
              0.87548828125,
              -0.483154296875,
              0.1905517578125
            ],
            [
              -0.052001953125,
              0.48291015625,
              0.8740234375,
              0.463134765625
            ]
          ]
        ]
      },
      {
        "psnr": 12.579900741577148,
        "distortion": 0.12596763670444489,
        "rotation_rmse": 19.535175323486328,
        "translation_rmse_100": 23.46660614013672,
        "t_final": [
          [
            [
              0.89208984375,
              0.43798828125,
              -0.10986328125,
              0.16064453125
            ],
            [
              -0.44970703125,
              0.88427734375,
              -0.1268310546875,
              0.03729248046875
            ],
            [
              0.041595458984375,
              0.16259765625,
              0.98583984375,
              0.3525390625
            ]
          ]
        ]
      },
      {
        "psnr": 12.693544387817383,
        "distortion": 0.1398073136806488,
        "rotation_rmse": 27.37898826599121,
        "translation_rmse_100": 29.12680435180664,
        "t_final": [
          [
            [
              0.96728515625,
              0.2366943359375,
              -0.09222412109375,
              0.213623046875
            ],
            [
              -0.201416015625,
              0.935546875,
              0.28955078125,
              -0.04876708984375
            ],
            [
              0.15478515625,
              -0.261474609375,
              0.95263671875,
              0.29931640625
            ]
          ]
        ]
      },
      {
        "psnr": 13.3831205368042,
        "distortion": 0.027867376804351807,
        "rotation_rmse": 9.697617530822754,
        "translation_rmse_100": 8.863518714904785,
        "t_final": [
          [
            [
              0.982421875,
              -0.07989501953125,
              0.1680908203125,
              -0.33935546875
            ],
            [
              0.11798095703125,
              0.9658203125,
              -0.23046875,
              0.176025390625
            ],
            [
              -0.14404296875,
              0.246337890625,
              0.95849609375,
              0.40185546875
            ]
          ]
        ]
      },
      {
        "psnr": 29.631175994873047,
        "distortion": 0.010766847990453243,
        "rotation_rmse": 0.019862957298755646,
        "translation_rmse_100": 0.04782102257013321,
        "t_final": [
          [
            [
              0.99853515625,
              0.0201416015625,
              0.04840087890625,
              -0.2000732421875
            ],
            [
              0.005779266357421875,
              0.87548828125,
              -0.483642578125,
              0.1905517578125
            ],
            [
              -0.052093505859375,
              0.483154296875,
              0.8740234375,
              0.463134765625
            ]
          ]
        ]
      },
      {
        "psnr": 14.324729919433594,
        "distortion": 0.016035431995987892,
        "rotation_rmse": 8.90988826751709,
        "translation_rmse_100": 5.9369797706604,
        "t_final": [
          [
            [
              0.97314453125,
              0.2298583984375,
              -0.00832366943359375,
              -0.16162109375
            ],
            [
              -0.2174072265625,
              0.90771484375,
              -0.35888671875,
              0.279296875
            ],
            [
              -0.074951171875,
              0.35107421875,
              0.93310546875,
              0.42724609375
            ]
          ]
        ]
      },
      {
        "psnr": 14.522704124450684,
        "distortion": 0.01584983803331852,
        "rotation_rmse": 7.9386677742004395,
        "translation_rmse_100": 7.15186071395874,
        "t_final": [
          [
            [
              0.98046875,
              0.1968994140625,
              -0.0165863037109375,
              -0.10894775390625
            ],
            [
              -0.189453125,
              0.91259765625,
              -0.36279296875,
              0.264404296875
            ],
            [
              -0.0562744140625,
              0.35888671875,
              0.931640625,
              0.42138671875
            ]
          ]
        ]
      },
      {
        "psnr": 12.758020401000977,
        "distortion": 0.08626075834035873,
        "rotation_rmse": 48.803951263427734,
        "translation_rmse_100": 43.20878219604492,
        "t_final": [
          [
            [
              0.91259765625,
              0.365966796875,
              0.18310546875,
              -0.089599609375
            ],
            [
              -0.36474609375,
              0.5244140625,
              0.76953125,
              0.334716796875
            ],
            [
              0.185546875,
              -0.76904296875,
              0.61181640625,
              -0.26318359375
            ]
          ]
        ]
      },
      {
        "psnr": 14.529340744018555,
        "distortion": 0.01588725857436657,
        "rotation_rmse": 5.794821262359619,
        "translation_rmse_100": 5.7766804695129395,
        "t_final": [
          [
            [
              0.9873046875,
              0.156005859375,
              0.0306549072265625,
              -0.11138916015625
            ],
            [
              -0.130859375,
              0.90673828125,
              -0.400390625,
              0.2349853515625
            ],
            [
              -0.09027099609375,
              0.391357421875,
              0.916015625,
              0.4453125
            ]
          ]
        ]
      }
    ]
  }
}