{
  "room_50_50": {
    "best": {
      "psnr": 13.449321746826172,
      "distortion": 0.045242488384246826,
      "rotation_rmse": 12.054601669311523,
      "translation_rmse_100": 10.637203216552734,
      "t_final": [
        [
          [
            0.9931640625,
            0.087158203125,
            0.076904296875,
            -0.2099609375
          ],
          [
            -0.07421875,
            0.98486328125,
            -0.1573486328125,
            0.3095703125
          ],
          [
            -0.0894775390625,
            0.150634765625,
            0.984375,
            0.32275390625
          ]
        ]
      ]
    },
    "stats_list": [
      {
        "psnr": 13.012907981872559,
        "distortion": 0.029637208208441734,
        "rotation_rmse": 24.36875343322754,
        "translation_rmse_100": 24.912790298461914,
        "t_final": [
          [
            [
              0.9912109375,
              -0.09619140625,
              0.0911865234375,
              -0.481201171875
            ],
            [
              0.0728759765625,
              0.97021484375,
              0.2313232421875,
              0.2266845703125
            ],
            [
              -0.11065673828125,
              -0.22265625,
              0.96875,
              0.1383056640625
            ]
          ]
        ]
      },
      {
        "psnr": 12.534974098205566,
        "distortion": 0.038233883678913116,
        "rotation_rmse": 17.322301864624023,
        "translation_rmse_100": 12.186787605285645,
        "t_final": [
          [
            [
              0.99365234375,
              0.0005259513854980469,
              0.1126708984375,
              -0.270263671875
            ],
            [
              -0.0021762847900390625,
              1.0,
              0.0145263671875,
              0.247314453125
            ],
            [
              -0.1126708984375,
              -0.014678955078125,
              0.99365234375,
              0.2724609375
            ]
          ]
        ]
      },
      {
        "psnr": 12.796443939208984,
        "distortion": 0.09925408661365509,
        "rotation_rmse": 8.249078750610352,
        "translation_rmse_100": 28.742521286010742,
        "t_final": [
          [
            [
              0.98779296875,
              0.0950927734375,
              -0.1224365234375,
              -0.061676025390625
            ],
            [
              -0.130615234375,
              0.93603515625,
              -0.32666015625,
              0.234375
            ],
            [
              0.08355712890625,
              0.338623046875,
              0.93701171875,
              -0.0134735107421875
            ]
          ]
        ]
      },
      {
        "psnr": 13.033723831176758,
        "distortion": 0.029243016615509987,
        "rotation_rmse": 24.150835037231445,
        "translation_rmse_100": 24.475419998168945,
        "t_final": [
          [
            [
              0.9912109375,
              -0.093505859375,
              0.095703125,
              -0.477294921875
            ],
            [
              0.07000732421875,
              0.9716796875,
              0.224853515625,
              0.22802734375
            ],
            [
              -0.114013671875,
              -0.216064453125,
              0.9697265625,
              0.1451416015625
            ]
          ]
        ]
      },
      {
        "psnr": 13.449321746826172,
        "distortion": 0.045242488384246826,
        "rotation_rmse": 12.054601669311523,
        "translation_rmse_100": 10.637203216552734,
        "t_final": [
          [
            [
              0.9931640625,
              0.087158203125,
              0.076904296875,
              -0.2099609375
            ],
            [
              -0.07421875,
              0.98486328125,
              -0.1573486328125,
              0.3095703125
            ],
            [
              -0.0894775390625,
              0.150634765625,
              0.984375,
              0.32275390625
            ]
          ]
        ]
      },
      {
        "psnr": 13.055015563964844,
        "distortion": 0.03083522617816925,
        "rotation_rmse": 22.788049697875977,
        "translation_rmse_100": 23.537715911865234,
        "t_final": [
          [
            [
              0.99169921875,
              -0.0810546875,
              0.099853515625,
              -0.470458984375
            ],
            [
              0.061614990234375,
              0.98095703125,
              0.1842041015625,
              0.2281494140625
            ],
            [
              -0.11285400390625,
              -0.176513671875,
              0.97802734375,
              0.160888671875
            ]
          ]
        ]
      },
      {
        "psnr": 13.043167114257812,
        "distortion": 0.10416164249181747,
        "rotation_rmse": 7.88992977142334,
        "translation_rmse_100": 33.942626953125,
        "t_final": [
          [
            [
              0.986328125,
              0.1251220703125,
              -0.1082763671875,
              1.710653305053711e-05
            ],
            [
              -0.155517578125,
              0.9248046875,
              -0.346923828125,
              0.382080078125
            ],
            [
              0.056732177734375,
              0.35888671875,
              0.931640625,
              -0.055908203125
            ]
          ]
        ]
      },
      {
        "psnr": 13.02202033996582,
        "distortion": 0.03028639778494835,
        "rotation_rmse": 23.487333297729492,
        "translation_rmse_100": 23.681127548217773,
        "t_final": [
          [
            [
              0.990234375,
              -0.09423828125,
              0.10400390625,
              -0.476806640625
            ],
            [
              0.07135009765625,
              0.97607421875,
              0.2049560546875,
              0.2220458984375
            ],
            [
              -0.120849609375,
              -0.195556640625,
              0.97314453125,
              0.16259765625
            ]
          ]
        ]
      },
      {
        "psnr": 13.186844825744629,
        "distortion": 0.10071665048599243,
        "rotation_rmse": 7.370226860046387,
        "translation_rmse_100": 39.13357925415039,
        "t_final": [
          [
            [
              0.9931640625,
              0.06866455078125,
              -0.09344482421875,
              -0.07501220703125
            ],
            [
              -0.09600830078125,
              0.93896484375,
              -0.330810546875,
              0.59423828125
            ],
            [
              0.06500244140625,
              0.337646484375,
              0.93896484375,
              -0.067138671875
            ]
          ]
        ]
      },
      {
        "psnr": 12.547808647155762,
        "distortion": 0.03858030214905739,
        "rotation_rmse": 17.804336547851562,
        "translation_rmse_100": 13.434571266174316,
        "t_final": [
          [
            [
              0.9921875,
              -0.01425933837890625,
              0.12457275390625,
              -0.2958984375
            ],
            [
              0.01068878173828125,
              0.99951171875,
              0.0292510986328125,
              0.236572265625
            ],
            [
              -0.12493896484375,
              -0.0276947021484375,
              0.99169921875,
              0.25634765625
            ]
          ]
        ]
      }
    ]
  }
}