{
  "fern_0_100_even_odd": {
    "best": {
      "psnr": 11.928394317626953,
      "distortion": 0.04782068729400635,
      "rotation_rmse": 10.442960739135742,
      "translation_rmse_100": 8.874874114990234,
      "t_final": [
        [
          [
            0.95947265625,
            -0.098388671875,
            0.264404296875,
            -0.342529296875
          ],
          [
            0.219970703125,
            0.84765625,
            -0.482421875,
            0.28466796875
          ],
          [
            -0.1766357421875,
            0.52099609375,
            0.8349609375,
            -0.07183837890625
          ]
        ]
      ]
    },
    "stats_list": [
      {
        "psnr": 10.61876106262207,
        "distortion": 0.10143847018480301,
        "rotation_rmse": 30.492534637451172,
        "translation_rmse_100": 28.083852767944336,
        "t_final": [
          [
            [
              0.994140625,
              -0.08819580078125,
              0.062103271484375,
              0.00905609130859375
            ],
            [
              0.0806884765625,
              0.990234375,
              0.114990234375,
              0.363037109375
            ],
            [
              -0.0716552734375,
              -0.10931396484375,
              0.9912109375,
              0.396240234375
            ]
          ]
        ]
      },
      {
        "psnr": 11.928394317626953,
        "distortion": 0.04782068729400635,
        "rotation_rmse": 10.442960739135742,
        "translation_rmse_100": 8.874874114990234,
        "t_final": [
          [
            [
              0.95947265625,
              -0.098388671875,
              0.264404296875,
              -0.342529296875
            ],
            [
              0.219970703125,
              0.84765625,
              -0.482421875,
              0.28466796875
            ],
            [
              -0.1766357421875,
              0.52099609375,
              0.8349609375,
              -0.07183837890625
            ]
          ]
        ]
      },
      {
        "psnr": 10.342687606811523,
        "distortion": 0.10319696366786957,
        "rotation_rmse": 21.973121643066406,
        "translation_rmse_100": 22.496143341064453,
        "t_final": [
          [
            [
              0.9931640625,
              -0.06964111328125,
              0.09619140625,
              0.034820556640625
            ],
            [
              0.08447265625,
              0.9833984375,
              -0.159912109375,
              0.329345703125
            ],
            [
              -0.08343505859375,
              0.1668701171875,
              0.982421875,
              0.0526123046875
            ]
          ]
        ]
      },
      {
        "psnr": 10.513107299804688,
        "distortion": 0.1010884940624237,
        "rotation_rmse": 17.325956344604492,
        "translation_rmse_100": 33.461360931396484,
        "t_final": [
          [
            [
              0.97509765625,
              -0.0667724609375,
              0.212158203125,
              0.1844482421875
            ],
            [
              0.11907958984375,
              0.96240234375,
              -0.244384765625,
              0.29736328125
            ],
            [
              -0.1878662109375,
              0.263671875,
              0.9462890625,
              0.28564453125
            ]
          ]
        ]
      },
      {
        "psnr": 10.131659507751465,
        "distortion": 0.10431425273418427,
        "rotation_rmse": 23.8510799407959,
        "translation_rmse_100": 30.132070541381836,
        "t_final": [
          [
            [
              0.98876953125,
              -0.1309814453125,
              0.07427978515625,
              0.11761474609375
            ],
            [
              0.1385498046875,
              0.984375,
              -0.10687255859375,
              0.28271484375
            ],
            [
              -0.05914306640625,
              0.115966796875,
              0.99169921875,
              0.292236328125
            ]
          ]
        ]
      },
      {
        "psnr": 10.19528579711914,
        "distortion": 0.10064714401960373,
        "rotation_rmse": 30.114471435546875,
        "translation_rmse_100": 28.432086944580078,
        "t_final": [
          [
            [
              0.98828125,
              -0.153076171875,
              -0.0017642974853515625,
              0.005321502685546875
            ],
            [
              0.15283203125,
              0.98583984375,
              0.0706787109375,
              0.121337890625
            ],
            [
              -0.0090789794921875,
              -0.07012939453125,
              0.99755859375,
              0.337890625
            ]
          ]
        ]
      },
      {
        "psnr": 10.621967315673828,
        "distortion": 0.08572836965322495,
        "rotation_rmse": 14.023712158203125,
        "translation_rmse_100": 55.81142807006836,
        "t_final": [
          [
            [
              0.97021484375,
              0.1962890625,
              0.14111328125,
              0.429443359375
            ],
            [
              -0.11279296875,
              0.88427734375,
              -0.453369140625,
              -0.0256500244140625
            ],
            [
              -0.2137451171875,
              0.424072265625,
              0.8798828125,
              0.51416015625
            ]
          ]
        ]
      },
      {
        "psnr": 10.432720184326172,
        "distortion": 0.10582022368907928,
        "rotation_rmse": 28.107942581176758,
        "translation_rmse_100": 26.727354049682617,
        "t_final": [
          [
            [
              0.98193359375,
              -0.1358642578125,
              0.1312255859375,
              0.07733154296875
            ],
            [
              0.126708984375,
              0.9892578125,
              0.07586669921875,
              0.1749267578125
            ],
            [
              -0.14013671875,
              -0.057891845703125,
              0.98828125,
              0.13623046875
            ]
          ]
        ]
      },
      {
        "psnr": 10.121824264526367,
        "distortion": 0.06633985042572021,
        "rotation_rmse": 28.8609561920166,
        "translation_rmse_100": 23.975725173950195,
        "t_final": [
          [
            [
              0.9853515625,
              0.1334228515625,
              0.10687255859375,
              -0.043670654296875
            ],
            [
              -0.1357421875,
              0.99072265625,
              0.01532745361328125,
              0.11407470703125
            ],
            [
              -0.10382080078125,
              -0.02960205078125,
              0.994140625,
              0.2449951171875
            ]
          ]
        ]
      },
      {
        "psnr": 10.230770111083984,
        "distortion": 0.09494204074144363,
        "rotation_rmse": 30.104047775268555,
        "translation_rmse_100": 49.44575119018555,
        "t_final": [
          [
            [
              0.96630859375,
              0.2484130859375,
              0.06854248046875,
              0.218505859375
            ],
            [
              -0.2486572265625,
              0.96875,
              -0.00537872314453125,
              -0.08056640625
            ],
            [
              -0.0677490234375,
              -0.01186370849609375,
              0.99755859375,
              0.560546875
            ]
          ]
        ]
      }
    ]
  }
}