{
  "fern_50_50": {
    "best": {
      "psnr": 12.307973861694336,
      "distortion": 0.023812202736735344,
      "rotation_rmse": 13.961464881896973,
      "translation_rmse_100": 16.015411376953125,
      "t_final": [
        [
          [
            0.88720703125,
            -0.2379150390625,
            0.39501953125,
            -0.487060546875
          ],
          [
            0.37646484375,
            0.86865234375,
            -0.322265625,
            0.1607666015625
          ],
          [
            -0.2666015625,
            0.434814453125,
            0.8603515625,
            -0.10009765625
          ]
        ]
      ]
    },
    "stats_list": [
      {
        "psnr": 12.307973861694336,
        "distortion": 0.023812202736735344,
        "rotation_rmse": 13.961464881896973,
        "translation_rmse_100": 16.015411376953125,
        "t_final": [
          [
            [
              0.88720703125,
              -0.2379150390625,
              0.39501953125,
              -0.487060546875
            ],
            [
              0.37646484375,
              0.86865234375,
              -0.322265625,
              0.1607666015625
            ],
            [
              -0.2666015625,
              0.434814453125,
              0.8603515625,
              -0.10009765625
            ]
          ]
        ]
      },
      {
        "psnr": 11.735203742980957,
        "distortion": 0.06580924987792969,
        "rotation_rmse": 16.07317543029785,
        "translation_rmse_100": 65.12959289550781,
        "t_final": [
          [
            [
              0.94287109375,
              -0.097412109375,
              0.31787109375,
              -0.55078125
            ],
            [
              0.1746826171875,
              0.95849609375,
              -0.2244873046875,
              -0.71484375
            ],
            [
              -0.282958984375,
              0.267333984375,
              0.92138671875,
              0.44970703125
            ]
          ]
        ]
      },
      {
        "psnr": 10.803733825683594,
        "distortion": 0.09222125262022018,
        "rotation_rmse": 20.046369552612305,
        "translation_rmse_100": 19.667673110961914,
        "t_final": [
          [
            [
              0.966796875,
              -0.1507568359375,
              0.2056884765625,
              -0.546875
            ],
            [
              0.184326171875,
              0.970703125,
              -0.1549072265625,
              0.2293701171875
            ],
            [
              -0.17626953125,
              0.187744140625,
              0.96630859375,
              0.33642578125
            ]
          ]
        ]
      },
      {
        "psnr": 11.168087005615234,
        "distortion": 0.11243332922458649,
        "rotation_rmse": 24.734039306640625,
        "translation_rmse_100": 14.143590927124023,
        "t_final": [
          [
            [
              0.93359375,
              -0.1298828125,
              0.33447265625,
              -0.468017578125
            ],
            [
              0.12359619140625,
              0.99169921875,
              0.040069580078125,
              0.2978515625
            ],
            [
              -0.3369140625,
              0.003948211669921875,
              0.94140625,
              0.288818359375
            ]
          ]
        ]
      },
      {
        "psnr": 10.621122360229492,
        "distortion": 0.06939487159252167,
        "rotation_rmse": 22.79340934753418,
        "translation_rmse_100": 35.844112396240234,
        "t_final": [
          [
            [
              0.97705078125,
              -0.0994873046875,
              0.1885986328125,
              -0.34912109375
            ],
            [
              0.115478515625,
              0.990234375,
              -0.0758056640625,
              -0.040191650390625
            ],
            [
              -0.17919921875,
              0.0958251953125,
              0.97900390625,
              0.572265625
            ]
          ]
        ]
      },
      {
        "psnr": 10.811537742614746,
        "distortion": 0.1247715950012207,
        "rotation_rmse": 27.78577423095703,
        "translation_rmse_100": 13.208686828613281,
        "t_final": [
          [
            [
              0.94921875,
              -0.28466796875,
              0.1353759765625,
              -0.265869140625
            ],
            [
              0.276611328125,
              0.9580078125,
              0.0751953125,
              0.12548828125
            ],
            [
              -0.151123046875,
              -0.033935546875,
              0.98779296875,
              0.12384033203125
            ]
          ]
        ]
      },
      {
        "psnr": 10.923824310302734,
        "distortion": 0.07299240678548813,
        "rotation_rmse": 23.849390029907227,
        "translation_rmse_100": 14.785645484924316,
        "t_final": [
          [
            [
              0.8515625,
              0.51318359375,
              0.10546875,
              -0.32470703125
            ],
            [
              -0.4287109375,
              0.79833984375,
              -0.4228515625,
              0.076904296875
            ],
            [
              -0.301025390625,
              0.31494140625,
              0.89990234375,
              0.092529296875
            ]
          ]
        ]
      },
      {
        "psnr": 10.61047649383545,
        "distortion": 0.08992556482553482,
        "rotation_rmse": 24.53611183166504,
        "translation_rmse_100": 10.241619110107422,
        "t_final": [
          [
            [
              0.97509765625,
              -0.12939453125,
              0.1788330078125,
              -0.359619140625
            ],
            [
              0.1351318359375,
              0.99072265625,
              -0.019561767578125,
              0.1539306640625
            ],
            [
              -0.174560546875,
              0.043243408203125,
              0.98388671875,
              0.0888671875
            ]
          ]
        ]
      },
      {
        "psnr": 10.671676635742188,
        "distortion": 0.07462950795888901,
        "rotation_rmse": 27.0124568939209,
        "translation_rmse_100": 38.928531646728516,
        "t_final": [
          [
            [
              0.9853515625,
              -0.0279388427734375,
              0.16943359375,
              -0.1624755859375
            ],
            [
              0.02288818359375,
              0.9990234375,
              0.031707763671875,
              -0.12371826171875
            ],
            [
              -0.170166015625,
              -0.027374267578125,
              0.98486328125,
              0.5341796875
            ]
          ]
        ]
      },
      {
        "psnr": 11.621976852416992,
        "distortion": 0.022483346983790398,
        "rotation_rmse": 13.554197311401367,
        "translation_rmse_100": 14.16623306274414,
        "t_final": [
          [
            [
              0.9140625,
              -0.192138671875,
              0.357666015625,
              -0.455322265625
            ],
            [
              0.3125,
              0.8955078125,
              -0.3173828125,
              0.21337890625
            ],
            [
              -0.25927734375,
              0.40185546875,
              0.87841796875,
              -0.115966796875
            ]
          ]
        ]
      }
    ]
  }
}