{
  "fern_30_70_even_odd": {
    "best": {
      "psnr": 21.796791076660156,
      "distortion": 0.018036622554063797,
      "rotation_rmse": 0.044297512620687485,
      "translation_rmse_100": 0.16800260543823242,
      "t_final": [
        [
          [
            0.91357421875,
            0.1806640625,
            0.3642578125,
            -0.35698872804641724
          ],
          [
            0.10626220703125,
            0.7587890625,
            -0.642578125,
            0.33134669065475464
          ],
          [
            -0.392578125,
            0.6259765625,
            0.673828125,
            0.0738522931933403
          ]
        ]
      ]
    },
    "stats_list": [
      {
        "psnr": 21.780517578125,
        "distortion": 0.017689678817987442,
        "rotation_rmse": 0.08836033940315247,
        "translation_rmse_100": 0.16342464089393616,
        "t_final": [
          [
            [
              0.91357421875,
              0.181884765625,
              0.36328125,
              -0.35668057203292847
            ],
            [
              0.104736328125,
              0.75830078125,
              -0.64306640625,
              0.3319666385650635
            ],
            [
              -0.392578125,
              0.6259765625,
              0.673828125,
              0.07395144551992416
            ]
          ]
        ]
      },
      {
        "psnr": 11.763312339782715,
        "distortion": 0.12004514783620834,
        "rotation_rmse": 39.091182708740234,
        "translation_rmse_100": 10.500816345214844,
        "t_final": [
          [
            [
              0.2479248046875,
              -0.47998046875,
              0.841796875,
              -0.17871135473251343
            ],
            [
              0.8359375,
              0.544921875,
              0.06451416015625,
              0.3720719814300537
            ],
            [
              -0.489501953125,
              0.6875,
              0.5361328125,
              0.09810169786214828
            ]
          ]
        ]
      },
      {
        "psnr": 11.756388664245605,
        "distortion": 0.07943528890609741,
        "rotation_rmse": 23.49369239807129,
        "translation_rmse_100": 13.24941349029541,
        "t_final": [
          [
            [
              0.60107421875,
              -0.25341796875,
              0.7578125,
              -0.3310803472995758
            ],
            [
              0.6396484375,
              0.7216796875,
              -0.26611328125,
              0.558191180229187
            ],
            [
              -0.4794921875,
              0.64453125,
              0.595703125,
              0.055621080100536346
            ]
          ]
        ]
      },
      {
        "psnr": 21.729970932006836,
        "distortion": 0.01797633431851864,
        "rotation_rmse": 0.08920848369598389,
        "translation_rmse_100": 0.15653583407402039,
        "t_final": [
          [
            [
              0.91357421875,
              0.1817626953125,
              0.363525390625,
              -0.35657158493995667
            ],
            [
              0.1048583984375,
              0.7587890625,
              -0.64306640625,
              0.33184391260147095
            ],
            [
              -0.392578125,
              0.62548828125,
              0.673828125,
              0.0737808421254158
            ]
          ]
        ]
      },
      {
        "psnr": 11.89225959777832,
        "distortion": 0.05396461486816406,
        "rotation_rmse": 20.626371383666992,
        "translation_rmse_100": 9.221758842468262,
        "t_final": [
          [
            [
              0.6318359375,
              -0.26708984375,
              0.7275390625,
              -0.4987092614173889
            ],
            [
              0.48193359375,
              0.87060546875,
              -0.09918212890625,
              0.3244995176792145
            ],
            [
              -0.60693359375,
              0.413330078125,
              0.6787109375,
              0.006585783325135708
            ]
          ]
        ]
      },
      {
        "psnr": 21.796791076660156,
        "distortion": 0.018036622554063797,
        "rotation_rmse": 0.044297512620687485,
        "translation_rmse_100": 0.16800260543823242,
        "t_final": [
          [
            [
              0.91357421875,
              0.1806640625,
              0.3642578125,
              -0.35698872804641724
            ],
            [
              0.10626220703125,
              0.7587890625,
              -0.642578125,
              0.33134669065475464
            ],
            [
              -0.392578125,
              0.6259765625,
              0.673828125,
              0.0738522931933403
            ]
          ]
        ]
      },
      {
        "psnr": 11.690114974975586,
        "distortion": 0.056133680045604706,
        "rotation_rmse": 21.422578811645508,
        "translation_rmse_100": 13.402424812316895,
        "t_final": [
          [
            [
              0.6513671875,
              -0.315673828125,
              0.68994140625,
              -0.5401254892349243
            ],
            [
              0.43896484375,
              0.8984375,
              -0.0030117034912109375,
              0.3381248712539673
            ],
            [
              -0.619140625,
              0.304931640625,
              0.7236328125,
              -0.06443455815315247
            ]
          ]
        ]
      },
      {
        "psnr": 11.054990768432617,
        "distortion": 0.0542367659509182,
        "rotation_rmse": 17.34874725341797,
        "translation_rmse_100": 43.95298767089844,
        "t_final": [
          [
            [
              0.7734375,
              -0.2242431640625,
              0.5927734375,
              -1.0110538005828857
            ],
            [
              0.354736328125,
              0.92822265625,
              -0.1116943359375,
              0.6157203912734985
            ],
            [
              -0.525390625,
              0.296630859375,
              0.79736328125,
              0.3329344689846039
            ]
          ]
        ]
      },
      {
        "psnr": 12.088580131530762,
        "distortion": 0.0262287687510252,
        "rotation_rmse": 20.083940505981445,
        "translation_rmse_100": 22.75751495361328,
        "t_final": [
          [
            [
              0.6328125,
              -0.11676025390625,
              0.76513671875,
              -0.6743370294570923
            ],
            [
              0.51513671875,
              0.80126953125,
              -0.303955078125,
              0.12384375184774399
            ],
            [
              -0.57763671875,
              0.58642578125,
              0.5673828125,
              0.17500165104866028
            ]
          ]
        ]
      },
      {
        "psnr": 21.70838165283203,
        "distortion": 0.01759677194058895,
        "rotation_rmse": 0.03709740191698074,
        "translation_rmse_100": 0.18158359825611115,
        "t_final": [
          [
            [
              0.91357421875,
              0.1806640625,
              0.3642578125,
              -0.3572966158390045
            ],
            [
              0.10638427734375,
              0.75830078125,
              -0.64306640625,
              0.33110663294792175
            ],
            [
              -0.392333984375,
              0.6259765625,
              0.673828125,
              0.07395873218774796
            ]
          ]
        ]
      }
    ]
  }
}