{
  "room_50_50": {
    "best": {
      "psnr": 13.371406555175781,
      "distortion": 0.09528610855340958,
      "rotation_rmse": 22.15949821472168,
      "translation_rmse_100": 43.32318115234375,
      "t_final": [
        [
          [
            0.82080078125,
            -0.482177734375,
            0.3056640625,
            -0.1872473806142807
          ],
          [
            0.55419921875,
            0.54541015625,
            -0.62890625,
            -0.3710504472255707
          ],
          [
            0.13623046875,
            0.685546875,
            0.71484375,
            -0.03460555523633957
          ]
        ]
      ]
    },
    "stats_list": [
      {
        "psnr": 13.371406555175781,
        "distortion": 0.09528610855340958,
        "rotation_rmse": 22.15949821472168,
        "translation_rmse_100": 43.32318115234375,
        "t_final": [
          [
            [
              0.82080078125,
              -0.482177734375,
              0.3056640625,
              -0.1872473806142807
            ],
            [
              0.55419921875,
              0.54541015625,
              -0.62890625,
              -0.3710504472255707
            ],
            [
              0.13623046875,
              0.685546875,
              0.71484375,
              -0.03460555523633957
            ]
          ]
        ]
      },
      {
        "psnr": 13.33220100402832,
        "distortion": 0.09360797703266144,
        "rotation_rmse": 6.1191792488098145,
        "translation_rmse_100": 26.890636444091797,
        "t_final": [
          [
            [
              0.998046875,
              -0.0604248046875,
              0.01513671875,
              -0.11418171226978302
            ],
            [
              0.056854248046875,
              0.78466796875,
              -0.61767578125,
              0.1642918735742569
            ],
            [
              0.025421142578125,
              0.6171875,
              0.78662109375,
              0.005785761401057243
            ]
          ]
        ]
      },
      {
        "psnr": 13.060468673706055,
        "distortion": 0.08493465185165405,
        "rotation_rmse": 11.086244583129883,
        "translation_rmse_100": 26.223289489746094,
        "t_final": [
          [
            [
              0.99658203125,
              -0.066162109375,
              0.047882080078125,
              -0.1517162322998047
            ],
            [
              0.080078125,
              0.67529296875,
              -0.73291015625,
              -0.004921593703329563
            ],
            [
              0.0161590576171875,
              0.734375,
              0.6787109375,
              0.055720005184412
            ]
          ]
        ]
      },
      {
        "psnr": 13.240263938903809,
        "distortion": 0.09118219465017319,
        "rotation_rmse": 3.8061141967773438,
        "translation_rmse_100": 26.96923065185547,
        "t_final": [
          [
            [
              0.998046875,
              -0.0633544921875,
              0.01451873779296875,
              -0.1010427325963974
            ],
            [
              0.061065673828125,
              0.83740234375,
              -0.54296875,
              0.1967737078666687
            ],
            [
              0.0222320556640625,
              0.54296875,
              0.83984375,
              0.006321942433714867
            ]
          ]
        ]
      },
      {
        "psnr": 13.118773460388184,
        "distortion": 0.08594479411840439,
        "rotation_rmse": 20.326539993286133,
        "translation_rmse_100": 33.442054748535156,
        "t_final": [
          [
            [
              0.8955078125,
              -0.2325439453125,
              0.38037109375,
              -0.30065059661865234
            ],
            [
              0.44287109375,
              0.56103515625,
              -0.69921875,
              -0.2713286280632019
            ],
            [
              -0.05084228515625,
              0.79443359375,
              0.60546875,
              0.1283944547176361
            ]
          ]
        ]
      },
      {
        "psnr": 12.93895435333252,
        "distortion": 0.0877932608127594,
        "rotation_rmse": 12.432998657226562,
        "translation_rmse_100": 27.91091537475586,
        "t_final": [
          [
            [
              0.99462890625,
              -0.0830078125,
              0.057403564453125,
              -0.14938080310821533
            ],
            [
              0.09759521484375,
              0.646484375,
              -0.7568359375,
              -0.049900591373443604
            ],
            [
              0.0257110595703125,
              0.75830078125,
              0.6513671875,
              0.0465225949883461
            ]
          ]
        ]
      },
      {
        "psnr": 13.018863677978516,
        "distortion": 0.17402134835720062,
        "rotation_rmse": 20.543455123901367,
        "translation_rmse_100": 72.40682220458984,
        "t_final": [
          [
            [
              0.83056640625,
              -0.47412109375,
              0.292236328125,
              0.7586436867713928
            ],
            [
              0.55029296875,
              0.61767578125,
              -0.5615234375,
              0.12412611395120621
            ],
            [
              0.085693359375,
              0.62744140625,
              0.77392578125,
              -0.34378230571746826
            ]
          ]
        ]
      },
      {
        "psnr": 13.202202796936035,
        "distortion": 0.16534678637981415,
        "rotation_rmse": 5.797430992126465,
        "translation_rmse_100": 88.2302017211914,
        "t_final": [
          [
            [
              0.99853515625,
              -0.036834716796875,
              0.041168212890625,
              0.9683539271354675
            ],
            [
              0.054412841796875,
              0.7841796875,
              -0.6181640625,
              -0.04799952358007431
            ],
            [
              -0.00951385498046875,
              0.61962890625,
              0.78466796875,
              -0.4936766028404236
            ]
          ]
        ]
      },
      {
        "psnr": 13.213927268981934,
        "distortion": 0.1660645455121994,
        "rotation_rmse": 3.5538222789764404,
        "translation_rmse_100": 84.8121109008789,
        "t_final": [
          [
            [
              0.9990234375,
              -0.00319671630859375,
              0.043304443359375,
              0.9223016500473022
            ],
            [
              0.0273895263671875,
              0.8203125,
              -0.57080078125,
              0.0571901835501194
            ],
            [
              -0.033721923828125,
              0.57177734375,
              0.81982421875,
              -0.47632014751434326
            ]
          ]
        ]
      },
      {
        "psnr": 13.044416427612305,
        "distortion": 0.08559577167034149,
        "rotation_rmse": 10.396430015563965,
        "translation_rmse_100": 26.429166793823242,
        "t_final": [
          [
            [
              0.99609375,
              -0.075439453125,
              0.04168701171875,
              -0.16057553887367249
            ],
            [
              0.08245849609375,
              0.69287109375,
              -0.71630859375,
              -0.004413227085024118
            ],
            [
              0.025177001953125,
              0.71728515625,
              0.6962890625,
              0.05057796463370323
            ]
          ]
        ]
      }
    ]
  }
}