{
  "trex_0_100_even_odd": {
    "best": {
      "psnr": 24.79512596130371,
      "distortion": 0.0160048957914114,
      "rotation_rmse": 0.0378715954720974,
      "translation_rmse_100": 0.21892069280147552,
      "t_final": [
        [
          [
            0.79052734375,
            -0.07977294921875,
            0.607421875,
            -0.25143712759017944
          ],
          [
            0.357666015625,
            0.865234375,
            -0.3515625,
            -0.0687832459807396
          ],
          [
            -0.497314453125,
            0.4951171875,
            0.71240234375,
            -0.19762125611305237
          ]
        ]
      ]
    },
    "stats_list": [
      {
        "psnr": 11.797805786132812,
        "distortion": 0.16561588644981384,
        "rotation_rmse": 16.776897430419922,
        "translation_rmse_100": 24.413381576538086,
        "t_final": [
          [
            [
              0.6259765625,
              -0.5380859375,
              0.564453125,
              -0.47996681928634644
            ],
            [
              0.5126953125,
              0.82958984375,
              0.222412109375,
              0.2759600281715393
            ],
            [
              -0.587890625,
              0.150146484375,
              0.794921875,
              -0.1179908737540245
            ]
          ]
        ]
      },
      {
        "psnr": 11.512009620666504,
        "distortion": 0.17304249107837677,
        "rotation_rmse": 15.385119438171387,
        "translation_rmse_100": 47.69892883300781,
        "t_final": [
          [
            [
              0.89990234375,
              -0.22900390625,
              0.37109375,
              0.3885500133037567
            ],
            [
              0.27978515625,
              0.9560546875,
              -0.08856201171875,
              -0.0396721214056015
            ],
            [
              -0.33447265625,
              0.1834716796875,
              0.92431640625,
              0.3288184702396393
            ]
          ]
        ]
      },
      {
        "psnr": 11.978826522827148,
        "distortion": 0.09320911020040512,
        "rotation_rmse": 17.83265495300293,
        "translation_rmse_100": 27.593273162841797,
        "t_final": [
          [
            [
              0.74755859375,
              -0.5009765625,
              0.435791015625,
              -0.6723406910896301
            ],
            [
              0.47705078125,
              0.86181640625,
              0.17236328125,
              0.14774802327156067
            ],
            [
              -0.4619140625,
              0.0791015625,
              0.88330078125,
              -0.2347182333469391
            ]
          ]
        ]
      },
      {
        "psnr": 11.52402400970459,
        "distortion": 0.20180411636829376,
        "rotation_rmse": 6.657771587371826,
        "translation_rmse_100": 57.895870208740234,
        "t_final": [
          [
            [
              0.84033203125,
              -0.184814453125,
              0.509765625,
              0.38829100131988525
            ],
            [
              0.4326171875,
              0.794921875,
              -0.4248046875,
              0.6411160230636597
            ],
            [
              -0.326904296875,
              0.57763671875,
              0.748046875,
              0.11531300842761993
            ]
          ]
        ]
      },
      {
        "psnr": 11.802424430847168,
        "distortion": 0.1529153436422348,
        "rotation_rmse": 16.56827735900879,
        "translation_rmse_100": 23.885717391967773,
        "t_final": [
          [
            [
              0.6650390625,
              -0.529296875,
              0.52734375,
              -0.5143587589263916
            ],
            [
              0.5107421875,
              0.8369140625,
              0.1961669921875,
              0.24451151490211487
            ],
            [
              -0.54541015625,
              0.1387939453125,
              0.82666015625,
              -0.15083974599838257
            ]
          ]
        ]
      },
      {
        "psnr": 11.809134483337402,
        "distortion": 0.1620340645313263,
        "rotation_rmse": 16.56437110900879,
        "translation_rmse_100": 23.06446075439453,
        "t_final": [
          [
            [
              0.60107421875,
              -0.56103515625,
              0.5693359375,
              -0.48126572370529175
            ],
            [
              0.55419921875,
              0.8056640625,
              0.208984375,
              0.24545948207378387
            ],
            [
              -0.57568359375,
              0.1898193359375,
              0.794921875,
              -0.11641272902488708
            ]
          ]
        ]
      },
      {
        "psnr": 11.349875450134277,
        "distortion": 0.1567029505968094,
        "rotation_rmse": 11.880139350891113,
        "translation_rmse_100": 38.50892639160156,
        "t_final": [
          [
            [
              0.732421875,
              -0.3740234375,
              0.56884765625,
              0.15537653863430023
            ],
            [
              0.435546875,
              0.8994140625,
              0.0308990478515625,
              0.36684006452560425
            ],
            [
              -0.5234375,
              0.2252197265625,
              0.82177734375,
              0.1076139509677887
            ]
          ]
        ]
      },
      {
        "psnr": 24.79512596130371,
        "distortion": 0.0160048957914114,
        "rotation_rmse": 0.0378715954720974,
        "translation_rmse_100": 0.21892069280147552,
        "t_final": [
          [
            [
              0.79052734375,
              -0.07977294921875,
              0.607421875,
              -0.25143712759017944
            ],
            [
              0.357666015625,
              0.865234375,
              -0.3515625,
              -0.0687832459807396
            ],
            [
              -0.497314453125,
              0.4951171875,
              0.71240234375,
              -0.19762125611305237
            ]
          ]
        ]
      },
      {
        "psnr": 11.62000560760498,
        "distortion": 0.2020832896232605,
        "rotation_rmse": 20.15764045715332,
        "translation_rmse_100": 52.815673828125,
        "t_final": [
          [
            [
              0.88427734375,
              -0.261474609375,
              0.38623046875,
              0.4433518052101135
            ],
            [
              0.25,
              0.96484375,
              0.08056640625,
              -0.03571951761841774
            ],
            [
              -0.393798828125,
              0.02532958984375,
              0.9189453125,
              0.4011097848415375
            ]
          ]
        ]
      },
      {
        "psnr": 11.614348411560059,
        "distortion": 0.11926513910293579,
        "rotation_rmse": 18.217674255371094,
        "translation_rmse_100": 11.45954704284668,
        "t_final": [
          [
            [
              0.9912109375,
              0.043975830078125,
              0.1256103515625,
              -0.12622478604316711
            ],
            [
              0.038665771484375,
              0.8076171875,
              -0.587890625,
              -0.2211674600839615
            ],
            [
              -0.1273193359375,
              0.587890625,
              0.798828125,
              -0.16159220039844513
            ]
          ]
        ]
      }
    ]
  }
}