{
  "fern_0_100_even_odd": {
    "best": {
      "psnr": 22.436220169067383,
      "distortion": 0.017824405804276466,
      "rotation_rmse": 0.04487163573503494,
      "translation_rmse_100": 0.1916925013065338,
      "t_final": [
        [
          [
            0.91357421875,
            0.18017578125,
            0.3642578125,
            -0.35740622878074646
          ],
          [
            0.1064453125,
            0.7587890625,
            -0.642578125,
            0.33095577359199524
          ],
          [
            -0.39208984375,
            0.6259765625,
            0.673828125,
            0.07351875305175781
          ]
        ]
      ]
    },
    "stats_list": [
      {
        "psnr": 22.436220169067383,
        "distortion": 0.017824405804276466,
        "rotation_rmse": 0.04487163573503494,
        "translation_rmse_100": 0.1916925013065338,
        "t_final": [
          [
            [
              0.91357421875,
              0.18017578125,
              0.3642578125,
              -0.35740622878074646
            ],
            [
              0.1064453125,
              0.7587890625,
              -0.642578125,
              0.33095577359199524
            ],
            [
              -0.39208984375,
              0.6259765625,
              0.673828125,
              0.07351875305175781
            ]
          ]
        ]
      },
      {
        "psnr": 11.71385383605957,
        "distortion": 0.14222481846809387,
        "rotation_rmse": 24.313581466674805,
        "translation_rmse_100": 43.873268127441406,
        "t_final": [
          [
            [
              0.576171875,
              -0.40087890625,
              0.7119140625,
              0.38416698575019836
            ],
            [
              0.56591796875,
              0.82421875,
              0.00627899169921875,
              0.4989534318447113
            ],
            [
              -0.58935546875,
              0.3994140625,
              0.7021484375,
              0.1370289921760559
            ]
          ]
        ]
      },
      {
        "psnr": 22.315181732177734,
        "distortion": 0.01779494248330593,
        "rotation_rmse": 0.05405859649181366,
        "translation_rmse_100": 0.1688530594110489,
        "t_final": [
          [
            [
              0.91357421875,
              0.1806640625,
              0.364013671875,
              -0.35699567198753357
            ],
            [
              0.10595703125,
              0.7587890625,
              -0.642578125,
              0.3312342166900635
            ],
            [
              -0.392333984375,
              0.6259765625,
              0.673828125,
              0.07369274646043777
            ]
          ]
        ]
      },
      {
        "psnr": 11.555197715759277,
        "distortion": 0.06707945466041565,
        "rotation_rmse": 26.843730926513672,
        "translation_rmse_100": 7.475622177124023,
        "t_final": [
          [
            [
              0.58349609375,
              -0.53955078125,
              0.60693359375,
              -0.369032621383667
            ],
            [
              0.5888671875,
              0.7958984375,
              0.141357421875,
              0.3676874041557312
            ],
            [
              -0.5595703125,
              0.274658203125,
              0.7822265625,
              -0.04880592226982117
            ]
          ]
        ]
      },
      {
        "psnr": 12.032215118408203,
        "distortion": 0.12263508141040802,
        "rotation_rmse": 9.247955322265625,
        "translation_rmse_100": 31.99298667907715,
        "t_final": [
          [
            [
              0.875,
              -0.049652099609375,
              0.481201171875,
              0.19222941994667053
            ],
            [
              0.261474609375,
              0.88525390625,
              -0.384521484375,
              0.28984013199806213
            ],
            [
              -0.406982421875,
              0.46240234375,
              0.78759765625,
              0.15683996677398682
            ]
          ]
        ]
      },
      {
        "psnr": 22.327573776245117,
        "distortion": 0.01769956760108471,
        "rotation_rmse": 0.03735001012682915,
        "translation_rmse_100": 0.17794883251190186,
        "t_final": [
          [
            [
              0.91357421875,
              0.1805419921875,
              0.364501953125,
              -0.3572023808956146
            ],
            [
              0.10650634765625,
              0.7587890625,
              -0.642578125,
              0.33100399374961853
            ],
            [
              -0.392578125,
              0.6259765625,
              0.673828125,
              0.07371379435062408
            ]
          ]
        ]
      },
      {
        "psnr": 11.551002502441406,
        "distortion": 0.03704693913459778,
        "rotation_rmse": 20.476104736328125,
        "translation_rmse_100": 13.031408309936523,
        "t_final": [
          [
            [
              0.66845703125,
              -0.284423828125,
              0.6875,
              -0.5140136480331421
            ],
            [
              0.418701171875,
              0.90771484375,
              -0.031768798828125,
              0.4297453761100769
            ],
            [
              -0.61474609375,
              0.30908203125,
              0.7255859375,
              -0.050477564334869385
            ]
          ]
        ]
      },
      {
        "psnr": 12.240874290466309,
        "distortion": 0.03352005407214165,
        "rotation_rmse": 24.026721954345703,
        "translation_rmse_100": 16.050472259521484,
        "t_final": [
          [
            [
              0.572265625,
              -0.359130859375,
              0.7373046875,
              -0.568504810333252
            ],
            [
              0.5908203125,
              0.80419921875,
              -0.06689453125,
              0.15356148779392242
            ],
            [
              -0.56884765625,
              0.4736328125,
              0.67236328125,
              0.07193208485841751
            ]
          ]
        ]
      },
      {
        "psnr": 12.690746307373047,
        "distortion": 0.030174070969223976,
        "rotation_rmse": 11.089703559875488,
        "translation_rmse_100": 8.826591491699219,
        "t_final": [
          [
            [
              0.86767578125,
              -0.1151123046875,
              0.4833984375,
              -0.4289681911468506
            ],
            [
              0.40185546875,
              0.7353515625,
              -0.5458984375,
              0.19812363386154175
            ],
            [
              -0.292724609375,
              0.66748046875,
              0.6845703125,
              0.059462085366249084
            ]
          ]
        ]
      },
      {
        "psnr": 11.89052677154541,
        "distortion": 0.14447608590126038,
        "rotation_rmse": 13.567803382873535,
        "translation_rmse_100": 15.746047019958496,
        "t_final": [
          [
            [
              0.7861328125,
              -0.1553955078125,
              0.5986328125,
              -0.08209600299596786
            ],
            [
              0.44873046875,
              0.8095703125,
              -0.379150390625,
              0.34888195991516113
            ],
            [
              -0.425537109375,
              0.56640625,
              0.7060546875,
              0.0734722763299942
            ]
          ]
        ]
      }
    ]
  }
}