{
  "horns_30_70_even_odd": {
    "best": {
      "psnr": 11.290603637695312,
      "distortion": 0.21787120401859283,
      "rotation_rmse": 17.57353401184082,
      "translation_rmse_100": 55.19207000732422,
      "t_final": [
        [
          [
            0.99609375,
            0.0167236328125,
            0.087158203125,
            0.6311777234077454
          ],
          [
            -0.010345458984375,
            0.9970703125,
            -0.07305908203125,
            0.05081113427877426
          ],
          [
            -0.088134765625,
            0.0718994140625,
            0.99365234375,
            0.4348404109477997
          ]
        ]
      ]
    },
    "stats_list": [
      {
        "psnr": 11.21718692779541,
        "distortion": 0.22043482959270477,
        "rotation_rmse": 14.620987892150879,
        "translation_rmse_100": 58.21587371826172,
        "t_final": [
          [
            [
              0.99169921875,
              -0.044708251953125,
              0.1221923828125,
              0.700411856174469
            ],
            [
              0.07940673828125,
              0.9521484375,
              -0.2958984375,
              0.16311831772327423
            ],
            [
              -0.10308837890625,
              0.302978515625,
              0.947265625,
              0.44188985228538513
            ]
          ]
        ]
      },
      {
        "psnr": 11.185620307922363,
        "distortion": 0.23586547374725342,
        "rotation_rmse": 11.710817337036133,
        "translation_rmse_100": 93.49552154541016,
        "t_final": [
          [
            [
              0.6650390625,
              0.41796875,
              0.61865234375,
              0.9107540249824524
            ],
            [
              -0.048583984375,
              0.85107421875,
              -0.52294921875,
              -0.5759536623954773
            ],
            [
              -0.7451171875,
              0.31787109375,
              0.58642578125,
              0.864457905292511
            ]
          ]
        ]
      },
      {
        "psnr": 11.24569320678711,
        "distortion": 0.20935404300689697,
        "rotation_rmse": 21.393274307250977,
        "translation_rmse_100": 57.15995407104492,
        "t_final": [
          [
            [
              0.9921875,
              -0.11920166015625,
              -0.03387451171875,
              0.563897430896759
            ],
            [
              0.11602783203125,
              0.98974609375,
              -0.0848388671875,
              0.1533069610595703
            ],
            [
              0.04364013671875,
              0.08026123046875,
              0.99560546875,
              0.5436314344406128
            ]
          ]
        ]
      },
      {
        "psnr": 11.235928535461426,
        "distortion": 0.15466192364692688,
        "rotation_rmse": 20.973960876464844,
        "translation_rmse_100": 54.661983489990234,
        "t_final": [
          [
            [
              0.9931640625,
              -0.114990234375,
              -0.0193634033203125,
              -0.1936051994562149
            ],
            [
              0.0919189453125,
              0.8740234375,
              -0.47705078125,
              0.9146813750267029
            ],
            [
              0.07177734375,
              0.471923828125,
              0.87841796875,
              0.2688743770122528
            ]
          ]
        ]
      },
      {
        "psnr": 11.269417762756348,
        "distortion": 0.21699264645576477,
        "rotation_rmse": 17.794925689697266,
        "translation_rmse_100": 53.168426513671875,
        "t_final": [
          [
            [
              0.99658203125,
              0.01461029052734375,
              0.08135986328125,
              0.6021361351013184
            ],
            [
              -0.00894927978515625,
              0.99755859375,
              -0.069580078125,
              0.009149214252829552
            ],
            [
              -0.0821533203125,
              0.068603515625,
              0.994140625,
              0.40777862071990967
            ]
          ]
        ]
      },
      {
        "psnr": 11.243202209472656,
        "distortion": 0.21174107491970062,
        "rotation_rmse": 19.085988998413086,
        "translation_rmse_100": 58.1326904296875,
        "t_final": [
          [
            [
              0.99365234375,
              -0.11181640625,
              0.01413726806640625,
              0.6144210696220398
            ],
            [
              0.112548828125,
              0.9775390625,
              -0.177490234375,
              0.07102430611848831
            ],
            [
              0.0060272216796875,
              0.177978515625,
              0.98388671875,
              0.5221707820892334
            ]
          ]
        ]
      },
      {
        "psnr": 11.143251419067383,
        "distortion": 0.204123854637146,
        "rotation_rmse": 18.960237503051758,
        "translation_rmse_100": 38.83247756958008,
        "t_final": [
          [
            [
              0.9921875,
              -0.11761474609375,
              0.03936767578125,
              0.4025905430316925
            ],
            [
              0.12109375,
              0.9873046875,
              -0.101806640625,
              0.042410142719745636
            ],
            [
              -0.0269012451171875,
              0.1058349609375,
              0.994140625,
              0.2580479681491852
            ]
          ]
        ]
      },
      {
        "psnr": 11.290603637695312,
        "distortion": 0.21787120401859283,
        "rotation_rmse": 17.57353401184082,
        "translation_rmse_100": 55.19207000732422,
        "t_final": [
          [
            [
              0.99609375,
              0.0167236328125,
              0.087158203125,
              0.6311777234077454
            ],
            [
              -0.010345458984375,
              0.9970703125,
              -0.07305908203125,
              0.05081113427877426
            ],
            [
              -0.088134765625,
              0.0718994140625,
              0.99365234375,
              0.4348404109477997
            ]
          ]
        ]
      },
      {
        "psnr": 11.192136764526367,
        "distortion": 0.20894214510917664,
        "rotation_rmse": 16.79499053955078,
        "translation_rmse_100": 48.12950897216797,
        "t_final": [
          [
            [
              0.99755859375,
              -0.003570556640625,
              0.0693359375,
              0.5129430294036865
            ],
            [
              0.0148162841796875,
              0.98681640625,
              -0.1624755859375,
              0.07548307627439499
            ],
            [
              -0.06781005859375,
              0.1630859375,
              0.984375,
              0.3805777132511139
            ]
          ]
        ]
      },
      {
        "psnr": 11.207301139831543,
        "distortion": 0.2100071758031845,
        "rotation_rmse": 15.210848808288574,
        "translation_rmse_100": 53.558135986328125,
        "t_final": [
          [
            [
              0.99365234375,
              -0.01296234130859375,
              0.11151123046875,
              0.686439037322998
            ],
            [
              0.034088134765625,
              0.9814453125,
              -0.189697265625,
              -0.01802368462085724
            ],
            [
              -0.10699462890625,
              0.1922607421875,
              0.9755859375,
              0.3153074085712433
            ]
          ]
        ]
      }
    ]
  }
}