{
  "room_30_70_even_odd": {
    "best": {
      "psnr": 28.293010711669922,
      "distortion": 0.009899950586259365,
      "rotation_rmse": 0.018818607553839684,
      "translation_rmse_100": 0.14757391810417175,
      "t_final": [
        [
          [
            0.99853515625,
            0.0199127197265625,
            0.04840087890625,
            -0.20176230370998383
          ],
          [
            0.0059967041015625,
            0.875,
            -0.483642578125,
            0.1900617629289627
          ],
          [
            -0.052001953125,
            0.4833984375,
            0.8740234375,
            0.4632585942745209
          ]
        ]
      ]
    },
    "stats_list": [
      {
        "psnr": 12.937023162841797,
        "distortion": 0.2043548971414566,
        "rotation_rmse": 33.57661437988281,
        "translation_rmse_100": 30.622190475463867,
        "t_final": [
          [
            [
              0.55859375,
              -0.77490234375,
              0.295166015625,
              0.3062189817428589
            ],
            [
              0.7587890625,
              0.333984375,
              -0.5595703125,
              0.3288384675979614
            ],
            [
              0.334716796875,
              0.53662109375,
              0.7744140625,
              0.5446159243583679
            ]
          ]
        ]
      },
      {
        "psnr": 12.85627269744873,
        "distortion": 0.2051147073507309,
        "rotation_rmse": 26.78022003173828,
        "translation_rmse_100": 70.59182739257812,
        "t_final": [
          [
            [
              0.71435546875,
              -0.63427734375,
              0.2958984375,
              0.5670031905174255
            ],
            [
              0.6640625,
              0.47998046875,
              -0.5732421875,
              -0.13073821365833282
            ],
            [
              0.2216796875,
              0.60595703125,
              0.76416015625,
              -0.43403321504592896
            ]
          ]
        ]
      },
      {
        "psnr": 28.293010711669922,
        "distortion": 0.009899950586259365,
        "rotation_rmse": 0.018818607553839684,
        "translation_rmse_100": 0.14757391810417175,
        "t_final": [
          [
            [
              0.99853515625,
              0.0199127197265625,
              0.04840087890625,
              -0.20176230370998383
            ],
            [
              0.0059967041015625,
              0.875,
              -0.483642578125,
              0.1900617629289627
            ],
            [
              -0.052001953125,
              0.4833984375,
              0.8740234375,
              0.4632585942745209
            ]
          ]
        ]
      },
      {
        "psnr": 12.879386901855469,
        "distortion": 0.16367945075035095,
        "rotation_rmse": 23.0489559173584,
        "translation_rmse_100": 23.12906265258789,
        "t_final": [
          [
            [
              0.79150390625,
              -0.467529296875,
              0.3935546875,
              0.08677283674478531
            ],
            [
              0.6103515625,
              0.57275390625,
              -0.546875,
              0.4608270525932312
            ],
            [
              0.030181884765625,
              0.67333984375,
              0.73876953125,
              0.5377916097640991
            ]
          ]
        ]
      },
      {
        "psnr": 28.204877853393555,
        "distortion": 0.009824668988585472,
        "rotation_rmse": 0.018134452402591705,
        "translation_rmse_100": 0.1487308144569397,
        "t_final": [
          [
            [
              0.99853515625,
              0.0198974609375,
              0.048309326171875,
              -0.20179545879364014
            ],
            [
              0.005985260009765625,
              0.875,
              -0.48388671875,
              0.19014285504817963
            ],
            [
              -0.051910400390625,
              0.483642578125,
              0.8740234375,
              0.46326395869255066
            ]
          ]
        ]
      },
      {
        "psnr": 12.90824031829834,
        "distortion": 0.1862005740404129,
        "rotation_rmse": 19.316709518432617,
        "translation_rmse_100": 70.96389770507812,
        "t_final": [
          [
            [
              0.845703125,
              -0.419189453125,
              0.33056640625,
              0.5143837332725525
            ],
            [
              0.53369140625,
              0.66162109375,
              -0.5263671875,
              0.12829332053661346
            ],
            [
              0.001834869384765625,
              0.62158203125,
              0.783203125,
              -0.5358410477638245
            ]
          ]
        ]
      },
      {
        "psnr": 13.712791442871094,
        "distortion": 0.020319314673542976,
        "rotation_rmse": 11.146719932556152,
        "translation_rmse_100": 8.627899169921875,
        "t_final": [
          [
            [
              0.94970703125,
              -0.267822265625,
              0.161865234375,
              -0.1644660234451294
            ],
            [
              0.312255859375,
              0.77490234375,
              -0.54931640625,
              0.045663513243198395
            ],
            [
              0.02154541015625,
              0.572265625,
              0.81982421875,
              0.47474291920661926
            ]
          ]
        ]
      },
      {
        "psnr": 12.824670791625977,
        "distortion": 0.18497128784656525,
        "rotation_rmse": 14.43645191192627,
        "translation_rmse_100": 71.35084533691406,
        "t_final": [
          [
            [
              0.90771484375,
              -0.365234375,
              0.2060546875,
              0.5278639793395996
            ],
            [
              0.4189453125,
              0.76416015625,
              -0.490234375,
              -0.3538869619369507
            ],
            [
              0.0214385986328125,
              0.53125,
              0.8466796875,
              -0.375012069940567
            ]
          ]
        ]
      },
      {
        "psnr": 12.913249969482422,
        "distortion": 0.1772148758172989,
        "rotation_rmse": 8.86979866027832,
        "translation_rmse_100": 71.44284057617188,
        "t_final": [
          [
            [
              0.982421875,
              -0.11138916015625,
              0.1490478515625,
              0.8930628895759583
            ],
            [
              0.1812744140625,
              0.7529296875,
              -0.6328125,
              0.1874435991048813
            ],
            [
              -0.041717529296875,
              0.6484375,
              0.759765625,
              -0.1184505820274353
            ]
          ]
        ]
      },
      {
        "psnr": 12.944175720214844,
        "distortion": 0.19135527312755585,
        "rotation_rmse": 19.07608413696289,
        "translation_rmse_100": 91.48544311523438,
        "t_final": [
          [
            [
              0.896484375,
              -0.244384765625,
              0.368896484375,
              0.9561148881912231
            ],
            [
              0.438720703125,
              0.60107421875,
              -0.66796875,
              0.6072342991828918
            ],
            [
              -0.058624267578125,
              0.7607421875,
              0.646484375,
              -0.5382026433944702
            ]
          ]
        ]
      }
    ]
  }
}