{
  "horns_50_50": {
    "best": {
      "psnr": 11.647013664245605,
      "distortion": 0.11302132904529572,
      "rotation_rmse": 16.330646514892578,
      "translation_rmse_100": 43.90393829345703,
      "t_final": [
        [
          [
            0.98193359375,
            -0.1495361328125,
            0.1160888671875,
            -0.47962602972984314
          ],
          [
            0.1717529296875,
            0.96142578125,
            -0.21533203125,
            0.5575426816940308
          ],
          [
            -0.07940673828125,
            0.2314453125,
            0.9697265625,
            0.214813232421875
          ]
        ]
      ]
    },
    "stats_list": [
      {
        "psnr": 11.41823673248291,
        "distortion": 0.2005906105041504,
        "rotation_rmse": 18.084135055541992,
        "translation_rmse_100": 49.35954666137695,
        "t_final": [
          [
            [
              0.9599609375,
              -0.1900634765625,
              0.20556640625,
              0.47388479113578796
            ],
            [
              0.26708984375,
              0.841796875,
              -0.46923828125,
              0.6177093982696533
            ],
            [
              -0.08380126953125,
              0.50537109375,
              0.85888671875,
              0.2356230914592743
            ]
          ]
        ]
      },
      {
        "psnr": 11.377904891967773,
        "distortion": 0.19718067348003387,
        "rotation_rmse": 17.585752487182617,
        "translation_rmse_100": 47.020286560058594,
        "t_final": [
          [
            [
              0.96435546875,
              -0.1649169921875,
              0.2066650390625,
              0.47470271587371826
            ],
            [
              0.2467041015625,
              0.8427734375,
              -0.478515625,
              0.5457264184951782
            ],
            [
              -0.09521484375,
              0.51220703125,
              0.853515625,
              0.23213507235050201
            ]
          ]
        ]
      },
      {
        "psnr": 11.389178276062012,
        "distortion": 0.2118532508611679,
        "rotation_rmse": 18.435718536376953,
        "translation_rmse_100": 58.12495803833008,
        "t_final": [
          [
            [
              0.9560546875,
              -0.2080078125,
              0.20703125,
              0.6208227872848511
            ],
            [
              0.283203125,
              0.83984375,
              -0.462890625,
              0.6800832748413086
            ],
            [
              -0.07763671875,
              0.5009765625,
              0.86181640625,
              0.2800599932670593
            ]
          ]
        ]
      },
      {
        "psnr": 11.647013664245605,
        "distortion": 0.11302132904529572,
        "rotation_rmse": 16.330646514892578,
        "translation_rmse_100": 43.90393829345703,
        "t_final": [
          [
            [
              0.98193359375,
              -0.1495361328125,
              0.1160888671875,
              -0.47962602972984314
            ],
            [
              0.1717529296875,
              0.96142578125,
              -0.21533203125,
              0.5575426816940308
            ],
            [
              -0.07940673828125,
              0.2314453125,
              0.9697265625,
              0.214813232421875
            ]
          ]
        ]
      },
      {
        "psnr": 11.142337799072266,
        "distortion": 0.22360724210739136,
        "rotation_rmse": 11.44626235961914,
        "translation_rmse_100": 109.15983581542969,
        "t_final": [
          [
            [
              0.978515625,
              0.08245849609375,
              0.1885986328125,
              1.0315165519714355
            ],
            [
              -0.0238494873046875,
              0.95556640625,
              -0.2939453125,
              -0.2783237099647522
            ],
            [
              -0.2044677734375,
              0.283203125,
              0.93701171875,
              1.2633144855499268
            ]
          ]
        ]
      },
      {
        "psnr": 11.227559089660645,
        "distortion": 0.2228947877883911,
        "rotation_rmse": 8.065306663513184,
        "translation_rmse_100": 112.53433227539062,
        "t_final": [
          [
            [
              0.935546875,
              0.16748046875,
              0.31103515625,
              1.3310643434524536
            ],
            [
              0.0028896331787109375,
              0.876953125,
              -0.480712890625,
              -0.6426156163215637
            ],
            [
              -0.353271484375,
              0.45068359375,
              0.81982421875,
              0.9085941910743713
            ]
          ]
        ]
      },
      {
        "psnr": 11.116347312927246,
        "distortion": 0.1408841758966446,
        "rotation_rmse": 27.598346710205078,
        "translation_rmse_100": 20.534738540649414,
        "t_final": [
          [
            [
              0.81396484375,
              -0.56884765625,
              0.11590576171875,
              -0.06984491646289825
            ],
            [
              0.57763671875,
              0.7744140625,
              -0.25830078125,
              0.33632007241249084
            ],
            [
              0.057342529296875,
              0.27734375,
              0.958984375,
              0.05020347982645035
            ]
          ]
        ]
      },
      {
        "psnr": 11.158082008361816,
        "distortion": 0.15018826723098755,
        "rotation_rmse": 14.942306518554688,
        "translation_rmse_100": 35.85550308227539,
        "t_final": [
          [
            [
              0.97265625,
              -0.134765625,
              0.18994140625,
              0.39696645736694336
            ],
            [
              0.1971435546875,
              0.91015625,
              -0.36376953125,
              0.4814864695072174
            ],
            [
              -0.1239013671875,
              0.391357421875,
              0.912109375,
              0.02132975496351719
            ]
          ]
        ]
      },
      {
        "psnr": 11.381349563598633,
        "distortion": 0.2202572226524353,
        "rotation_rmse": 11.405767440795898,
        "translation_rmse_100": 102.2109603881836,
        "t_final": [
          [
            [
              0.97802734375,
              0.04754638671875,
              0.203857421875,
              1.6574264764785767
            ],
            [
              0.005237579345703125,
              0.9677734375,
              -0.2509765625,
              0.5247089266777039
            ],
            [
              -0.209228515625,
              0.2464599609375,
              0.9462890625,
              0.05062786117196083
            ]
          ]
        ]
      },
      {
        "psnr": 10.700698852539062,
        "distortion": 0.2044057697057724,
        "rotation_rmse": 15.214533805847168,
        "translation_rmse_100": 72.6156997680664,
        "t_final": [
          [
            [
              0.99560546875,
              -0.01450347900390625,
              0.093505859375,
              0.46085870265960693
            ],
            [
              0.0401611328125,
              0.95947265625,
              -0.27880859375,
              -0.30111539363861084
            ],
            [
              -0.085693359375,
              0.281494140625,
              0.95556640625,
              0.8312544226646423
            ]
          ]
        ]
      }
    ]
  }
}