{
  "fern_50_50": {
    "best": {
      "psnr": 21.52787971496582,
      "distortion": 0.017112722620368004,
      "rotation_rmse": 0.009610148146748543,
      "translation_rmse_100": 0.2381713092327118,
      "t_final": [
        [
          [
            0.91357421875,
            0.1805419921875,
            0.36474609375,
            -0.35832828283309937
          ],
          [
            0.1068115234375,
            0.75830078125,
            -0.64306640625,
            0.33087030053138733
          ],
          [
            -0.392822265625,
            0.62646484375,
            0.67333984375,
            0.07456707209348679
          ]
        ]
      ]
    },
    "stats_list": [
      {
        "psnr": 21.505916595458984,
        "distortion": 0.01719045080244541,
        "rotation_rmse": 0.022474315017461777,
        "translation_rmse_100": 0.20981894433498383,
        "t_final": [
          [
            [
              0.91357421875,
              0.1807861328125,
              0.364501953125,
              -0.35783761739730835
            ],
            [
              0.1065673828125,
              0.75830078125,
              -0.64306640625,
              0.33091267943382263
            ],
            [
              -0.392578125,
              0.62646484375,
              0.67333984375,
              0.07432786375284195
            ]
          ]
        ]
      },
      {
        "psnr": 11.847762107849121,
        "distortion": 0.15253761410713196,
        "rotation_rmse": 19.29836082458496,
        "translation_rmse_100": 35.93170928955078,
        "t_final": [
          [
            [
              0.71826171875,
              -0.3369140625,
              0.6083984375,
              0.25082114338874817
            ],
            [
              0.49169921875,
              0.86474609375,
              -0.10198974609375,
              0.45888856053352356
            ],
            [
              -0.491943359375,
              0.37255859375,
              0.787109375,
              0.14375075697898865
            ]
          ]
        ]
      },
      {
        "psnr": 21.486669540405273,
        "distortion": 0.017147289589047432,
        "rotation_rmse": 0.027668535709381104,
        "translation_rmse_100": 0.19813647866249084,
        "t_final": [
          [
            [
              0.91357421875,
              0.180908203125,
              0.364501953125,
              -0.3576398491859436
            ],
            [
              0.10638427734375,
              0.75830078125,
              -0.64306640625,
              0.33083444833755493
            ],
            [
              -0.392822265625,
              0.6259765625,
              0.67333984375,
              0.07432509958744049
            ]
          ]
        ]
      },
      {
        "psnr": 12.212100982666016,
        "distortion": 0.05025912821292877,
        "rotation_rmse": 26.13578987121582,
        "translation_rmse_100": 28.94188690185547,
        "t_final": [
          [
            [
              0.59228515625,
              -0.54345703125,
              0.5947265625,
              -0.6591325402259827
            ],
            [
              0.669921875,
              0.74267578125,
              0.011749267578125,
              -0.043024156242609024
            ],
            [
              -0.447998046875,
              0.391357421875,
              0.80419921875,
              -0.062319301068782806
            ]
          ]
        ]
      },
      {
        "psnr": 11.945873260498047,
        "distortion": 0.11450464278459549,
        "rotation_rmse": 21.630521774291992,
        "translation_rmse_100": 22.042652130126953,
        "t_final": [
          [
            [
              0.65625,
              -0.377685546875,
              0.6533203125,
              0.0021031154319643974
            ],
            [
              0.52880859375,
              0.84765625,
              -0.04107666015625,
              0.4665754437446594
            ],
            [
              -0.5380859375,
              0.372314453125,
              0.755859375,
              0.0563519224524498
            ]
          ]
        ]
      },
      {
        "psnr": 21.52787971496582,
        "distortion": 0.017112722620368004,
        "rotation_rmse": 0.009610148146748543,
        "translation_rmse_100": 0.2381713092327118,
        "t_final": [
          [
            [
              0.91357421875,
              0.1805419921875,
              0.36474609375,
              -0.35832828283309937
            ],
            [
              0.1068115234375,
              0.75830078125,
              -0.64306640625,
              0.33087030053138733
            ],
            [
              -0.392822265625,
              0.62646484375,
              0.67333984375,
              0.07456707209348679
            ]
          ]
        ]
      },
      {
        "psnr": 11.470346450805664,
        "distortion": 0.07632022351026535,
        "rotation_rmse": 21.48047637939453,
        "translation_rmse_100": 13.506714820861816,
        "t_final": [
          [
            [
              0.64990234375,
              -0.3125,
              0.69287109375,
              -0.5379214286804199
            ],
            [
              0.43310546875,
              0.9013671875,
              0.0005507469177246094,
              0.34519073367118835
            ],
            [
              -0.62451171875,
              0.299560546875,
              0.72119140625,
              -0.06973964720964432
            ]
          ]
        ]
      },
      {
        "psnr": 11.377405166625977,
        "distortion": 0.11921755969524384,
        "rotation_rmse": 13.293149948120117,
        "translation_rmse_100": 13.107728958129883,
        "t_final": [
          [
            [
              0.9345703125,
              -0.159912109375,
              0.31787109375,
              -0.1425153613090515
            ],
            [
              0.2685546875,
              0.90283203125,
              -0.335693359375,
              0.2563171088695526
            ],
            [
              -0.2332763671875,
              0.399169921875,
              0.88671875,
              0.1090594232082367
            ]
          ]
        ]
      },
      {
        "psnr": 13.151455879211426,
        "distortion": 0.023732896894216537,
        "rotation_rmse": 10.445043563842773,
        "translation_rmse_100": 11.39493465423584,
        "t_final": [
          [
            [
              0.8916015625,
              -0.1365966796875,
              0.431884765625,
              -0.49495989084243774
            ],
            [
              0.372314453125,
              0.763671875,
              -0.52685546875,
              0.2026384174823761
            ],
            [
              -0.2578125,
              0.630859375,
              0.73193359375,
              0.021857980638742447
            ]
          ]
        ]
      },
      {
        "psnr": 12.158580780029297,
        "distortion": 0.05530177801847458,
        "rotation_rmse": 13.631702423095703,
        "translation_rmse_100": 6.313553333282471,
        "t_final": [
          [
            [
              0.8525390625,
              -0.2105712890625,
              0.478515625,
              -0.3886858820915222
            ],
            [
              0.46240234375,
              0.73046875,
              -0.5029296875,
              0.23266635835170746
            ],
            [
              -0.2435302734375,
              0.64990234375,
              0.7197265625,
              0.10858268290758133
            ]
          ]
        ]
      }
    ]
  }
}