{
  "room_0_100_even_odd": {
    "best": {
      "psnr": 13.302404403686523,
      "distortion": 0.08526185899972916,
      "rotation_rmse": 2.971322536468506,
      "translation_rmse_100": 22.08194351196289,
      "t_final": [
        [
          [
            0.99658203125,
            -0.06243896484375,
            0.05230712890625,
            0.17530499398708344
          ],
          [
            0.07928466796875,
            0.89111328125,
            -0.4462890625,
            0.11335396766662598
          ],
          [
            -0.0187530517578125,
            0.448974609375,
            0.8935546875,
            0.45777615904808044
          ]
        ]
      ]
    },
    "stats_list": [
      {
        "psnr": 13.009190559387207,
        "distortion": 0.1873588114976883,
        "rotation_rmse": 24.50777244567871,
        "translation_rmse_100": 53.21379470825195,
        "t_final": [
          [
            [
              0.80859375,
              -0.58740234375,
              0.031219482421875,
              0.3456721603870392
            ],
            [
              0.58642578125,
              0.80126953125,
              -0.1177978515625,
              -0.09458810091018677
            ],
            [
              0.044158935546875,
              0.113525390625,
              0.99267578125,
              -0.22353553771972656
            ]
          ]
        ]
      },
      {
        "psnr": 13.03237533569336,
        "distortion": 0.18652299046516418,
        "rotation_rmse": 25.908483505249023,
        "translation_rmse_100": 56.8533821105957,
        "t_final": [
          [
            [
              0.751953125,
              -0.451416015625,
              0.479736328125,
              0.5178693532943726
            ],
            [
              0.65869140625,
              0.5087890625,
              -0.55419921875,
              -0.15788263082504272
            ],
            [
              0.005767822265625,
              0.73291015625,
              0.68017578125,
              -0.11499567329883575
            ]
          ]
        ]
      },
      {
        "psnr": 13.260621070861816,
        "distortion": 0.08955691754817963,
        "rotation_rmse": 17.020835876464844,
        "translation_rmse_100": 33.63058090209961,
        "t_final": [
          [
            [
              0.90625,
              -0.298828125,
              0.300048828125,
              -0.2562475800514221
            ],
            [
              0.42333984375,
              0.64404296875,
              -0.63720703125,
              -0.19469718635082245
            ],
            [
              -0.0028629302978515625,
              0.7041015625,
              0.7099609375,
              0.029749127104878426
            ]
          ]
        ]
      },
      {
        "psnr": 13.004290580749512,
        "distortion": 0.07039056718349457,
        "rotation_rmse": 7.754688739776611,
        "translation_rmse_100": 29.18710708618164,
        "t_final": [
          [
            [
              0.9990234375,
              -0.015960693359375,
              0.043426513671875,
              -0.46116963028907776
            ],
            [
              0.04095458984375,
              0.74169921875,
              -0.66943359375,
              0.32932189106941223
            ],
            [
              -0.0215301513671875,
              0.67041015625,
              0.74169921875,
              0.053438108414411545
            ]
          ]
        ]
      },
      {
        "psnr": 13.302404403686523,
        "distortion": 0.08526185899972916,
        "rotation_rmse": 2.971322536468506,
        "translation_rmse_100": 22.08194351196289,
        "t_final": [
          [
            [
              0.99658203125,
              -0.06243896484375,
              0.05230712890625,
              0.17530499398708344
            ],
            [
              0.07928466796875,
              0.89111328125,
              -0.4462890625,
              0.11335396766662598
            ],
            [
              -0.0187530517578125,
              0.448974609375,
              0.8935546875,
              0.45777615904808044
            ]
          ]
        ]
      },
      {
        "psnr": 13.060687065124512,
        "distortion": 0.1593855321407318,
        "rotation_rmse": 21.421356201171875,
        "translation_rmse_100": 40.52865982055664,
        "t_final": [
          [
            [
              0.81689453125,
              -0.56640625,
              0.1107177734375,
              -0.05559582635760307
            ],
            [
              0.5703125,
              0.76318359375,
              -0.303466796875,
              -0.09634803235530853
            ],
            [
              0.08734130859375,
              0.31103515625,
              0.9462890625,
              -0.16141517460346222
            ]
          ]
        ]
      },
      {
        "psnr": 12.979486465454102,
        "distortion": 0.18339087069034576,
        "rotation_rmse": 21.305347442626953,
        "translation_rmse_100": 58.90418243408203,
        "t_final": [
          [
            [
              0.81494140625,
              -0.445556640625,
              0.370361328125,
              0.4450657367706299
            ],
            [
              0.57958984375,
              0.6240234375,
              -0.5244140625,
              0.08736007660627365
            ],
            [
              0.0023632049560546875,
              0.6416015625,
              0.7666015625,
              -0.3213314712047577
            ]
          ]
        ]
      },
      {
        "psnr": 13.1380033493042,
        "distortion": 0.2010488510131836,
        "rotation_rmse": 22.41741943359375,
        "translation_rmse_100": 71.3995132446289,
        "t_final": [
          [
            [
              0.78076171875,
              -0.57861328125,
              0.235595703125,
              0.46290045976638794
            ],
            [
              0.6220703125,
              0.68310546875,
              -0.382568359375,
              -0.14138461649417877
            ],
            [
              0.060455322265625,
              0.4453125,
              0.8935546875,
              -0.5273697376251221
            ]
          ]
        ]
      },
      {
        "psnr": 12.674195289611816,
        "distortion": 0.16710443794727325,
        "rotation_rmse": 9.387750625610352,
        "translation_rmse_100": 68.57110595703125,
        "t_final": [
          [
            [
              0.9912109375,
              0.11053466796875,
              0.07403564453125,
              0.5900349020957947
            ],
            [
              -0.089111328125,
              0.96484375,
              -0.2474365234375,
              -0.372685968875885
            ],
            [
              -0.09881591796875,
              0.2386474609375,
              0.96630859375,
              -0.22290627658367157
            ]
          ]
        ]
      },
      {
        "psnr": 13.078729629516602,
        "distortion": 0.21325916051864624,
        "rotation_rmse": 32.2028694152832,
        "translation_rmse_100": 78.94672393798828,
        "t_final": [
          [
            [
              0.56884765625,
              -0.67041015625,
              0.47607421875,
              0.6966401934623718
            ],
            [
              0.8212890625,
              0.43603515625,
              -0.36767578125,
              0.049549419432878494
            ],
            [
              0.038970947265625,
              0.6005859375,
              0.798828125,
              -0.5603995323181152
            ]
          ]
        ]
      }
    ]
  }
}