{
  "trex_30_70_even_odd": {
    "best": {
      "psnr": 23.96543312072754,
      "distortion": 0.012390101328492165,
      "rotation_rmse": 0.015036579221487045,
      "translation_rmse_100": 0.22164495289325714,
      "t_final": [
        [
          [
            0.79052734375,
            -0.0792236328125,
            0.607421875,
            -0.25148728489875793
          ],
          [
            0.35693359375,
            0.865234375,
            -0.351806640625,
            -0.06878547370433807
          ],
          [
            -0.49755859375,
            0.494873046875,
            0.71240234375,
            -0.19754420220851898
          ]
        ]
      ]
    },
    "stats_list": [
      {
        "psnr": 11.595479011535645,
        "distortion": 0.1583881974220276,
        "rotation_rmse": 27.1505126953125,
        "translation_rmse_100": 26.378271102905273,
        "t_final": [
          [
            [
              0.701171875,
              -0.6328125,
              0.32763671875,
              -0.4612630009651184
            ],
            [
              0.470947265625,
              0.7568359375,
              0.45361328125,
              0.3126569390296936
            ],
            [
              -0.53515625,
              -0.163818359375,
              0.82861328125,
              -0.06336400657892227
            ]
          ]
        ]
      },
      {
        "psnr": 11.44564437866211,
        "distortion": 0.1493087261915207,
        "rotation_rmse": 16.326078414916992,
        "translation_rmse_100": 39.538177490234375,
        "t_final": [
          [
            [
              0.9091796875,
              -0.30908203125,
              0.27978515625,
              0.2939634323120117
            ],
            [
              0.35302734375,
              0.927734375,
              -0.12188720703125,
              0.005124884191900492
            ],
            [
              -0.221923828125,
              0.2095947265625,
              0.9521484375,
              0.21512377262115479
            ]
          ]
        ]
      },
      {
        "psnr": 11.596341133117676,
        "distortion": 0.17100074887275696,
        "rotation_rmse": 16.204030990600586,
        "translation_rmse_100": 50.366943359375,
        "t_final": [
          [
            [
              0.53564453125,
              -0.55224609375,
              0.638671875,
              0.1368296593427658
            ],
            [
              0.6259765625,
              0.767578125,
              0.138671875,
              0.6491541266441345
            ],
            [
              -0.56689453125,
              0.325439453125,
              0.7568359375,
              0.11628586053848267
            ]
          ]
        ]
      },
      {
        "psnr": 11.798142433166504,
        "distortion": 0.1907629519701004,
        "rotation_rmse": 6.650123596191406,
        "translation_rmse_100": 29.21297264099121,
        "t_final": [
          [
            [
              0.7158203125,
              -0.2919921875,
              0.63427734375,
              0.06869993358850479
            ],
            [
              0.493896484375,
              0.85400390625,
              -0.1640625,
              0.26968663930892944
            ],
            [
              -0.493896484375,
              0.4306640625,
              0.75537109375,
              0.006695413962006569
            ]
          ]
        ]
      },
      {
        "psnr": 11.715387344360352,
        "distortion": 0.17746402323246002,
        "rotation_rmse": 13.420501708984375,
        "translation_rmse_100": 65.05128479003906,
        "t_final": [
          [
            [
              0.75439453125,
              -0.212158203125,
              0.62109375,
              0.18820145726203918
            ],
            [
              0.5810546875,
              0.65576171875,
              -0.481689453125,
              0.8819263577461243
            ],
            [
              -0.305419921875,
              0.72412109375,
              0.6181640625,
              0.22271373867988586
            ]
          ]
        ]
      },
      {
        "psnr": 11.70143985748291,
        "distortion": 0.20009419322013855,
        "rotation_rmse": 35.464298248291016,
        "translation_rmse_100": 34.93610763549805,
        "t_final": [
          [
            [
              0.06549072265625,
              -0.8232421875,
              0.56396484375,
              0.12596328556537628
            ],
            [
              0.86279296875,
              0.330322265625,
              0.38232421875,
              0.2255411148071289
            ],
            [
              -0.5009765625,
              0.46142578125,
              0.732421875,
              0.1769830584526062
            ]
          ]
        ]
      },
      {
        "psnr": 11.826272964477539,
        "distortion": 0.19046849012374878,
        "rotation_rmse": 6.62544059753418,
        "translation_rmse_100": 33.979515075683594,
        "t_final": [
          [
            [
              0.70361328125,
              -0.2783203125,
              0.65380859375,
              0.1133057251572609
            ],
            [
              0.49072265625,
              0.85546875,
              -0.1640625,
              0.33386850357055664
            ],
            [
              -0.513671875,
              0.436279296875,
              0.73876953125,
              0.03560931980609894
            ]
          ]
        ]
      },
      {
        "psnr": 23.96543312072754,
        "distortion": 0.012390101328492165,
        "rotation_rmse": 0.015036579221487045,
        "translation_rmse_100": 0.22164495289325714,
        "t_final": [
          [
            [
              0.79052734375,
              -0.0792236328125,
              0.607421875,
              -0.25148728489875793
            ],
            [
              0.35693359375,
              0.865234375,
              -0.351806640625,
              -0.06878547370433807
            ],
            [
              -0.49755859375,
              0.494873046875,
              0.71240234375,
              -0.19754420220851898
            ]
          ]
        ]
      },
      {
        "psnr": 11.683502197265625,
        "distortion": 0.17080029845237732,
        "rotation_rmse": 16.41474151611328,
        "translation_rmse_100": 57.129051208496094,
        "t_final": [
          [
            [
              0.7451171875,
              -0.25048828125,
              0.6181640625,
              0.03183293342590332
            ],
            [
              0.6240234375,
              0.59033203125,
              -0.51220703125,
              0.7957713007926941
            ],
            [
              -0.2364501953125,
              0.767578125,
              0.59619140625,
              0.19540396332740784
            ]
          ]
        ]
      },
      {
        "psnr": 11.715253829956055,
        "distortion": 0.18561430275440216,
        "rotation_rmse": 6.655771255493164,
        "translation_rmse_100": 61.962188720703125,
        "t_final": [
          [
            [
              0.85791015625,
              -0.10516357421875,
              0.5029296875,
              0.2631016671657562
            ],
            [
              0.284423828125,
              0.912109375,
              -0.294921875,
              -0.020238304510712624
            ],
            [
              -0.427734375,
              0.39599609375,
              0.8125,
              0.7452064156532288
            ]
          ]
        ]
      }
    ]
  }
}