{
  "trex_50_50": {
    "best": {
      "psnr": 23.12296485900879,
      "distortion": 0.013699461705982685,
      "rotation_rmse": 0.014350494369864464,
      "translation_rmse_100": 0.2545030117034912,
      "t_final": [
        [
          [
            0.791015625,
            -0.07891845703125,
            0.60693359375,
            -0.2520752549171448
          ],
          [
            0.3564453125,
            0.865234375,
            -0.35205078125,
            -0.06859210133552551
          ],
          [
            -0.497314453125,
            0.494873046875,
            0.712890625,
            -0.19730746746063232
          ]
        ]
      ]
    },
    "stats_list": [
      {
        "psnr": 11.388113021850586,
        "distortion": 0.13853934407234192,
        "rotation_rmse": 18.253469467163086,
        "translation_rmse_100": 29.07586669921875,
        "t_final": [
          [
            [
              0.9482421875,
              0.00908660888671875,
              0.3173828125,
              -0.024861110374331474
            ],
            [
              0.06317138671875,
              0.97412109375,
              -0.216552734375,
              -0.46328896284103394
            ],
            [
              -0.311279296875,
              0.2254638671875,
              0.92333984375,
              0.021599480882287025
            ]
          ]
        ]
      },
      {
        "psnr": 11.543170928955078,
        "distortion": 0.18248391151428223,
        "rotation_rmse": 12.797370910644531,
        "translation_rmse_100": 54.141563415527344,
        "t_final": [
          [
            [
              0.82666015625,
              -0.2384033203125,
              0.50927734375,
              0.19600288569927216
            ],
            [
              0.51953125,
              0.67041015625,
              -0.52978515625,
              0.7490350008010864
            ],
            [
              -0.21533203125,
              0.70263671875,
              0.67822265625,
              -0.3176972568035126
            ]
          ]
        ]
      },
      {
        "psnr": 11.581212997436523,
        "distortion": 0.17069078981876373,
        "rotation_rmse": 9.861400604248047,
        "translation_rmse_100": 45.92253875732422,
        "t_final": [
          [
            [
              0.7216796875,
              -0.408935546875,
              0.55859375,
              0.18885520100593567
            ],
            [
              0.5556640625,
              0.82373046875,
              -0.11468505859375,
              0.4866539239883423
            ],
            [
              -0.4130859375,
              0.393310546875,
              0.8212890625,
              0.16875508427619934
            ]
          ]
        ]
      },
      {
        "psnr": 11.150981903076172,
        "distortion": 0.15274637937545776,
        "rotation_rmse": 3.8073737621307373,
        "translation_rmse_100": 35.892215728759766,
        "t_final": [
          [
            [
              0.72216796875,
              -0.1263427734375,
              0.68017578125,
              -0.5302534103393555
            ],
            [
              0.403076171875,
              0.87548828125,
              -0.265380859375,
              0.3854028582572937
            ],
            [
              -0.5625,
              0.4658203125,
              0.68310546875,
              0.11997876316308975
            ]
          ]
        ]
      },
      {
        "psnr": 23.12296485900879,
        "distortion": 0.013699461705982685,
        "rotation_rmse": 0.014350494369864464,
        "translation_rmse_100": 0.2545030117034912,
        "t_final": [
          [
            [
              0.791015625,
              -0.07891845703125,
              0.60693359375,
              -0.2520752549171448
            ],
            [
              0.3564453125,
              0.865234375,
              -0.35205078125,
              -0.06859210133552551
            ],
            [
              -0.497314453125,
              0.494873046875,
              0.712890625,
              -0.19730746746063232
            ]
          ]
        ]
      },
      {
        "psnr": 12.044036865234375,
        "distortion": 0.14064261317253113,
        "rotation_rmse": 18.9047794342041,
        "translation_rmse_100": 5.93045711517334,
        "t_final": [
          [
            [
              0.4833984375,
              -0.60400390625,
              0.6337890625,
              -0.16555774211883545
            ],
            [
              0.7275390625,
              0.6796875,
              0.09228515625,
              -0.007837901823222637
            ],
            [
              -0.486328125,
              0.41650390625,
              0.76806640625,
              -0.20963452756404877
            ]
          ]
        ]
      },
      {
        "psnr": 11.826815605163574,
        "distortion": 0.18122991919517517,
        "rotation_rmse": 23.334474563598633,
        "translation_rmse_100": 46.299747467041016,
        "t_final": [
          [
            [
              0.85107421875,
              -0.32470703125,
              0.41259765625,
              0.34950509667396545
            ],
            [
              0.256591796875,
              0.94287109375,
              0.212646484375,
              0.01851159706711769
            ],
            [
              -0.458251953125,
              -0.07513427734375,
              0.8857421875,
              0.3306984007358551
            ]
          ]
        ]
      },
      {
        "psnr": 23.020673751831055,
        "distortion": 0.01361876167356968,
        "rotation_rmse": 0.038323402404785156,
        "translation_rmse_100": 0.23271983861923218,
        "t_final": [
          [
            [
              0.791015625,
              -0.079833984375,
              0.6064453125,
              -0.2516869008541107
            ],
            [
              0.35693359375,
              0.865234375,
              -0.351806640625,
              -0.06873609870672226
            ],
            [
              -0.49658203125,
              0.49462890625,
              0.712890625,
              -0.19739733636379242
            ]
          ]
        ]
      },
      {
        "psnr": 11.562119483947754,
        "distortion": 0.15124626457691193,
        "rotation_rmse": 5.677087783813477,
        "translation_rmse_100": 56.80553436279297,
        "t_final": [
          [
            [
              0.87255859375,
              -0.09930419921875,
              0.478271484375,
              0.4704524874687195
            ],
            [
              0.304443359375,
              0.8759765625,
              -0.37353515625,
              0.284074068069458
            ],
            [
              -0.382080078125,
              0.4716796875,
              0.794921875,
              0.3754142224788666
            ]
          ]
        ]
      },
      {
        "psnr": 11.47067928314209,
        "distortion": 0.16356031596660614,
        "rotation_rmse": 5.939967155456543,
        "translation_rmse_100": 39.91884994506836,
        "t_final": [
          [
            [
              0.86962890625,
              -0.1488037109375,
              0.470458984375,
              -0.08912311494350433
            ],
            [
              0.349853515625,
              0.8583984375,
              -0.37548828125,
              0.24241945147514343
            ],
            [
              -0.34765625,
              0.4912109375,
              0.798828125,
              0.3995101749897003
            ]
          ]
        ]
      }
    ]
  }
}