{
  "horns_0_100_even_odd": {
    "best": {
      "psnr": 25.060705184936523,
      "distortion": 0.02373271994292736,
      "rotation_rmse": 0.021228032186627388,
      "translation_rmse_100": 0.09400791674852371,
      "t_final": [
        [
          [
            0.8564453125,
            0.135986328125,
            0.498291015625,
            -0.04549308493733406
          ],
          [
            0.03411865234375,
            0.94775390625,
            -0.3173828125,
            0.12882006168365479
          ],
          [
            -0.515625,
            0.288818359375,
            0.806640625,
            -0.23755864799022675
          ]
        ]
      ]
    },
    "stats_list": [
      {
        "psnr": 11.62215518951416,
        "distortion": 0.2296314686536789,
        "rotation_rmse": 20.143152236938477,
        "translation_rmse_100": 57.24860382080078,
        "t_final": [
          [
            [
              0.95654296875,
              -0.207275390625,
              0.2037353515625,
              0.5616689920425415
            ],
            [
              0.285888671875,
              0.796875,
              -0.5322265625,
              0.5505767464637756
            ],
            [
              -0.052032470703125,
              0.5673828125,
              0.82177734375,
              0.4248216152191162
            ]
          ]
        ]
      },
      {
        "psnr": 25.060705184936523,
        "distortion": 0.02373271994292736,
        "rotation_rmse": 0.021228032186627388,
        "translation_rmse_100": 0.09400791674852371,
        "t_final": [
          [
            [
              0.8564453125,
              0.135986328125,
              0.498291015625,
              -0.04549308493733406
            ],
            [
              0.03411865234375,
              0.94775390625,
              -0.3173828125,
              0.12882006168365479
            ],
            [
              -0.515625,
              0.288818359375,
              0.806640625,
              -0.23755864799022675
            ]
          ]
        ]
      },
      {
        "psnr": 11.560264587402344,
        "distortion": 0.11360704898834229,
        "rotation_rmse": 24.272544860839844,
        "translation_rmse_100": 15.56829833984375,
        "t_final": [
          [
            [
              0.82763671875,
              -0.53271484375,
              0.17724609375,
              -0.15430642664432526
            ],
            [
              0.55615234375,
              0.8212890625,
              -0.1260986328125,
              0.3286082148551941
            ],
            [
              -0.078369140625,
              0.202880859375,
              0.97607421875,
              -0.09394737333059311
            ]
          ]
        ]
      },
      {
        "psnr": 11.397997856140137,
        "distortion": 0.19675280153751373,
        "rotation_rmse": 18.304794311523438,
        "translation_rmse_100": 51.09013366699219,
        "t_final": [
          [
            [
              0.861328125,
              -0.01611328125,
              0.5078125,
              0.2280687838792801
            ],
            [
              0.33447265625,
              0.77001953125,
              -0.54296875,
              0.8772748112678528
            ],
            [
              -0.38232421875,
              0.6376953125,
              0.6689453125,
              -0.6235100030899048
            ]
          ]
        ]
      },
      {
        "psnr": 11.622956275939941,
        "distortion": 0.1647343784570694,
        "rotation_rmse": 24.43122100830078,
        "translation_rmse_100": 25.76410484313965,
        "t_final": [
          [
            [
              0.87060546875,
              -0.484130859375,
              0.08966064453125,
              0.06456034630537033
            ],
            [
              0.4921875,
              0.85546875,
              -0.1610107421875,
              0.4940251410007477
            ],
            [
              0.0012035369873046875,
              0.184326171875,
              0.98291015625,
              -0.005072920583188534
            ]
          ]
        ]
      },
      {
        "psnr": 11.607609748840332,
        "distortion": 0.2211725264787674,
        "rotation_rmse": 16.759780883789062,
        "translation_rmse_100": 48.886932373046875,
        "t_final": [
          [
            [
              0.95361328125,
              -0.1708984375,
              0.248291015625,
              0.44420650601387024
            ],
            [
              0.2705078125,
              0.84912109375,
              -0.45361328125,
              0.5648552179336548
            ],
            [
              -0.1334228515625,
              0.49951171875,
              0.85595703125,
              0.29975754022598267
            ]
          ]
        ]
      },
      {
        "psnr": 11.519855499267578,
        "distortion": 0.2283828854560852,
        "rotation_rmse": 26.2734317779541,
        "translation_rmse_100": 53.585540771484375,
        "t_final": [
          [
            [
              0.8896484375,
              -0.45703125,
              -0.01136016845703125,
              0.36228302121162415
            ],
            [
              0.44189453125,
              0.86572265625,
              -0.2344970703125,
              0.3370511829853058
            ],
            [
              0.116943359375,
              0.2034912109375,
              0.97216796875,
              0.5706353187561035
            ]
          ]
        ]
      },
      {
        "psnr": 11.764195442199707,
        "distortion": 0.21173152327537537,
        "rotation_rmse": 10.786502838134766,
        "translation_rmse_100": 46.18306350708008,
        "t_final": [
          [
            [
              0.84521484375,
              -0.1390380859375,
              0.515625,
              0.0879286676645279
            ],
            [
              0.303466796875,
              0.91943359375,
              -0.2493896484375,
              0.9103796482086182
            ],
            [
              -0.439453125,
              0.367431640625,
              0.81982421875,
              -0.12927815318107605
            ]
          ]
        ]
      },
      {
        "psnr": 11.651899337768555,
        "distortion": 0.21101877093315125,
        "rotation_rmse": 9.695429801940918,
        "translation_rmse_100": 43.44846725463867,
        "t_final": [
          [
            [
              0.8447265625,
              -0.120361328125,
              0.521484375,
              0.18736812472343445
            ],
            [
              0.279541015625,
              0.93017578125,
              -0.2379150390625,
              0.8397088050842285
            ],
            [
              -0.456298828125,
              0.3466796875,
              0.8193359375,
              -0.1506156325340271
            ]
          ]
        ]
      },
      {
        "psnr": 11.540075302124023,
        "distortion": 0.24126750230789185,
        "rotation_rmse": 22.985225677490234,
        "translation_rmse_100": 72.2786636352539,
        "t_final": [
          [
            [
              0.90380859375,
              -0.1634521484375,
              0.39501953125,
              0.9768570065498352
            ],
            [
              0.391845703125,
              0.68701171875,
              -0.61181640625,
              0.6280835270881653
            ],
            [
              -0.17138671875,
              0.7080078125,
              0.68505859375,
              0.28798604011535645
            ]
          ]
        ]
      }
    ]
  }
}