{
  "fern_50_50": {
    "best": {
      "psnr": 23.39043426513672,
      "distortion": 0.017298534512519836,
      "rotation_rmse": 0.007390681188553572,
      "translation_rmse_100": 0.03591187298297882,
      "t_final": [
        [
          [
            0.91357421875,
            0.1802978515625,
            0.364990234375,
            -0.354800820350647
          ],
          [
            0.1070556640625,
            0.75830078125,
            -0.64306640625,
            0.3304772973060608
          ],
          [
            -0.392822265625,
            0.62646484375,
            0.67333984375,
            0.07449385523796082
          ]
        ]
      ]
    },
    "stats_list": [
      {
        "psnr": 11.803360939025879,
        "distortion": 0.03167823702096939,
        "rotation_rmse": 17.8914794921875,
        "translation_rmse_100": 18.611713409423828,
        "t_final": [
          [
            [
              0.79833984375,
              -0.306396484375,
              0.5185546875,
              -0.518399715423584
            ],
            [
              0.423583984375,
              0.89794921875,
              -0.121337890625,
              0.08322334289550781
            ],
            [
              -0.428466796875,
              0.31640625,
              0.84619140625,
              -0.05109986662864685
            ]
          ]
        ]
      },
      {
        "psnr": 23.39043426513672,
        "distortion": 0.017298534512519836,
        "rotation_rmse": 0.007390681188553572,
        "translation_rmse_100": 0.03591187298297882,
        "t_final": [
          [
            [
              0.91357421875,
              0.1802978515625,
              0.364990234375,
              -0.354800820350647
            ],
            [
              0.1070556640625,
              0.75830078125,
              -0.64306640625,
              0.3304772973060608
            ],
            [
              -0.392822265625,
              0.62646484375,
              0.67333984375,
              0.07449385523796082
            ]
          ]
        ]
      },
      {
        "psnr": 11.866872787475586,
        "distortion": 0.1971983164548874,
        "rotation_rmse": 16.245712280273438,
        "translation_rmse_100": 24.61448097229004,
        "t_final": [
          [
            [
              0.7734375,
              -0.27880859375,
              0.56884765625,
              -0.0835544690489769
            ],
            [
              0.51171875,
              0.8046875,
              -0.301513671875,
              0.002106600906699896
            ],
            [
              -0.373779296875,
              0.5244140625,
              0.76513671875,
              0.09820554405450821
            ]
          ]
        ]
      },
      {
        "psnr": 11.738006591796875,
        "distortion": 0.11393097788095474,
        "rotation_rmse": 17.687915802001953,
        "translation_rmse_100": 13.868463516235352,
        "t_final": [
          [
            [
              0.82470703125,
              -0.2000732421875,
              0.52880859375,
              -0.3051985204219818
            ],
            [
              0.29443359375,
              0.95068359375,
              -0.0997314453125,
              0.12288142740726471
            ],
            [
              -0.482421875,
              0.238037109375,
              0.8427734375,
              -0.03576969355344772
            ]
          ]
        ]
      },
      {
        "psnr": 11.068642616271973,
        "distortion": 0.06300173699855804,
        "rotation_rmse": 17.572269439697266,
        "translation_rmse_100": 63.04169845581055,
        "t_final": [
          [
            [
              0.7294921875,
              -0.11346435546875,
              0.67431640625,
              -0.9066711068153381
            ],
            [
              0.53369140625,
              0.71142578125,
              -0.45751953125,
              -0.5764783024787903
            ],
            [
              -0.427734375,
              0.69384765625,
              0.57958984375,
              0.327742338180542
            ]
          ]
        ]
      },
      {
        "psnr": 23.365835189819336,
        "distortion": 0.01724197529256344,
        "rotation_rmse": 0.013533121906220913,
        "translation_rmse_100": 0.043524421751499176,
        "t_final": [
          [
            [
              0.91357421875,
              0.1805419921875,
              0.36474609375,
              -0.35486412048339844
            ],
            [
              0.10687255859375,
              0.75830078125,
              -0.64306640625,
              0.3303534984588623
            ],
            [
              -0.392578125,
              0.62646484375,
              0.67333984375,
              0.07462101429700851
            ]
          ]
        ]
      },
      {
        "psnr": 12.188179969787598,
        "distortion": 0.028187457472085953,
        "rotation_rmse": 12.798721313476562,
        "translation_rmse_100": 12.790963172912598,
        "t_final": [
          [
            [
              0.88720703125,
              -0.2142333984375,
              0.408935546875,
              -0.4875357747077942
            ],
            [
              0.374755859375,
              0.8515625,
              -0.366943359375,
              0.19865357875823975
            ],
            [
              -0.26953125,
              0.478759765625,
              0.83544921875,
              -0.043463267385959625
            ]
          ]
        ]
      },
      {
        "psnr": 14.95818042755127,
        "distortion": 0.019761689007282257,
        "rotation_rmse": 3.8009650707244873,
        "translation_rmse_100": 4.940802097320557,
        "t_final": [
          [
            [
              0.90380859375,
              0.08551025390625,
              0.4189453125,
              -0.41314443945884705
            ],
            [
              0.21044921875,
              0.763671875,
              -0.6103515625,
              0.26869142055511475
            ],
            [
              -0.3720703125,
              0.6396484375,
              0.67236328125,
              0.07086113840341568
            ]
          ]
        ]
      },
      {
        "psnr": 11.111527442932129,
        "distortion": 0.16081854701042175,
        "rotation_rmse": 11.953651428222656,
        "translation_rmse_100": 24.079729080200195,
        "t_final": [
          [
            [
              0.9580078125,
              -0.07012939453125,
              0.277099609375,
              -0.05255042016506195
            ],
            [
              0.17724609375,
              0.90625,
              -0.38330078125,
              0.4672452509403229
            ],
            [
              -0.224365234375,
              0.41650390625,
              0.880859375,
              -0.17917834222316742
            ]
          ]
        ]
      },
      {
        "psnr": 12.62812614440918,
        "distortion": 0.056454338133335114,
        "rotation_rmse": 5.545910358428955,
        "translation_rmse_100": 67.81421661376953,
        "t_final": [
          [
            [
              0.95751953125,
              0.067138671875,
              0.280517578125,
              -0.5163389444351196
            ],
            [
              0.11199951171875,
              0.8095703125,
              -0.576171875,
              -0.8293322324752808
            ],
            [
              -0.265869140625,
              0.5830078125,
              0.767578125,
              0.16268384456634521
            ]
          ]
        ]
      }
    ]
  }
}