{
  "horns_50_50": {
    "best": {
      "psnr": 26.693078994750977,
      "distortion": 0.013297434896230698,
      "rotation_rmse": 0.012275587767362595,
      "translation_rmse_100": 0.14609535038471222,
      "t_final": [
        [
          [
            0.6162109375,
            -0.355224609375,
            0.703125,
            0.04683022201061249
          ],
          [
            0.39892578125,
            0.91015625,
            0.11016845703125,
            -0.1722331941127777
          ],
          [
            -0.67919921875,
            0.2125244140625,
            0.70263671875,
            -0.17168772220611572
          ]
        ]
      ]
    },
    "stats_list": [
      {
        "psnr": 11.2207612991333,
        "distortion": 0.19524987041950226,
        "rotation_rmse": 11.618781089782715,
        "translation_rmse_100": 47.33544921875,
        "t_final": [
          [
            [
              0.82958984375,
              -0.21484375,
              0.515625,
              0.6506618857383728
            ],
            [
              0.287353515625,
              0.95556640625,
              -0.06378173828125,
              -0.3410714566707611
            ],
            [
              -0.47900390625,
              0.2010498046875,
              0.8544921875,
              -0.7030432820320129
            ]
          ]
        ]
      },
      {
        "psnr": 11.679195404052734,
        "distortion": 0.22710666060447693,
        "rotation_rmse": 20.747900009155273,
        "translation_rmse_100": 66.25403594970703,
        "t_final": [
          [
            [
              0.61962890625,
              0.267578125,
              0.73779296875,
              0.2201303392648697
            ],
            [
              -0.0203094482421875,
              0.94482421875,
              -0.325927734375,
              0.9441807270050049
            ],
            [
              -0.78466796875,
              0.18701171875,
              0.59130859375,
              0.032613128423690796
            ]
          ]
        ]
      },
      {
        "psnr": 11.815251350402832,
        "distortion": 0.2114361673593521,
        "rotation_rmse": 13.7245454788208,
        "translation_rmse_100": 82.66265869140625,
        "t_final": [
          [
            [
              0.76123046875,
              -0.185791015625,
              0.62109375,
              1.4065512418746948
            ],
            [
              0.45068359375,
              0.84033203125,
              -0.30126953125,
              0.023346319794654846
            ],
            [
              -0.466064453125,
              0.50927734375,
              0.7236328125,
              -0.5839817523956299
            ]
          ]
        ]
      },
      {
        "psnr": 26.671802520751953,
        "distortion": 0.013182276859879494,
        "rotation_rmse": 0.03661200404167175,
        "translation_rmse_100": 0.13910673558712006,
        "t_final": [
          [
            [
              0.61669921875,
              -0.355224609375,
              0.70263671875,
              0.046980153769254684
            ],
            [
              0.39892578125,
              0.91064453125,
              0.11004638671875,
              -0.17235985398292542
            ],
            [
              -0.6787109375,
              0.2125244140625,
              0.70263671875,
              -0.17161454260349274
            ]
          ]
        ]
      },
      {
        "psnr": 26.68853187561035,
        "distortion": 0.0132012739777565,
        "rotation_rmse": 0.04292179271578789,
        "translation_rmse_100": 0.13228854537010193,
        "t_final": [
          [
            [
              0.61669921875,
              -0.355224609375,
              0.70263671875,
              0.04708930477499962
            ],
            [
              0.39892578125,
              0.91064453125,
              0.1102294921875,
              -0.17219533026218414
            ],
            [
              -0.6787109375,
              0.2122802734375,
              0.70263671875,
              -0.17156584560871124
            ]
          ]
        ]
      },
      {
        "psnr": 26.693078994750977,
        "distortion": 0.013297434896230698,
        "rotation_rmse": 0.012275587767362595,
        "translation_rmse_100": 0.14609535038471222,
        "t_final": [
          [
            [
              0.6162109375,
              -0.355224609375,
              0.703125,
              0.04683022201061249
            ],
            [
              0.39892578125,
              0.91015625,
              0.11016845703125,
              -0.1722331941127777
            ],
            [
              -0.67919921875,
              0.2125244140625,
              0.70263671875,
              -0.17168772220611572
            ]
          ]
        ]
      },
      {
        "psnr": 11.809215545654297,
        "distortion": 0.21270343661308289,
        "rotation_rmse": 9.260215759277344,
        "translation_rmse_100": 84.8026123046875,
        "t_final": [
          [
            [
              0.75244140625,
              -0.12200927734375,
              0.64697265625,
              1.517783284187317
            ],
            [
              0.239990234375,
              0.9658203125,
              -0.09698486328125,
              -0.18783053755760193
            ],
            [
              -0.61328125,
              0.228271484375,
              0.75634765625,
              -0.20093145966529846
            ]
          ]
        ]
      },
      {
        "psnr": 10.691389083862305,
        "distortion": 0.024439260363578796,
        "rotation_rmse": 8.546106338500977,
        "translation_rmse_100": 27.07405662536621,
        "t_final": [
          [
            [
              0.70556640625,
              -0.432861328125,
              0.56103515625,
              -0.18640869855880737
            ],
            [
              0.52197265625,
              0.85302734375,
              0.0017442703247070312,
              -0.008841102942824364
            ],
            [
              -0.479248046875,
              0.29150390625,
              0.82763671875,
              -0.5430973172187805
            ]
          ]
        ]
      },
      {
        "psnr": 11.709088325500488,
        "distortion": 0.23428227007389069,
        "rotation_rmse": 11.2756986618042,
        "translation_rmse_100": 103.62162780761719,
        "t_final": [
          [
            [
              0.740234375,
              -0.4765625,
              0.474365234375,
              1.8313624858856201
            ],
            [
              0.541015625,
              0.8408203125,
              0.0006866455078125,
              0.028432590886950493
            ],
            [
              -0.399169921875,
              0.256103515625,
              0.88037109375,
              -0.09837546199560165
            ]
          ]
        ]
      },
      {
        "psnr": 11.236047744750977,
        "distortion": 0.17740970849990845,
        "rotation_rmse": 9.929793357849121,
        "translation_rmse_100": 46.93345260620117,
        "t_final": [
          [
            [
              0.7978515625,
              -0.30810546875,
              0.51806640625,
              0.5099235773086548
            ],
            [
              0.352294921875,
              0.93603515625,
              0.0140533447265625,
              0.28409990668296814
            ],
            [
              -0.4892578125,
              0.1712646484375,
              0.85498046875,
              -0.6625726819038391
            ]
          ]
        ]
      }
    ]
  }
}