{
  "fern_50_50": {
    "best": {
      "psnr": 25.131242752075195,
      "distortion": 0.016270939260721207,
      "rotation_rmse": 0.006285118870437145,
      "translation_rmse_100": 0.199608713388443,
      "t_final": [
        [
          [
            0.6162109375,
            -0.355224609375,
            0.703125,
            0.0459136888384819
          ],
          [
            0.399169921875,
            0.91015625,
            0.11029052734375,
            -0.17165355384349823
          ],
          [
            -0.67919921875,
            0.2127685546875,
            0.70263671875,
            -0.17241917550563812
          ]
        ]
      ]
    },
    "stats_list": [
      {
        "psnr": 25.08905792236328,
        "distortion": 0.016200516372919083,
        "rotation_rmse": 0.01631954126060009,
        "translation_rmse_100": 0.18136027455329895,
        "t_final": [
          [
            [
              0.6162109375,
              -0.355224609375,
              0.703125,
              0.04621981084346771
            ],
            [
              0.39892578125,
              0.91015625,
              0.1103515625,
              -0.17164698243141174
            ],
            [
              -0.67919921875,
              0.2125244140625,
              0.70263671875,
              -0.17228692770004272
            ]
          ]
        ]
      },
      {
        "psnr": 25.03561019897461,
        "distortion": 0.016221163794398308,
        "rotation_rmse": 0.010981116443872452,
        "translation_rmse_100": 0.20557725429534912,
        "t_final": [
          [
            [
              0.6162109375,
              -0.355224609375,
              0.703125,
              0.04580937325954437
            ],
            [
              0.39892578125,
              0.91015625,
              0.1102294921875,
              -0.17159223556518555
            ],
            [
              -0.67919921875,
              0.212646484375,
              0.70263671875,
              -0.1723637878894806
            ]
          ]
        ]
      },
      {
        "psnr": 25.131242752075195,
        "distortion": 0.016270939260721207,
        "rotation_rmse": 0.006285118870437145,
        "translation_rmse_100": 0.199608713388443,
        "t_final": [
          [
            [
              0.6162109375,
              -0.355224609375,
              0.703125,
              0.0459136888384819
            ],
            [
              0.399169921875,
              0.91015625,
              0.11029052734375,
              -0.17165355384349823
            ],
            [
              -0.67919921875,
              0.2127685546875,
              0.70263671875,
              -0.17241917550563812
            ]
          ]
        ]
      },
      {
        "psnr": 10.925666809082031,
        "distortion": 0.03286062926054001,
        "rotation_rmse": 13.455632209777832,
        "translation_rmse_100": 20.592498779296875,
        "t_final": [
          [
            [
              0.8330078125,
              -0.368896484375,
              0.412109375,
              -0.24444128572940826
            ],
            [
              0.430908203125,
              0.89990234375,
              -0.06512451171875,
              0.018446747213602066
            ],
            [
              -0.346923828125,
              0.2318115234375,
              0.90869140625,
              -0.10382821410894394
            ]
          ]
        ]
      },
      {
        "psnr": 11.551783561706543,
        "distortion": 0.027056284248828888,
        "rotation_rmse": 12.653609275817871,
        "translation_rmse_100": 9.171171188354492,
        "t_final": [
          [
            [
              0.66650390625,
              -0.56884765625,
              0.48193359375,
              -0.06315942108631134
            ],
            [
              0.6298828125,
              0.775390625,
              0.0445556640625,
              -0.06027745455503464
            ],
            [
              -0.399169921875,
              0.27392578125,
              0.875,
              -0.1819811314344406
            ]
          ]
        ]
      },
      {
        "psnr": 24.979022979736328,
        "distortion": 0.016273148357868195,
        "rotation_rmse": 0.008499047718942165,
        "translation_rmse_100": 0.17860744893550873,
        "t_final": [
          [
            [
              0.61572265625,
              -0.35546875,
              0.703125,
              0.046275604516267776
            ],
            [
              0.399169921875,
              0.91015625,
              0.11041259765625,
              -0.17163661122322083
            ],
            [
              -0.67919921875,
              0.212890625,
              0.70263671875,
              -0.17234930396080017
            ]
          ]
        ]
      },
      {
        "psnr": 12.333779335021973,
        "distortion": 0.12475506961345673,
        "rotation_rmse": 14.606863975524902,
        "translation_rmse_100": 39.84209442138672,
        "t_final": [
          [
            [
              0.53515625,
              -0.6611328125,
              0.52587890625,
              0.5576438903808594
            ],
            [
              0.7080078125,
              0.6904296875,
              0.14794921875,
              0.27209094166755676
            ],
            [
              -0.4609375,
              0.293212890625,
              0.837890625,
              -0.028387174010276794
            ]
          ]
        ]
      },
      {
        "psnr": 25.03172492980957,
        "distortion": 0.01625504530966282,
        "rotation_rmse": 0.006285118870437145,
        "translation_rmse_100": 0.1956162452697754,
        "t_final": [
          [
            [
              0.6162109375,
              -0.355224609375,
              0.703125,
              0.04599066078662872
            ],
            [
              0.399169921875,
              0.91015625,
              0.11016845703125,
              -0.17151989042758942
            ],
            [
              -0.67919921875,
              0.212646484375,
              0.70263671875,
              -0.17233730852603912
            ]
          ]
        ]
      },
      {
        "psnr": 25.02355194091797,
        "distortion": 0.01610286347568035,
        "rotation_rmse": 0.021955087780952454,
        "translation_rmse_100": 0.20341430604457855,
        "t_final": [
          [
            [
              0.61572265625,
              -0.35498046875,
              0.70361328125,
              0.04586797207593918
            ],
            [
              0.399169921875,
              0.91015625,
              0.10980224609375,
              -0.17136293649673462
            ],
            [
              -0.67919921875,
              0.2130126953125,
              0.7021484375,
              -0.17219959199428558
            ]
          ]
        ]
      },
      {
        "psnr": 25.0101318359375,
        "distortion": 0.016207851469516754,
        "rotation_rmse": 0.005781847983598709,
        "translation_rmse_100": 0.1879841536283493,
        "t_final": [
          [
            [
              0.6162109375,
              -0.35498046875,
              0.703125,
              0.046109888702631
            ],
            [
              0.399169921875,
              0.91015625,
              0.11004638671875,
              -0.17171673476696014
            ],
            [
              -0.67919921875,
              0.2127685546875,
              0.70263671875,
              -0.17240537703037262
            ]
          ]
        ]
      }
    ]
  }
}