{
  "trex_0_100_even_odd": {
    "best": {
      "psnr": 30.539173126220703,
      "distortion": 0.013620814308524132,
      "rotation_rmse": 0.009419477544724941,
      "translation_rmse_100": 0.012039507739245892,
      "t_final": [
        [
          [
            0.791015625,
            -0.0791015625,
            0.60693359375,
            -0.24749742448329926
          ],
          [
            0.356689453125,
            0.865234375,
            -0.35205078125,
            -0.06830321252346039
          ],
          [
            -0.497314453125,
            0.494873046875,
            0.71240234375,
            -0.19754521548748016
          ]
        ]
      ]
    },
    "stats_list": [
      {
        "psnr": 11.068495750427246,
        "distortion": 0.13741670548915863,
        "rotation_rmse": 17.528337478637695,
        "translation_rmse_100": 37.96542739868164,
        "t_final": [
          [
            [
              0.8544921875,
              0.05291748046875,
              0.5166015625,
              0.3338686525821686
            ],
            [
              0.052734375,
              0.98095703125,
              -0.1876220703125,
              0.1858547180891037
            ],
            [
              -0.5166015625,
              0.1876220703125,
              0.83544921875,
              -0.3695133626461029
            ]
          ]
        ]
      },
      {
        "psnr": 30.49872589111328,
        "distortion": 0.01357303373515606,
        "rotation_rmse": 0.006277819629758596,
        "translation_rmse_100": 0.021680716425180435,
        "t_final": [
          [
            [
              0.791015625,
              -0.07891845703125,
              0.60693359375,
              -0.2473074197769165
            ],
            [
              0.3564453125,
              0.865234375,
              -0.35205078125,
              -0.06832781434059143
            ],
            [
              -0.49755859375,
              0.494873046875,
              0.71240234375,
              -0.19750738143920898
            ]
          ]
        ]
      },
      {
        "psnr": 10.4586763381958,
        "distortion": 0.038350410759449005,
        "rotation_rmse": 21.070781707763672,
        "translation_rmse_100": 59.198402404785156,
        "t_final": [
          [
            [
              0.42431640625,
              -0.331787109375,
              0.84228515625,
              -1.1490281820297241
            ],
            [
              0.669921875,
              0.74072265625,
              -0.04571533203125,
              -0.5549988746643066
            ],
            [
              -0.60888671875,
              0.583984375,
              0.53662109375,
              -0.15214964747428894
            ]
          ]
        ]
      },
      {
        "psnr": 11.305809020996094,
        "distortion": 0.19936831295490265,
        "rotation_rmse": 15.429205894470215,
        "translation_rmse_100": 44.92066955566406,
        "t_final": [
          [
            [
              0.85546875,
              -0.381591796875,
              0.349609375,
              0.5030385851860046
            ],
            [
              0.5126953125,
              0.7158203125,
              -0.473876953125,
              0.02139517106115818
            ],
            [
              -0.06951904296875,
              0.5849609375,
              0.80810546875,
              -0.013768905773758888
            ]
          ]
        ]
      },
      {
        "psnr": 11.09367847442627,
        "distortion": 0.18354706466197968,
        "rotation_rmse": 9.336871147155762,
        "translation_rmse_100": 28.18779945373535,
        "t_final": [
          [
            [
              0.6279296875,
              -0.1531982421875,
              0.76318359375,
              0.21734125912189484
            ],
            [
              0.360595703125,
              0.92626953125,
              -0.11077880859375,
              -0.14390790462493896
            ],
            [
              -0.68994140625,
              0.344482421875,
              0.63671875,
              -0.3255468010902405
            ]
          ]
        ]
      },
      {
        "psnr": 11.102760314941406,
        "distortion": 0.18382346630096436,
        "rotation_rmse": 6.038954734802246,
        "translation_rmse_100": 39.99272155761719,
        "t_final": [
          [
            [
              0.734375,
              -0.07080078125,
              0.67529296875,
              0.4321286082267761
            ],
            [
              0.436767578125,
              0.810546875,
              -0.39013671875,
              -0.10717350244522095
            ],
            [
              -0.51953125,
              0.5810546875,
              0.6259765625,
              -0.07024037092924118
            ]
          ]
        ]
      },
      {
        "psnr": 30.445993423461914,
        "distortion": 0.013725407421588898,
        "rotation_rmse": 0.009419477544724941,
        "translation_rmse_100": 0.0226329043507576,
        "t_final": [
          [
            [
              0.791015625,
              -0.0791015625,
              0.60693359375,
              -0.24729782342910767
            ],
            [
              0.356689453125,
              0.865234375,
              -0.35205078125,
              -0.06833977997303009
            ],
            [
              -0.497314453125,
              0.494873046875,
              0.71240234375,
              -0.197539821267128
            ]
          ]
        ]
      },
      {
        "psnr": 30.539173126220703,
        "distortion": 0.013620814308524132,
        "rotation_rmse": 0.009419477544724941,
        "translation_rmse_100": 0.012039507739245892,
        "t_final": [
          [
            [
              0.791015625,
              -0.0791015625,
              0.60693359375,
              -0.24749742448329926
            ],
            [
              0.356689453125,
              0.865234375,
              -0.35205078125,
              -0.06830321252346039
            ],
            [
              -0.497314453125,
              0.494873046875,
              0.71240234375,
              -0.19754521548748016
            ]
          ]
        ]
      },
      {
        "psnr": 12.685223579406738,
        "distortion": 0.09356684237718582,
        "rotation_rmse": 6.3357439041137695,
        "translation_rmse_100": 9.643704414367676,
        "t_final": [
          [
            [
              0.69091796875,
              0.02685546875,
              0.72265625,
              -0.08291566371917725
            ],
            [
              0.320556640625,
              0.88427734375,
              -0.33935546875,
              -0.04105960950255394
            ],
            [
              -0.64794921875,
              0.466064453125,
              0.6025390625,
              -0.2006785124540329
            ]
          ]
        ]
      },
      {
        "psnr": 11.149253845214844,
        "distortion": 0.07485757023096085,
        "rotation_rmse": 7.795990467071533,
        "translation_rmse_100": 23.378482818603516,
        "t_final": [
          [
            [
              0.76708984375,
              -0.33056640625,
              0.5498046875,
              0.13719968497753143
            ],
            [
              0.521484375,
              0.8203125,
              -0.23486328125,
              -0.1841932088136673
            ],
            [
              -0.373046875,
              0.466796875,
              0.8017578125,
              -0.14834395051002502
            ]
          ]
        ]
      }
    ]
  }
}