{
  "fern_0_100_even_odd": {
    "best": {
      "psnr": 27.39109992980957,
      "distortion": 0.017860665917396545,
      "rotation_rmse": 0.00949031487107277,
      "translation_rmse_100": 0.014298978261649609,
      "t_final": [
        [
          [
            0.91357421875,
            0.180419921875,
            0.364990234375,
            -0.3544248342514038
          ],
          [
            0.10687255859375,
            0.75830078125,
            -0.64306640625,
            0.33055081963539124
          ],
          [
            -0.392822265625,
            0.6259765625,
            0.67333984375,
            0.07428734004497528
          ]
        ]
      ]
    },
    "stats_list": [
      {
        "psnr": 27.39109992980957,
        "distortion": 0.017860665917396545,
        "rotation_rmse": 0.00949031487107277,
        "translation_rmse_100": 0.014298978261649609,
        "t_final": [
          [
            [
              0.91357421875,
              0.180419921875,
              0.364990234375,
              -0.3544248342514038
            ],
            [
              0.10687255859375,
              0.75830078125,
              -0.64306640625,
              0.33055081963539124
            ],
            [
              -0.392822265625,
              0.6259765625,
              0.67333984375,
              0.07428734004497528
            ]
          ]
        ]
      },
      {
        "psnr": 10.749232292175293,
        "distortion": 0.042230792343616486,
        "rotation_rmse": 23.773937225341797,
        "translation_rmse_100": 18.256933212280273,
        "t_final": [
          [
            [
              0.71728515625,
              -0.35693359375,
              0.59814453125,
              -0.5989710092544556
            ],
            [
              0.363037109375,
              0.92431640625,
              0.115966796875,
              0.3208876848220825
            ],
            [
              -0.59423828125,
              0.134033203125,
              0.79296875,
              -0.125607430934906
            ]
          ]
        ]
      },
      {
        "psnr": 10.995685577392578,
        "distortion": 0.15018674731254578,
        "rotation_rmse": 24.49321937561035,
        "translation_rmse_100": 51.99683380126953,
        "t_final": [
          [
            [
              0.609375,
              -0.1959228515625,
              0.7685546875,
              0.3669217526912689
            ],
            [
              0.66552734375,
              0.6533203125,
              -0.361083984375,
              -0.20565402507781982
            ],
            [
              -0.43115234375,
              0.7314453125,
              0.5283203125,
              0.13309645652770996
            ]
          ]
        ]
      },
      {
        "psnr": 27.26778221130371,
        "distortion": 0.018102234229445457,
        "rotation_rmse": 0.00890342891216278,
        "translation_rmse_100": 0.020128939300775528,
        "t_final": [
          [
            [
              0.91357421875,
              0.180419921875,
              0.364990234375,
              -0.35447096824645996
            ],
            [
              0.1070556640625,
              0.75830078125,
              -0.64306640625,
              0.33042407035827637
            ],
            [
              -0.392822265625,
              0.6259765625,
              0.67333984375,
              0.07429550588130951
            ]
          ]
        ]
      },
      {
        "psnr": 27.151765823364258,
        "distortion": 0.017936550080776215,
        "rotation_rmse": 0.023800361901521683,
        "translation_rmse_100": 0.027215372771024704,
        "t_final": [
          [
            [
              0.91357421875,
              0.180419921875,
              0.36474609375,
              -0.3546452820301056
            ],
            [
              0.10687255859375,
              0.7587890625,
              -0.642578125,
              0.33046868443489075
            ],
            [
              -0.392822265625,
              0.6259765625,
              0.67333984375,
              0.07430700957775116
            ]
          ]
        ]
      },
      {
        "psnr": 11.240425109863281,
        "distortion": 0.1003592237830162,
        "rotation_rmse": 11.536232948303223,
        "translation_rmse_100": 86.52140808105469,
        "t_final": [
          [
            [
              0.87548828125,
              -0.1602783203125,
              0.456298828125,
              -0.21037684381008148
            ],
            [
              0.40673828125,
              0.75390625,
              -0.51611328125,
              -1.0780407190322876
            ],
            [
              -0.26123046875,
              0.63720703125,
              0.72509765625,
              0.5649892687797546
            ]
          ]
        ]
      },
      {
        "psnr": 27.26338005065918,
        "distortion": 0.01785658299922943,
        "rotation_rmse": 0.00949031487107277,
        "translation_rmse_100": 0.018047459423542023,
        "t_final": [
          [
            [
              0.91357421875,
              0.180419921875,
              0.364990234375,
              -0.35446682572364807
            ],
            [
              0.10687255859375,
              0.75830078125,
              -0.64306640625,
              0.33049681782722473
            ],
            [
              -0.392822265625,
              0.6259765625,
              0.67333984375,
              0.07426812499761581
            ]
          ]
        ]
      },
      {
        "psnr": 12.095063209533691,
        "distortion": 0.1596968173980713,
        "rotation_rmse": 11.566753387451172,
        "translation_rmse_100": 11.224854469299316,
        "t_final": [
          [
            [
              0.861328125,
              -0.1373291015625,
              0.4892578125,
              -0.21676044166088104
            ],
            [
              0.327880859375,
              0.8857421875,
              -0.32861328125,
              0.25519129633903503
            ],
            [
              -0.38818359375,
              0.443359375,
              0.80810546875,
              -0.04057001322507858
            ]
          ]
        ]
      },
      {
        "psnr": 27.19524383544922,
        "distortion": 0.017764100804924965,
        "rotation_rmse": 0.02103539928793907,
        "translation_rmse_100": 0.018142452463507652,
        "t_final": [
          [
            [
              0.91357421875,
              0.180419921875,
              0.364990234375,
              -0.35447636246681213
            ],
            [
              0.10699462890625,
              0.7587890625,
              -0.642578125,
              0.33050525188446045
            ],
            [
              -0.392822265625,
              0.6259765625,
              0.67333984375,
              0.07427512109279633
            ]
          ]
        ]
      },
      {
        "psnr": 10.629335403442383,
        "distortion": 0.06601365655660629,
        "rotation_rmse": 20.83624267578125,
        "translation_rmse_100": 47.14692306518555,
        "t_final": [
          [
            [
              0.69677734375,
              -0.1888427734375,
              0.6923828125,
              -0.3139452636241913
            ],
            [
              0.2763671875,
              0.9609375,
              -0.0160064697265625,
              -0.4718136787414551
            ],
            [
              -0.662109375,
              0.2025146484375,
              0.7216796875,
              0.22027981281280518
            ]
          ]
        ]
      }
    ]
  }
}