{
  "trex_50_50": {
    "best": {
      "psnr": 31.021297454833984,
      "distortion": 0.01126924343407154,
      "rotation_rmse": 0.0028971910942345858,
      "translation_rmse_100": 0.023619292303919792,
      "t_final": [
        [
          [
            0.79052734375,
            -0.07879638671875,
            0.60693359375,
            -0.24801786243915558
          ],
          [
            0.356689453125,
            0.865234375,
            -0.35205078125,
            -0.06837296485900879
          ],
          [
            -0.49755859375,
            0.494873046875,
            0.71240234375,
            -0.19722044467926025
          ]
        ]
      ]
    },
    "stats_list": [
      {
        "psnr": 11.610438346862793,
        "distortion": 0.1469433605670929,
        "rotation_rmse": 7.486260414123535,
        "translation_rmse_100": 35.67910385131836,
        "t_final": [
          [
            [
              0.681640625,
              0.0255584716796875,
              0.73095703125,
              0.3122251033782959
            ],
            [
              0.279052734375,
              0.91455078125,
              -0.292236328125,
              0.12402323633432388
            ],
            [
              -0.67626953125,
              0.4033203125,
              0.6162109375,
              -0.3746725916862488
            ]
          ]
        ]
      },
      {
        "psnr": 31.021297454833984,
        "distortion": 0.01126924343407154,
        "rotation_rmse": 0.0028971910942345858,
        "translation_rmse_100": 0.023619292303919792,
        "t_final": [
          [
            [
              0.79052734375,
              -0.07879638671875,
              0.60693359375,
              -0.24801786243915558
            ],
            [
              0.356689453125,
              0.865234375,
              -0.35205078125,
              -0.06837296485900879
            ],
            [
              -0.49755859375,
              0.494873046875,
              0.71240234375,
              -0.19722044467926025
            ]
          ]
        ]
      },
      {
        "psnr": 30.819284439086914,
        "distortion": 0.011469833552837372,
        "rotation_rmse": 0.019200652837753296,
        "translation_rmse_100": 0.02907165326178074,
        "t_final": [
          [
            [
              0.79052734375,
              -0.0789794921875,
              0.607421875,
              -0.24725648760795593
            ],
            [
              0.35693359375,
              0.865234375,
              -0.35205078125,
              -0.06841054558753967
            ],
            [
              -0.497802734375,
              0.4951171875,
              0.71240234375,
              -0.1971786469221115
            ]
          ]
        ]
      },
      {
        "psnr": 11.663395881652832,
        "distortion": 0.04803654924035072,
        "rotation_rmse": 20.116186141967773,
        "translation_rmse_100": 17.805442810058594,
        "t_final": [
          [
            [
              0.7666015625,
              -0.50146484375,
              0.402099609375,
              -0.009582405909895897
            ],
            [
              0.642578125,
              0.5830078125,
              -0.49755859375,
              -0.031893692910671234
            ],
            [
              0.01512908935546875,
              0.63916015625,
              0.7685546875,
              -0.3900392949581146
            ]
          ]
        ]
      },
      {
        "psnr": 30.93583869934082,
        "distortion": 0.01144357118755579,
        "rotation_rmse": 0.015304437838494778,
        "translation_rmse_100": 0.01808624528348446,
        "t_final": [
          [
            [
              0.79052734375,
              -0.07891845703125,
              0.607421875,
              -0.24743111431598663
            ],
            [
              0.35693359375,
              0.865234375,
              -0.35205078125,
              -0.06849393993616104
            ],
            [
              -0.49755859375,
              0.4951171875,
              0.71240234375,
              -0.19734503328800201
            ]
          ]
        ]
      },
      {
        "psnr": 30.914005279541016,
        "distortion": 0.01132958848029375,
        "rotation_rmse": 0.016949430108070374,
        "translation_rmse_100": 0.017834175378084183,
        "t_final": [
          [
            [
              0.79052734375,
              -0.07879638671875,
              0.607421875,
              -0.24742546677589417
            ],
            [
              0.35693359375,
              0.865234375,
              -0.35205078125,
              -0.06836771219968796
            ],
            [
              -0.497802734375,
              0.4951171875,
              0.71240234375,
              -0.19726800918579102
            ]
          ]
        ]
      },
      {
        "psnr": 30.894460678100586,
        "distortion": 0.011144430376589298,
        "rotation_rmse": 0.01630636863410473,
        "translation_rmse_100": 0.009633888490498066,
        "t_final": [
          [
            [
              0.79052734375,
              -0.0789794921875,
              0.607421875,
              -0.24772675335407257
            ],
            [
              0.356689453125,
              0.865234375,
              -0.35205078125,
              -0.06831637024879456
            ],
            [
              -0.497802734375,
              0.4951171875,
              0.71240234375,
              -0.197283074259758
            ]
          ]
        ]
      },
      {
        "psnr": 30.868610382080078,
        "distortion": 0.011396855115890503,
        "rotation_rmse": 0.014719858765602112,
        "translation_rmse_100": 0.031187059357762337,
        "t_final": [
          [
            [
              0.79052734375,
              -0.0789794921875,
              0.607421875,
              -0.2472110390663147
            ],
            [
              0.35693359375,
              0.865234375,
              -0.351806640625,
              -0.06853429973125458
            ],
            [
              -0.497802734375,
              0.494873046875,
              0.71240234375,
              -0.1972656100988388
            ]
          ]
        ]
      },
      {
        "psnr": 30.904489517211914,
        "distortion": 0.011369525454938412,
        "rotation_rmse": 0.014806762337684631,
        "translation_rmse_100": 0.03065543621778488,
        "t_final": [
          [
            [
              0.79052734375,
              -0.07879638671875,
              0.607421875,
              -0.2472100853919983
            ],
            [
              0.356689453125,
              0.865234375,
              -0.35205078125,
              -0.06850224733352661
            ],
            [
              -0.497802734375,
              0.4951171875,
              0.71240234375,
              -0.197261244058609
            ]
          ]
        ]
      },
      {
        "psnr": 30.94544219970703,
        "distortion": 0.011295126751065254,
        "rotation_rmse": 0.012472678907215595,
        "translation_rmse_100": 0.017356842756271362,
        "t_final": [
          [
            [
              0.79052734375,
              -0.07879638671875,
              0.607421875,
              -0.24745310842990875
            ],
            [
              0.356689453125,
              0.865234375,
              -0.35205078125,
              -0.06836578249931335
            ],
            [
              -0.497802734375,
              0.494873046875,
              0.71240234375,
              -0.19724568724632263
            ]
          ]
        ]
      }
    ]
  }
}