{
  "trex_30_70_even_odd": {
    "best": {
      "psnr": 27.004283905029297,
      "distortion": 0.01235344260931015,
      "rotation_rmse": 0.03493963181972504,
      "translation_rmse_100": 0.27911779284477234,
      "t_final": [
        [
          [
            0.61572265625,
            -0.35595703125,
            0.703125,
            0.044572822749614716
          ],
          [
            0.399658203125,
            0.90966796875,
            0.11041259765625,
            -0.1717103123664856
          ],
          [
            -0.67919921875,
            0.212890625,
            0.70263671875,
            -0.17282119393348694
          ]
        ]
      ]
    },
    "stats_list": [
      {
        "psnr": 12.207820892333984,
        "distortion": 0.0992979109287262,
        "rotation_rmse": 40.24279022216797,
        "translation_rmse_100": 9.89840316772461,
        "t_final": [
          [
            [
              0.72509765625,
              0.305419921875,
              0.6171875,
              -0.09142336994409561
            ],
            [
              -0.3828125,
              0.923828125,
              -0.007289886474609375,
              -0.2573133409023285
            ],
            [
              -0.572265625,
              -0.23095703125,
              0.78662109375,
              -0.21998459100723267
            ]
          ]
        ]
      },
      {
        "psnr": 10.660067558288574,
        "distortion": 0.12560395896434784,
        "rotation_rmse": 39.84996032714844,
        "translation_rmse_100": 45.105621337890625,
        "t_final": [
          [
            [
              0.1007080078125,
              0.035186767578125,
              0.994140625,
              -0.3416095972061157
            ],
            [
              0.219482421875,
              0.97412109375,
              -0.056671142578125,
              0.4992462992668152
            ],
            [
              -0.97021484375,
              0.223876953125,
              0.09039306640625,
              -0.25544607639312744
            ]
          ]
        ]
      },
      {
        "psnr": 11.715755462646484,
        "distortion": 0.13621573150157928,
        "rotation_rmse": 23.99324607849121,
        "translation_rmse_100": 10.032783508300781,
        "t_final": [
          [
            [
              0.31591796875,
              -0.0052032470703125,
              0.94873046875,
              0.16960448026657104
            ],
            [
              0.34423828125,
              0.9326171875,
              -0.109619140625,
              -0.16089341044425964
            ],
            [
              -0.88427734375,
              0.361328125,
              0.29638671875,
              -0.29693368077278137
            ]
          ]
        ]
      },
      {
        "psnr": 26.975942611694336,
        "distortion": 0.012218560092151165,
        "rotation_rmse": 0.01776770129799843,
        "translation_rmse_100": 0.26001569628715515,
        "t_final": [
          [
            [
              0.61572265625,
              -0.355712890625,
              0.703125,
              0.04490387812256813
            ],
            [
              0.3994140625,
              0.91015625,
              0.1104736328125,
              -0.17176970839500427
            ],
            [
              -0.67919921875,
              0.2127685546875,
              0.70263671875,
              -0.17280881106853485
            ]
          ]
        ]
      },
      {
        "psnr": 26.893531799316406,
        "distortion": 0.012308824807405472,
        "rotation_rmse": 0.02219306118786335,
        "translation_rmse_100": 0.2675444185733795,
        "t_final": [
          [
            [
              0.61572265625,
              -0.355712890625,
              0.703125,
              0.04476713761687279
            ],
            [
              0.399658203125,
              0.91015625,
              0.110595703125,
              -0.1718081384897232
            ],
            [
              -0.67919921875,
              0.2127685546875,
              0.70263671875,
              -0.1727951169013977
            ]
          ]
        ]
      },
      {
        "psnr": 26.961143493652344,
        "distortion": 0.012330980971455574,
        "rotation_rmse": 0.018316414207220078,
        "translation_rmse_100": 0.2709747850894928,
        "t_final": [
          [
            [
              0.61572265625,
              -0.35546875,
              0.703125,
              0.04472371190786362
            ],
            [
              0.3994140625,
              0.91015625,
              0.1102294921875,
              -0.17165835201740265
            ],
            [
              -0.67919921875,
              0.2130126953125,
              0.70263671875,
              -0.17284347116947174
            ]
          ]
        ]
      },
      {
        "psnr": 10.971309661865234,
        "distortion": 0.1898038387298584,
        "rotation_rmse": 36.8842658996582,
        "translation_rmse_100": 19.903772354125977,
        "t_final": [
          [
            [
              0.255859375,
              0.0906982421875,
              0.96240234375,
              0.17299561202526093
            ],
            [
              0.489990234375,
              0.84619140625,
              -0.2099609375,
              -0.14852163195610046
            ],
            [
              -0.83349609375,
              0.52490234375,
              0.1719970703125,
              -0.4929449260234833
            ]
          ]
        ]
      },
      {
        "psnr": 10.755451202392578,
        "distortion": 0.20590689778327942,
        "rotation_rmse": 32.66493225097656,
        "translation_rmse_100": 75.9723129272461,
        "t_final": [
          [
            [
              0.67333984375,
              -0.454833984375,
              0.5830078125,
              0.8648133873939514
            ],
            [
              0.7392578125,
              0.424560546875,
              -0.5224609375,
              0.29654809832572937
            ],
            [
              -0.00970458984375,
              0.78271484375,
              0.6220703125,
              -1.0923259258270264
            ]
          ]
        ]
      },
      {
        "psnr": 27.004283905029297,
        "distortion": 0.01235344260931015,
        "rotation_rmse": 0.03493963181972504,
        "translation_rmse_100": 0.27911779284477234,
        "t_final": [
          [
            [
              0.61572265625,
              -0.35595703125,
              0.703125,
              0.044572822749614716
            ],
            [
              0.399658203125,
              0.90966796875,
              0.11041259765625,
              -0.1717103123664856
            ],
            [
              -0.67919921875,
              0.212890625,
              0.70263671875,
              -0.17282119393348694
            ]
          ]
        ]
      },
      {
        "psnr": 26.908414840698242,
        "distortion": 0.01212730910629034,
        "rotation_rmse": 0.0332891047000885,
        "translation_rmse_100": 0.26427149772644043,
        "t_final": [
          [
            [
              0.61572265625,
              -0.35546875,
              0.703125,
              0.044821660965681076
            ],
            [
              0.399658203125,
              0.91015625,
              0.1099853515625,
              -0.17170388996601105
            ],
            [
              -0.67919921875,
              0.2132568359375,
              0.70263671875,
              -0.1727452129125595
            ]
          ]
        ]
      }
    ]
  }
}