{
  "room_30_70_even_odd": {
    "best": {
      "psnr": 27.97040367126465,
      "distortion": 0.012267086654901505,
      "rotation_rmse": 0.01133288536220789,
      "translation_rmse_100": 0.03019603341817856,
      "t_final": [
        [
          [
            0.99853515625,
            0.0200958251953125,
            0.048065185546875,
            -0.19975699484348297
          ],
          [
            0.005687713623046875,
            0.875,
            -0.48388671875,
            0.1904377043247223
          ],
          [
            -0.0517578125,
            0.483642578125,
            0.8740234375,
            0.4631160795688629
          ]
        ]
      ]
    },
    "stats_list": [
      {
        "psnr": 12.928638458251953,
        "distortion": 0.19269269704818726,
        "rotation_rmse": 18.49967384338379,
        "translation_rmse_100": 55.075687408447266,
        "t_final": [
          [
            [
              0.86181640625,
              -0.490966796875,
              0.1285400390625,
              0.5446618795394897
            ],
            [
              0.5048828125,
              0.8056640625,
              -0.309814453125,
              -0.26286137104034424
            ],
            [
              0.048583984375,
              0.33203125,
              0.94189453125,
              0.074342280626297
            ]
          ]
        ]
      },
      {
        "psnr": 27.97040367126465,
        "distortion": 0.012267086654901505,
        "rotation_rmse": 0.01133288536220789,
        "translation_rmse_100": 0.03019603341817856,
        "t_final": [
          [
            [
              0.99853515625,
              0.0200958251953125,
              0.048065185546875,
              -0.19975699484348297
            ],
            [
              0.005687713623046875,
              0.875,
              -0.48388671875,
              0.1904377043247223
            ],
            [
              -0.0517578125,
              0.483642578125,
              0.8740234375,
              0.4631160795688629
            ]
          ]
        ]
      },
      {
        "psnr": 27.866344451904297,
        "distortion": 0.01209968887269497,
        "rotation_rmse": 0.005897278897464275,
        "translation_rmse_100": 0.03173390030860901,
        "t_final": [
          [
            [
              0.99853515625,
              0.0198974609375,
              0.048004150390625,
              -0.1997372955083847
            ],
            [
              0.005809783935546875,
              0.875,
              -0.483642578125,
              0.19051146507263184
            ],
            [
              -0.0516357421875,
              0.4833984375,
              0.8740234375,
              0.46323779225349426
            ]
          ]
        ]
      },
      {
        "psnr": 27.951961517333984,
        "distortion": 0.012224837206304073,
        "rotation_rmse": 0.00775092514231801,
        "translation_rmse_100": 0.03657517209649086,
        "t_final": [
          [
            [
              0.99853515625,
              0.019927978515625,
              0.04803466796875,
              -0.19985505938529968
            ],
            [
              0.00580596923828125,
              0.875,
              -0.48388671875,
              0.19044890999794006
            ],
            [
              -0.051666259765625,
              0.4833984375,
              0.8740234375,
              0.4631773829460144
            ]
          ]
        ]
      },
      {
        "psnr": 13.747486114501953,
        "distortion": 0.0889158695936203,
        "rotation_rmse": 21.504058837890625,
        "translation_rmse_100": 34.63079833984375,
        "t_final": [
          [
            [
              0.81787109375,
              -0.408203125,
              0.4052734375,
              -0.19365690648555756
            ],
            [
              0.4599609375,
              0.88720703125,
              -0.034637451171875,
              -0.39210399985313416
            ],
            [
              -0.345458984375,
              0.2147216796875,
              0.91357421875,
              0.6054695248603821
            ]
          ]
        ]
      },
      {
        "psnr": 27.86716079711914,
        "distortion": 0.012147003784775734,
        "rotation_rmse": 0.0062459250912070274,
        "translation_rmse_100": 0.04801369085907936,
        "t_final": [
          [
            [
              0.99853515625,
              0.019989013671875,
              0.0479736328125,
              -0.2000325620174408
            ],
            [
              0.005725860595703125,
              0.875,
              -0.48388671875,
              0.19032542407512665
            ],
            [
              -0.051666259765625,
              0.4833984375,
              0.8740234375,
              0.4632139503955841
            ]
          ]
        ]
      },
      {
        "psnr": 12.747103691101074,
        "distortion": 0.11610422283411026,
        "rotation_rmse": 25.71399688720703,
        "translation_rmse_100": 14.75514030456543,
        "t_final": [
          [
            [
              0.767578125,
              -0.6201171875,
              0.1624755859375,
              0.027072250843048096
            ],
            [
              0.6337890625,
              0.77197265625,
              -0.04656982421875,
              0.07457902282476425
            ],
            [
              -0.0965576171875,
              0.1387939453125,
              0.9853515625,
              0.43757542967796326
            ]
          ]
        ]
      },
      {
        "psnr": 27.834169387817383,
        "distortion": 0.012101326137781143,
        "rotation_rmse": 0.004387352615594864,
        "translation_rmse_100": 0.041035182774066925,
        "t_final": [
          [
            [
              0.99853515625,
              0.019989013671875,
              0.047882080078125,
              -0.19984672963619232
            ],
            [
              0.005672454833984375,
              0.875,
              -0.48388671875,
              0.1903681457042694
            ],
            [
              -0.05157470703125,
              0.4833984375,
              0.8740234375,
              0.463337242603302
            ]
          ]
        ]
      },
      {
        "psnr": 27.92131805419922,
        "distortion": 0.012281355448067188,
        "rotation_rmse": 0.005227506626397371,
        "translation_rmse_100": 0.022687098011374474,
        "t_final": [
          [
            [
              0.99853515625,
              0.0201263427734375,
              0.047882080078125,
              -0.19955332577228546
            ],
            [
              0.005550384521484375,
              0.875,
              -0.483642578125,
              0.19051684439182281
            ],
            [
              -0.0516357421875,
              0.4833984375,
              0.8740234375,
              0.46322354674339294
            ]
          ]
        ]
      },
      {
        "psnr": 13.224682807922363,
        "distortion": 0.17164810001850128,
        "rotation_rmse": 15.472269058227539,
        "translation_rmse_100": 56.748260498046875,
        "t_final": [
          [
            [
              0.94873046875,
              0.273193359375,
              -0.1600341796875,
              0.7678917050361633
            ],
            [
              -0.297119140625,
              0.94287109375,
              -0.1513671875,
              0.33294641971588135
            ],
            [
              0.10943603515625,
              0.191162109375,
              0.9755859375,
              0.36082586646080017
            ]
          ]
        ]
      }
    ]
  }
}