{
  "room_50_50": {
    "best": {
      "psnr": 31.17875099182129,
      "distortion": 0.010799076408147812,
      "rotation_rmse": 0.03196578472852707,
      "translation_rmse_100": 0.12779071927070618,
      "t_final": [
        [
          [
            0.615234375,
            -0.35498046875,
            0.70361328125,
            0.04712601378560066
          ],
          [
            0.399169921875,
            0.91015625,
            0.110107421875,
            -0.17210979759693146
          ],
          [
            -0.6796875,
            0.213134765625,
            0.7021484375,
            -0.17182743549346924
          ]
        ]
      ]
    },
    "stats_list": [
      {
        "psnr": 13.960309982299805,
        "distortion": 0.03861844539642334,
        "rotation_rmse": 6.511534690856934,
        "translation_rmse_100": 35.07593536376953,
        "t_final": [
          [
            [
              0.7138671875,
              -0.164306640625,
              0.6806640625,
              -0.4847978353500366
            ],
            [
              0.327880859375,
              0.9375,
              -0.11761474609375,
              0.04717826843261719
            ],
            [
              -0.61865234375,
              0.30712890625,
              0.72314453125,
              -0.361131489276886
            ]
          ]
        ]
      },
      {
        "psnr": 10.589926719665527,
        "distortion": 0.028903745114803314,
        "rotation_rmse": 17.617998123168945,
        "translation_rmse_100": 28.675466537475586,
        "t_final": [
          [
            [
              0.91162109375,
              -0.08758544921875,
              0.401123046875,
              -0.01508810929954052
            ],
            [
              0.2298583984375,
              0.91845703125,
              -0.322021484375,
              0.22186942398548126
            ],
            [
              -0.34033203125,
              0.3857421875,
              0.857421875,
              -0.46765339374542236
            ]
          ]
        ]
      },
      {
        "psnr": 30.858978271484375,
        "distortion": 0.010816303081810474,
        "rotation_rmse": 0.040041305124759674,
        "translation_rmse_100": 0.12965363264083862,
        "t_final": [
          [
            [
              0.615234375,
              -0.35546875,
              0.70361328125,
              0.0471000075340271
            ],
            [
              0.3994140625,
              0.91015625,
              0.1103515625,
              -0.17215904593467712
            ],
            [
              -0.6796875,
              0.213134765625,
              0.7021484375,
              -0.17179018259048462
            ]
          ]
        ]
      },
      {
        "psnr": 11.486185073852539,
        "distortion": 0.06762176007032394,
        "rotation_rmse": 14.021681785583496,
        "translation_rmse_100": 19.558347702026367,
        "t_final": [
          [
            [
              0.80712890625,
              -0.40625,
              0.4287109375,
              0.31130802631378174
            ],
            [
              0.496826171875,
              0.859375,
              -0.12042236328125,
              -0.11451663076877594
            ],
            [
              -0.319580078125,
              0.31005859375,
              0.8955078125,
              -0.37893879413604736
            ]
          ]
        ]
      },
      {
        "psnr": 30.88984489440918,
        "distortion": 0.010690825060009956,
        "rotation_rmse": 0.05394688621163368,
        "translation_rmse_100": 0.13777302205562592,
        "t_final": [
          [
            [
              0.615234375,
              -0.35546875,
              0.70361328125,
              0.04695330560207367
            ],
            [
              0.399658203125,
              0.91015625,
              0.11016845703125,
              -0.17211449146270752
            ],
            [
              -0.6796875,
              0.2135009765625,
              0.7021484375,
              -0.1718183159828186
            ]
          ]
        ]
      },
      {
        "psnr": 11.6953125,
        "distortion": 0.13369695842266083,
        "rotation_rmse": 18.36273956298828,
        "translation_rmse_100": 26.503463745117188,
        "t_final": [
          [
            [
              0.83984375,
              -0.47998046875,
              0.253173828125,
              0.44448232650756836
            ],
            [
              0.499267578125,
              0.8662109375,
              -0.01381683349609375,
              -0.04120243340730667
            ],
            [
              -0.212646484375,
              0.137939453125,
              0.96728515625,
              -0.36559659242630005
            ]
          ]
        ]
      },
      {
        "psnr": 31.031076431274414,
        "distortion": 0.010791555978357792,
        "rotation_rmse": 0.030588673427700996,
        "translation_rmse_100": 0.13426992297172546,
        "t_final": [
          [
            [
              0.61572265625,
              -0.35498046875,
              0.70361328125,
              0.047034911811351776
            ],
            [
              0.399169921875,
              0.91015625,
              0.1099853515625,
              -0.17189185321331024
            ],
            [
              -0.6796875,
              0.2132568359375,
              0.7021484375,
              -0.17163558304309845
            ]
          ]
        ]
      },
      {
        "psnr": 30.969093322753906,
        "distortion": 0.010769599117338657,
        "rotation_rmse": 0.05066145956516266,
        "translation_rmse_100": 0.13527068495750427,
        "t_final": [
          [
            [
              0.615234375,
              -0.35546875,
              0.70361328125,
              0.04700775817036629
            ],
            [
              0.399658203125,
              0.91015625,
              0.1102294921875,
              -0.17213132977485657
            ],
            [
              -0.6796875,
              0.21337890625,
              0.7021484375,
              -0.1717192381620407
            ]
          ]
        ]
      },
      {
        "psnr": 30.9687557220459,
        "distortion": 0.010598157532513142,
        "rotation_rmse": 0.05394688621163368,
        "translation_rmse_100": 0.12493821233510971,
        "t_final": [
          [
            [
              0.615234375,
              -0.35546875,
              0.70361328125,
              0.04717285931110382
            ],
            [
              0.399658203125,
              0.91015625,
              0.11016845703125,
              -0.1720012128353119
            ],
            [
              -0.6796875,
              0.2135009765625,
              0.7021484375,
              -0.171821728348732
            ]
          ]
        ]
      },
      {
        "psnr": 31.17875099182129,
        "distortion": 0.010799076408147812,
        "rotation_rmse": 0.03196578472852707,
        "translation_rmse_100": 0.12779071927070618,
        "t_final": [
          [
            [
              0.615234375,
              -0.35498046875,
              0.70361328125,
              0.04712601378560066
            ],
            [
              0.399169921875,
              0.91015625,
              0.110107421875,
              -0.17210979759693146
            ],
            [
              -0.6796875,
              0.213134765625,
              0.7021484375,
              -0.17182743549346924
            ]
          ]
        ]
      }
    ]
  }
}