{
  "room_30_70_even_odd": {
    "best": {
      "psnr": 31.213132858276367,
      "distortion": 0.01076532993465662,
      "rotation_rmse": 0.04365301877260208,
      "translation_rmse_100": 0.13514472544193268,
      "t_final": [
        [
          [
            0.615234375,
            -0.355224609375,
            0.70361328125,
            0.047010648995637894
          ],
          [
            0.3994140625,
            0.91015625,
            0.110107421875,
            -0.17230547964572906
          ],
          [
            -0.6796875,
            0.21337890625,
            0.7021484375,
            -0.17193755507469177
          ]
        ]
      ]
    },
    "stats_list": [
      {
        "psnr": 12.020143508911133,
        "distortion": 0.02381211146712303,
        "rotation_rmse": 7.416994094848633,
        "translation_rmse_100": 34.766536712646484,
        "t_final": [
          [
            [
              0.73388671875,
              -0.1434326171875,
              0.6640625,
              -0.4545741677284241
            ],
            [
              0.30224609375,
              0.9443359375,
              -0.1298828125,
              0.11152508854866028
            ],
            [
              -0.6083984375,
              0.2958984375,
              0.736328125,
              -0.34026986360549927
            ]
          ]
        ]
      },
      {
        "psnr": 14.479172706604004,
        "distortion": 0.04543057456612587,
        "rotation_rmse": 22.701189041137695,
        "translation_rmse_100": 20.562536239624023,
        "t_final": [
          [
            [
              0.82177734375,
              0.212646484375,
              0.52880859375,
              -0.27809658646583557
            ],
            [
              -0.075439453125,
              0.9599609375,
              -0.268798828125,
              -0.034610044211149216
            ],
            [
              -0.56494140625,
              0.1810302734375,
              0.80517578125,
              -0.19964800775051117
            ]
          ]
        ]
      },
      {
        "psnr": 30.892427444458008,
        "distortion": 0.010738812386989594,
        "rotation_rmse": 0.03664206340909004,
        "translation_rmse_100": 0.13305145502090454,
        "t_final": [
          [
            [
              0.615234375,
              -0.355224609375,
              0.70361328125,
              0.04703515022993088
            ],
            [
              0.3994140625,
              0.91015625,
              0.11029052734375,
              -0.17220492660999298
            ],
            [
              -0.6796875,
              0.213134765625,
              0.7021484375,
              -0.1719575673341751
            ]
          ]
        ]
      },
      {
        "psnr": 30.867345809936523,
        "distortion": 0.010863551869988441,
        "rotation_rmse": 0.039478130638599396,
        "translation_rmse_100": 0.12411458045244217,
        "t_final": [
          [
            [
              0.615234375,
              -0.355224609375,
              0.70361328125,
              0.047191448509693146
            ],
            [
              0.3994140625,
              0.91015625,
              0.1102294921875,
              -0.17221660912036896
            ],
            [
              -0.6796875,
              0.2132568359375,
              0.7021484375,
              -0.17201349139213562
            ]
          ]
        ]
      },
      {
        "psnr": 30.882286071777344,
        "distortion": 0.010678185150027275,
        "rotation_rmse": 0.0475490503013134,
        "translation_rmse_100": 0.12665973603725433,
        "t_final": [
          [
            [
              0.615234375,
              -0.35546875,
              0.70361328125,
              0.04714943468570709
            ],
            [
              0.399658203125,
              0.91015625,
              0.11041259765625,
              -0.17222437262535095
            ],
            [
              -0.6796875,
              0.21337890625,
              0.7021484375,
              -0.17192132771015167
            ]
          ]
        ]
      },
      {
        "psnr": 12.863736152648926,
        "distortion": 0.05070672184228897,
        "rotation_rmse": 20.133975982666016,
        "translation_rmse_100": 14.603924751281738,
        "t_final": [
          [
            [
              0.7744140625,
              -0.4111328125,
              0.48095703125,
              0.24387601017951965
            ],
            [
              0.2340087890625,
              0.892578125,
              0.385986328125,
              -0.2259863317012787
            ],
            [
              -0.587890625,
              -0.186279296875,
              0.787109375,
              -0.019626859575510025
            ]
          ]
        ]
      },
      {
        "psnr": 13.802815437316895,
        "distortion": 0.015109286643564701,
        "rotation_rmse": 13.437018394470215,
        "translation_rmse_100": 5.744818210601807,
        "t_final": [
          [
            [
              0.70849609375,
              -0.0804443359375,
              0.701171875,
              -0.020703820511698723
            ],
            [
              0.40966796875,
              0.85595703125,
              -0.315673828125,
              -0.1316031962633133
            ],
            [
              -0.57470703125,
              0.5107421875,
              0.63916015625,
              -0.2300122231245041
            ]
          ]
        ]
      },
      {
        "psnr": 11.466085433959961,
        "distortion": 0.020288025960326195,
        "rotation_rmse": 28.78131866455078,
        "translation_rmse_100": 7.787349224090576,
        "t_final": [
          [
            [
              0.90185546875,
              -0.406982421875,
              0.1458740234375,
              0.02343129739165306
            ],
            [
              0.29638671875,
              0.82763671875,
              0.476318359375,
              -0.19708390533924103
            ],
            [
              -0.314453125,
              -0.38623046875,
              0.8671875,
              -0.30197376012802124
            ]
          ]
        ]
      },
      {
        "psnr": 31.213132858276367,
        "distortion": 0.01076532993465662,
        "rotation_rmse": 0.04365301877260208,
        "translation_rmse_100": 0.13514472544193268,
        "t_final": [
          [
            [
              0.615234375,
              -0.355224609375,
              0.70361328125,
              0.047010648995637894
            ],
            [
              0.3994140625,
              0.91015625,
              0.110107421875,
              -0.17230547964572906
            ],
            [
              -0.6796875,
              0.21337890625,
              0.7021484375,
              -0.17193755507469177
            ]
          ]
        ]
      },
      {
        "psnr": 30.85963249206543,
        "distortion": 0.010783912613987923,
        "rotation_rmse": 0.03850264474749565,
        "translation_rmse_100": 0.1416599154472351,
        "t_final": [
          [
            [
              0.615234375,
              -0.355224609375,
              0.70361328125,
              0.046886175870895386
            ],
            [
              0.3994140625,
              0.91015625,
              0.11029052734375,
              -0.17220284044742584
            ],
            [
              -0.6796875,
              0.2132568359375,
              0.7021484375,
              -0.17192108929157257
            ]
          ]
        ]
      }
    ]
  }
}