{
  "fern_0_100_even_odd": {
    "best": {
      "psnr": 24.952585220336914,
      "distortion": 0.017242005094885826,
      "rotation_rmse": 0.009389149956405163,
      "translation_rmse_100": 0.16016076505184174,
      "t_final": [
        [
          [
            0.61572265625,
            -0.355224609375,
            0.703125,
            0.046588998287916183
          ],
          [
            0.39892578125,
            0.91015625,
            0.1103515625,
            -0.17157655954360962
          ],
          [
            -0.67919921875,
            0.212646484375,
            0.70263671875,
            -0.17188024520874023
          ]
        ]
      ]
    },
    "stats_list": [
      {
        "psnr": 24.952585220336914,
        "distortion": 0.017242005094885826,
        "rotation_rmse": 0.009389149956405163,
        "translation_rmse_100": 0.16016076505184174,
        "t_final": [
          [
            [
              0.61572265625,
              -0.355224609375,
              0.703125,
              0.046588998287916183
            ],
            [
              0.39892578125,
              0.91015625,
              0.1103515625,
              -0.17157655954360962
            ],
            [
              -0.67919921875,
              0.212646484375,
              0.70263671875,
              -0.17188024520874023
            ]
          ]
        ]
      },
      {
        "psnr": 24.905622482299805,
        "distortion": 0.017302468419075012,
        "rotation_rmse": 0.0060249557718634605,
        "translation_rmse_100": 0.15668131411075592,
        "t_final": [
          [
            [
              0.61572265625,
              -0.355224609375,
              0.703125,
              0.04666460305452347
            ],
            [
              0.39892578125,
              0.91015625,
              0.11041259765625,
              -0.17157572507858276
            ],
            [
              -0.67919921875,
              0.2127685546875,
              0.7021484375,
              -0.17169906198978424
            ]
          ]
        ]
      },
      {
        "psnr": 24.920339584350586,
        "distortion": 0.017243096604943275,
        "rotation_rmse": 0.007809983100742102,
        "translation_rmse_100": 0.15846773982048035,
        "t_final": [
          [
            [
              0.61572265625,
              -0.355224609375,
              0.703125,
              0.04664060100913048
            ],
            [
              0.399169921875,
              0.91015625,
              0.1102294921875,
              -0.17154774069786072
            ],
            [
              -0.67919921875,
              0.2127685546875,
              0.7021484375,
              -0.17167316377162933
            ]
          ]
        ]
      },
      {
        "psnr": 11.052892684936523,
        "distortion": 0.020094146952033043,
        "rotation_rmse": 5.801706790924072,
        "translation_rmse_100": 18.69486427307129,
        "t_final": [
          [
            [
              0.654296875,
              -0.2115478515625,
              0.72607421875,
              0.30348312854766846
            ],
            [
              0.39013671875,
              0.9169921875,
              -0.08441162109375,
              -0.3282872438430786
            ],
            [
              -0.64794921875,
              0.33837890625,
              0.6826171875,
              -0.29780641198158264
            ]
          ]
        ]
      },
      {
        "psnr": 24.83914566040039,
        "distortion": 0.017574336379766464,
        "rotation_rmse": 0.01827826164662838,
        "translation_rmse_100": 0.16256779432296753,
        "t_final": [
          [
            [
              0.61572265625,
              -0.355224609375,
              0.70361328125,
              0.0465642586350441
            ],
            [
              0.399169921875,
              0.91015625,
              0.1102294921875,
              -0.17154473066329956
            ],
            [
              -0.67919921875,
              0.2130126953125,
              0.7021484375,
              -0.17171208560466766
            ]
          ]
        ]
      },
      {
        "psnr": 10.168925285339355,
        "distortion": 0.021018672734498978,
        "rotation_rmse": 5.348609924316406,
        "translation_rmse_100": 33.14139938354492,
        "t_final": [
          [
            [
              0.6474609375,
              -0.343505859375,
              0.68017578125,
              -0.4717988669872284
            ],
            [
              0.468017578125,
              0.8837890625,
              0.0006732940673828125,
              0.04100553318858147
            ],
            [
              -0.60107421875,
              0.31787109375,
              0.73291015625,
              -0.2840909957885742
            ]
          ]
        ]
      },
      {
        "psnr": 10.380340576171875,
        "distortion": 0.05630173906683922,
        "rotation_rmse": 20.044273376464844,
        "translation_rmse_100": 43.40303421020508,
        "t_final": [
          [
            [
              0.7138671875,
              -0.0171661376953125,
              0.7001953125,
              -0.42057549953460693
            ],
            [
              0.0239715576171875,
              1.0,
              7.2479248046875e-05,
              0.41039416193962097
            ],
            [
              -0.7001953125,
              0.0167388916015625,
              0.7138671875,
              -0.24386638402938843
            ]
          ]
        ]
      },
      {
        "psnr": 24.8161678314209,
        "distortion": 0.01733962446451187,
        "rotation_rmse": 0.020117389038205147,
        "translation_rmse_100": 0.15572519600391388,
        "t_final": [
          [
            [
              0.6162109375,
              -0.354736328125,
              0.703125,
              0.04669002443552017
            ],
            [
              0.398681640625,
              0.91015625,
              0.1099853515625,
              -0.1715472787618637
            ],
            [
              -0.67919921875,
              0.2125244140625,
              0.7021484375,
              -0.17166654765605927
            ]
          ]
        ]
      },
      {
        "psnr": 24.909439086914062,
        "distortion": 0.017523979768157005,
        "rotation_rmse": 0.016570953652262688,
        "translation_rmse_100": 0.15168926119804382,
        "t_final": [
          [
            [
              0.61572265625,
              -0.355224609375,
              0.70361328125,
              0.04675234854221344
            ],
            [
              0.399169921875,
              0.91015625,
              0.1102294921875,
              -0.1715589463710785
            ],
            [
              -0.67919921875,
              0.212890625,
              0.7021484375,
              -0.17172685265541077
            ]
          ]
        ]
      },
      {
        "psnr": 24.886320114135742,
        "distortion": 0.017454583197832108,
        "rotation_rmse": 0.01827826164662838,
        "translation_rmse_100": 0.16944701969623566,
        "t_final": [
          [
            [
              0.61572265625,
              -0.355224609375,
              0.70361328125,
              0.04643980413675308
            ],
            [
              0.399169921875,
              0.91015625,
              0.1102294921875,
              -0.17156018316745758
            ],
            [
              -0.67919921875,
              0.2130126953125,
              0.7021484375,
              -0.17172077298164368
            ]
          ]
        ]
      }
    ]
  }
}