{
  "horns_0_100_even_odd": {
    "best": {
      "psnr": 26.912200927734375,
      "distortion": 0.034269191324710846,
      "rotation_rmse": 0.010935131460428238,
      "translation_rmse_100": 0.02326137013733387,
      "t_final": [
        [
          [
            0.85595703125,
            0.135986328125,
            0.498779296875,
            -0.044213782995939255
          ],
          [
            0.03411865234375,
            0.94775390625,
            -0.317138671875,
            0.12892436981201172
          ],
          [
            -0.51611328125,
            0.288330078125,
            0.806640625,
            -0.23771607875823975
          ]
        ]
      ]
    },
    "stats_list": [
      {
        "psnr": 11.48662281036377,
        "distortion": 0.252716988325119,
        "rotation_rmse": 32.43373107910156,
        "translation_rmse_100": 78.55085754394531,
        "t_final": [
          [
            [
              0.56689453125,
              -0.7548828125,
              0.329833984375,
              1.1279081106185913
            ],
            [
              0.80078125,
              0.59912109375,
              -0.00469207763671875,
              0.020742762833833694
            ],
            [
              -0.194091796875,
              0.2666015625,
              0.9443359375,
              -0.9204069375991821
            ]
          ]
        ]
      },
      {
        "psnr": 26.89748764038086,
        "distortion": 0.034500859677791595,
        "rotation_rmse": 0.003323999233543873,
        "translation_rmse_100": 0.019626272842288017,
        "t_final": [
          [
            [
              0.85595703125,
              0.1358642578125,
              0.4990234375,
              -0.044171616435050964
            ],
            [
              0.034423828125,
              0.94775390625,
              -0.317138671875,
              0.12896285951137543
            ],
            [
              -0.51611328125,
              0.28857421875,
              0.806640625,
              -0.23762920498847961
            ]
          ]
        ]
      },
      {
        "psnr": 26.912200927734375,
        "distortion": 0.034269191324710846,
        "rotation_rmse": 0.010935131460428238,
        "translation_rmse_100": 0.02326137013733387,
        "t_final": [
          [
            [
              0.85595703125,
              0.135986328125,
              0.498779296875,
              -0.044213782995939255
            ],
            [
              0.03411865234375,
              0.94775390625,
              -0.317138671875,
              0.12892436981201172
            ],
            [
              -0.51611328125,
              0.288330078125,
              0.806640625,
              -0.23771607875823975
            ]
          ]
        ]
      },
      {
        "psnr": 11.015219688415527,
        "distortion": 0.23534806072711945,
        "rotation_rmse": 28.562685012817383,
        "translation_rmse_100": 58.1383171081543,
        "t_final": [
          [
            [
              0.86865234375,
              -0.494140625,
              0.0278472900390625,
              0.9388554096221924
            ],
            [
              0.455078125,
              0.775390625,
              -0.438232421875,
              0.13108569383621216
            ],
            [
              0.1949462890625,
              0.393310546875,
              0.8984375,
              -0.45723673701286316
            ]
          ]
        ]
      },
      {
        "psnr": 26.869691848754883,
        "distortion": 0.0344357006251812,
        "rotation_rmse": 0.00991812814027071,
        "translation_rmse_100": 0.02042633295059204,
        "t_final": [
          [
            [
              0.85595703125,
              0.1358642578125,
              0.498779296875,
              -0.044146109372377396
            ],
            [
              0.03424072265625,
              0.94775390625,
              -0.317138671875,
              0.12902146577835083
            ],
            [
              -0.515625,
              0.28857421875,
              0.806640625,
              -0.2376653254032135
            ]
          ]
        ]
      },
      {
        "psnr": 10.863344192504883,
        "distortion": 0.23809348046779633,
        "rotation_rmse": 14.992384910583496,
        "translation_rmse_100": 80.65959930419922,
        "t_final": [
          [
            [
              0.85498046875,
              -0.2415771484375,
              0.459228515625,
              0.9386436343193054
            ],
            [
              0.394287109375,
              0.87744140625,
              -0.2724609375,
              0.6196049451828003
            ],
            [
              -0.337158203125,
              0.413818359375,
              0.845703125,
              0.6259769797325134
            ]
          ]
        ]
      },
      {
        "psnr": 26.861650466918945,
        "distortion": 0.034719981253147125,
        "rotation_rmse": 0.013660903088748455,
        "translation_rmse_100": 0.01909731701016426,
        "t_final": [
          [
            [
              0.85595703125,
              0.135986328125,
              0.4990234375,
              -0.04413684830069542
            ],
            [
              0.034210205078125,
              0.94775390625,
              -0.31689453125,
              0.12891052663326263
            ],
            [
              -0.51611328125,
              0.288330078125,
              0.806640625,
              -0.23770637810230255
            ]
          ]
        ]
      },
      {
        "psnr": 11.028258323669434,
        "distortion": 0.23635387420654297,
        "rotation_rmse": 24.846078872680664,
        "translation_rmse_100": 67.90328979492188,
        "t_final": [
          [
            [
              0.93896484375,
              -0.11895751953125,
              0.323974609375,
              0.9473932385444641
            ],
            [
              0.32421875,
              0.62451171875,
              -0.71044921875,
              0.36405640840530396
            ],
            [
              -0.1177978515625,
              0.77197265625,
              0.625,
              0.3501361906528473
            ]
          ]
        ]
      },
      {
        "psnr": 11.247747421264648,
        "distortion": 0.20557673275470734,
        "rotation_rmse": 7.4016523361206055,
        "translation_rmse_100": 62.190650939941406,
        "t_final": [
          [
            [
              0.85302734375,
              -0.050262451171875,
              0.51904296875,
              0.79380202293396
            ],
            [
              0.2188720703125,
              0.93798828125,
              -0.268798828125,
              -0.07419514656066895
            ],
            [
              -0.473388671875,
              0.343017578125,
              0.8115234375,
              -0.8835781216621399
            ]
          ]
        ]
      },
      {
        "psnr": 10.219350814819336,
        "distortion": 0.07820045948028564,
        "rotation_rmse": 8.32766342163086,
        "translation_rmse_100": 22.780174255371094,
        "t_final": [
          [
            [
              0.79345703125,
              0.1693115234375,
              0.58447265625,
              -0.2484680563211441
            ],
            [
              -0.0635986328125,
              0.97802734375,
              -0.1971435546875,
              0.4499408006668091
            ],
            [
              -0.60498046875,
              0.1192626953125,
              0.787109375,
              -0.3410848081111908
            ]
          ]
        ]
      }
    ]
  }
}