{
  "horns_50_50": {
    "best": {
      "psnr": 24.20013999938965,
      "distortion": 0.019680164754390717,
      "rotation_rmse": 0.0040517570450901985,
      "translation_rmse_100": 0.0487782247364521,
      "t_final": [
        [
          [
            0.85595703125,
            0.1358642578125,
            0.4990234375,
            -0.04468614608049393
          ],
          [
            0.03448486328125,
            0.94775390625,
            -0.317138671875,
            0.1289389282464981
          ],
          [
            -0.51611328125,
            0.28857421875,
            0.806640625,
            -0.23733989894390106
          ]
        ]
      ]
    },
    "stats_list": [
      {
        "psnr": 24.119356155395508,
        "distortion": 0.01962129771709442,
        "rotation_rmse": 0.004471205174922943,
        "translation_rmse_100": 0.036321867257356644,
        "t_final": [
          [
            [
              0.85595703125,
              0.135986328125,
              0.4990234375,
              -0.04442817345261574
            ],
            [
              0.0343017578125,
              0.94775390625,
              -0.317138671875,
              0.1289161890745163
            ],
            [
              -0.51611328125,
              0.28857421875,
              0.806640625,
              -0.2372487634420395
            ]
          ]
        ]
      },
      {
        "psnr": 11.205282211303711,
        "distortion": 0.20988085865974426,
        "rotation_rmse": 13.867660522460938,
        "translation_rmse_100": 65.52671813964844,
        "t_final": [
          [
            [
              0.9287109375,
              -0.235595703125,
              0.285888671875,
              0.9339991807937622
            ],
            [
              0.2626953125,
              0.962890625,
              -0.060150146484375,
              -0.18700498342514038
            ],
            [
              -0.26123046875,
              0.1309814453125,
              0.95654296875,
              -0.7193293571472168
            ]
          ]
        ]
      },
      {
        "psnr": 11.530730247497559,
        "distortion": 0.21240997314453125,
        "rotation_rmse": 17.845369338989258,
        "translation_rmse_100": 57.19314193725586,
        "t_final": [
          [
            [
              0.921875,
              -0.1263427734375,
              0.36669921875,
              0.8672828674316406
            ],
            [
              0.318115234375,
              0.78759765625,
              -0.52783203125,
              0.43796470761299133
            ],
            [
              -0.22216796875,
              0.60302734375,
              0.76611328125,
              -0.0017737038433551788
            ]
          ]
        ]
      },
      {
        "psnr": 9.600748062133789,
        "distortion": 0.10923300683498383,
        "rotation_rmse": 27.54850196838379,
        "translation_rmse_100": 29.261022567749023,
        "t_final": [
          [
            [
              0.8623046875,
              -0.36474609375,
              0.351806640625,
              0.19731168448925018
            ],
            [
              0.5068359375,
              0.63232421875,
              -0.58642578125,
              -0.01723434217274189
            ],
            [
              -0.00853729248046875,
              0.68359375,
              0.7294921875,
              -0.6586570143699646
            ]
          ]
        ]
      },
      {
        "psnr": 24.20013999938965,
        "distortion": 0.019680164754390717,
        "rotation_rmse": 0.0040517570450901985,
        "translation_rmse_100": 0.0487782247364521,
        "t_final": [
          [
            [
              0.85595703125,
              0.1358642578125,
              0.4990234375,
              -0.04468614608049393
            ],
            [
              0.03448486328125,
              0.94775390625,
              -0.317138671875,
              0.1289389282464981
            ],
            [
              -0.51611328125,
              0.28857421875,
              0.806640625,
              -0.23733989894390106
            ]
          ]
        ]
      },
      {
        "psnr": 11.181415557861328,
        "distortion": 0.20914633572101593,
        "rotation_rmse": 12.097617149353027,
        "translation_rmse_100": 101.52348327636719,
        "t_final": [
          [
            [
              0.927734375,
              0.137939453125,
              0.346923828125,
              1.7043733596801758
            ],
            [
              -0.10791015625,
              0.98876953125,
              -0.10467529296875,
              0.17866966128349304
            ],
            [
              -0.357421875,
              0.059661865234375,
              0.93212890625,
              -0.41996368765830994
            ]
          ]
        ]
      },
      {
        "psnr": 11.503670692443848,
        "distortion": 0.19814230501651764,
        "rotation_rmse": 10.526023864746094,
        "translation_rmse_100": 50.39628601074219,
        "t_final": [
          [
            [
              0.95751953125,
              -0.070556640625,
              0.27880859375,
              0.7532100081443787
            ],
            [
              0.1265869140625,
              0.9736328125,
              -0.188720703125,
              0.4704810678958893
            ],
            [
              -0.258056640625,
              0.2159423828125,
              0.94140625,
              -0.13802479207515717
            ]
          ]
        ]
      },
      {
        "psnr": 11.63362979888916,
        "distortion": 0.24356263875961304,
        "rotation_rmse": 14.250682830810547,
        "translation_rmse_100": 65.06026458740234,
        "t_final": [
          [
            [
              0.96826171875,
              -0.15673828125,
              0.1949462890625,
              0.908933699131012
            ],
            [
              0.195068359375,
              0.9609375,
              -0.1964111328125,
              0.6364502310752869
            ],
            [
              -0.156494140625,
              0.228271484375,
              0.9609375,
              0.08554715663194656
            ]
          ]
        ]
      },
      {
        "psnr": 10.520750999450684,
        "distortion": 0.07882019877433777,
        "rotation_rmse": 30.458343505859375,
        "translation_rmse_100": 21.73383903503418,
        "t_final": [
          [
            [
              0.65576171875,
              -0.435791015625,
              0.61669921875,
              0.0827685296535492
            ],
            [
              0.7119140625,
              0.62939453125,
              -0.311767578125,
              -0.042327556759119034
            ],
            [
              -0.251953125,
              0.6435546875,
              0.72314453125,
              -0.5479549765586853
            ]
          ]
        ]
      },
      {
        "psnr": 24.10997200012207,
        "distortion": 0.01993524469435215,
        "rotation_rmse": 0.009862757287919521,
        "translation_rmse_100": 0.02147401124238968,
        "t_final": [
          [
            [
              0.85595703125,
              0.135986328125,
              0.4990234375,
              -0.04420199245214462
            ],
            [
              0.0341796875,
              0.94775390625,
              -0.317138671875,
              0.1287049949169159
            ],
            [
              -0.51611328125,
              0.288330078125,
              0.806640625,
              -0.23748302459716797
            ]
          ]
        ]
      }
    ]
  }
}