{
  "horns_30_70_even_odd": {
    "best": {
      "psnr": 26.33731460571289,
      "distortion": 0.014397311955690384,
      "rotation_rmse": 0.045921869575977325,
      "translation_rmse_100": 0.12344788014888763,
      "t_final": [
        [
          [
            0.61669921875,
            -0.35498046875,
            0.70263671875,
            0.04720568656921387
          ],
          [
            0.398681640625,
            0.91064453125,
            0.10992431640625,
            -0.1720850020647049
          ],
          [
            -0.6787109375,
            0.2122802734375,
            0.70263671875,
            -0.1717716008424759
          ]
        ]
      ]
    },
    "stats_list": [
      {
        "psnr": 11.38866138458252,
        "distortion": 0.18205860257148743,
        "rotation_rmse": 11.285118103027344,
        "translation_rmse_100": 49.38214874267578,
        "t_final": [
          [
            [
              0.75390625,
              -0.3544921875,
              0.55322265625,
              0.7070598006248474
            ],
            [
              0.30615234375,
              0.9345703125,
              0.1815185546875,
              -0.3627575635910034
            ],
            [
              -0.5810546875,
              0.03253173828125,
              0.81298828125,
              -0.6844258904457092
            ]
          ]
        ]
      },
      {
        "psnr": 11.507333755493164,
        "distortion": 0.24418237805366516,
        "rotation_rmse": 29.030532836914062,
        "translation_rmse_100": 55.42338562011719,
        "t_final": [
          [
            [
              0.176025390625,
              0.494140625,
              0.8515625,
              0.7213189601898193
            ],
            [
              0.053680419921875,
              0.85888671875,
              -0.509765625,
              0.49732041358947754
            ],
            [
              -0.98291015625,
              0.1353759765625,
              0.12457275390625,
              -0.02375331148505211
            ]
          ]
        ]
      },
      {
        "psnr": 11.62074089050293,
        "distortion": 0.2345568686723709,
        "rotation_rmse": 15.181766510009766,
        "translation_rmse_100": 68.924560546875,
        "t_final": [
          [
            [
              0.66455078125,
              -0.50390625,
              0.5517578125,
              1.1686471700668335
            ],
            [
              0.6513671875,
              0.75244140625,
              -0.0975341796875,
              -0.007632136344909668
            ],
            [
              -0.365966796875,
              0.424072265625,
              0.828125,
              0.20916928350925446
            ]
          ]
        ]
      },
      {
        "psnr": 26.328641891479492,
        "distortion": 0.014344373717904091,
        "rotation_rmse": 0.030487220734357834,
        "translation_rmse_100": 0.11298604309558868,
        "t_final": [
          [
            [
              0.61669921875,
              -0.354736328125,
              0.703125,
              0.04739997908473015
            ],
            [
              0.398681640625,
              0.91064453125,
              0.1097412109375,
              -0.17184042930603027
            ],
            [
              -0.67919921875,
              0.2125244140625,
              0.70263671875,
              -0.17171098291873932
            ]
          ]
        ]
      },
      {
        "psnr": 10.692109107971191,
        "distortion": 0.011542773805558681,
        "rotation_rmse": 5.500453472137451,
        "translation_rmse_100": 33.27666473388672,
        "t_final": [
          [
            [
              0.55859375,
              -0.327392578125,
              0.76220703125,
              -0.5179705023765564
            ],
            [
              0.3095703125,
              0.9345703125,
              0.17431640625,
              -0.10208330303430557
            ],
            [
              -0.76953125,
              0.1385498046875,
              0.62353515625,
              -0.09794249385595322
            ]
          ]
        ]
      },
      {
        "psnr": 26.337312698364258,
        "distortion": 0.01437088381499052,
        "rotation_rmse": 0.03683159872889519,
        "translation_rmse_100": 0.1229729875922203,
        "t_final": [
          [
            [
              0.61669921875,
              -0.354736328125,
              0.703125,
              0.04723648354411125
            ],
            [
              0.398681640625,
              0.91064453125,
              0.1097412109375,
              -0.1718876212835312
            ],
            [
              -0.6787109375,
              0.2125244140625,
              0.70263671875,
              -0.17162005603313446
            ]
          ]
        ]
      },
      {
        "psnr": 11.421615600585938,
        "distortion": 0.2130446434020996,
        "rotation_rmse": 7.903154373168945,
        "translation_rmse_100": 57.13264465332031,
        "t_final": [
          [
            [
              0.65771484375,
              -0.06982421875,
              0.75,
              1.0259006023406982
            ],
            [
              0.286865234375,
              0.94384765625,
              -0.1636962890625,
              -0.10430630296468735
            ],
            [
              -0.6962890625,
              0.32275390625,
              0.640625,
              -0.3168087601661682
            ]
          ]
        ]
      },
      {
        "psnr": 26.33731460571289,
        "distortion": 0.014397311955690384,
        "rotation_rmse": 0.045921869575977325,
        "translation_rmse_100": 0.12344788014888763,
        "t_final": [
          [
            [
              0.61669921875,
              -0.35498046875,
              0.70263671875,
              0.04720568656921387
            ],
            [
              0.398681640625,
              0.91064453125,
              0.10992431640625,
              -0.1720850020647049
            ],
            [
              -0.6787109375,
              0.2122802734375,
              0.70263671875,
              -0.1717716008424759
            ]
          ]
        ]
      },
      {
        "psnr": 11.703550338745117,
        "distortion": 0.22888870537281036,
        "rotation_rmse": 19.818883895874023,
        "translation_rmse_100": 64.35640716552734,
        "t_final": [
          [
            [
              0.6240234375,
              -0.66552734375,
              0.409423828125,
              0.9715886116027832
            ],
            [
              0.74658203125,
              0.66259765625,
              -0.061614990234375,
              0.0020281746983528137
            ],
            [
              -0.230224609375,
              0.34423828125,
              0.91015625,
              0.42939499020576477
            ]
          ]
        ]
      },
      {
        "psnr": 11.300946235656738,
        "distortion": 0.1647723913192749,
        "rotation_rmse": 8.92737102508545,
        "translation_rmse_100": 41.47020721435547,
        "t_final": [
          [
            [
              0.77099609375,
              -0.276123046875,
              0.57421875,
              0.2978329062461853
            ],
            [
              0.412353515625,
              0.9033203125,
              -0.11944580078125,
              0.2875902056694031
            ],
            [
              -0.4853515625,
              0.32861328125,
              0.81005859375,
              -0.6649172306060791
            ]
          ]
        ]
      }
    ]
  }
}