{
  "room_50_50": {
    "best": {
      "psnr": 30.76729393005371,
      "distortion": 0.011654953472316265,
      "rotation_rmse": 0.016027633100748062,
      "translation_rmse_100": 0.015723390504717827,
      "t_final": [
        [
          [
            0.99853515625,
            0.0197296142578125,
            0.047515869140625,
            -0.1990097165107727
          ],
          [
            0.005725860595703125,
            0.875,
            -0.48388671875,
            0.190446674823761
          ],
          [
            -0.051116943359375,
            0.483642578125,
            0.8740234375,
            0.4628925025463104
          ]
        ]
      ]
    },
    "stats_list": [
      {
        "psnr": 30.76729393005371,
        "distortion": 0.011654953472316265,
        "rotation_rmse": 0.016027633100748062,
        "translation_rmse_100": 0.015723390504717827,
        "t_final": [
          [
            [
              0.99853515625,
              0.0197296142578125,
              0.047515869140625,
              -0.1990097165107727
            ],
            [
              0.005725860595703125,
              0.875,
              -0.48388671875,
              0.190446674823761
            ],
            [
              -0.051116943359375,
              0.483642578125,
              0.8740234375,
              0.4628925025463104
            ]
          ]
        ]
      },
      {
        "psnr": 30.627195358276367,
        "distortion": 0.011898503638803959,
        "rotation_rmse": 0.013430210761725903,
        "translation_rmse_100": 0.012590063735842705,
        "t_final": [
          [
            [
              0.99853515625,
              0.0199432373046875,
              0.047454833984375,
              -0.19908002018928528
            ],
            [
              0.005512237548828125,
              0.875,
              -0.48388671875,
              0.19048206508159637
            ],
            [
              -0.051177978515625,
              0.4833984375,
              0.8740234375,
              0.4628463387489319
            ]
          ]
        ]
      },
      {
        "psnr": 14.426985740661621,
        "distortion": 0.08810151368379593,
        "rotation_rmse": 7.133354187011719,
        "translation_rmse_100": 10.559399604797363,
        "t_final": [
          [
            [
              0.98779296875,
              0.15673828125,
              -0.00014078617095947266,
              -0.033127475529909134
            ],
            [
              -0.1468505859375,
              0.92529296875,
              -0.35009765625,
              0.22014805674552917
            ],
            [
              -0.05474853515625,
              0.345703125,
              0.9365234375,
              0.39245471358299255
            ]
          ]
        ]
      },
      {
        "psnr": 30.65620994567871,
        "distortion": 0.011763407848775387,
        "rotation_rmse": 0.011303137987852097,
        "translation_rmse_100": 0.036586079746484756,
        "t_final": [
          [
            [
              0.99853515625,
              0.0198974609375,
              0.047698974609375,
              -0.19874556362628937
            ],
            [
              0.00565338134765625,
              0.87548828125,
              -0.4833984375,
              0.19078560173511505
            ],
            [
              -0.0513916015625,
              0.483154296875,
              0.8740234375,
              0.4627135694026947
            ]
          ]
        ]
      },
      {
        "psnr": 12.48826789855957,
        "distortion": 0.10641144216060638,
        "rotation_rmse": 18.218229293823242,
        "translation_rmse_100": 29.507160186767578,
        "t_final": [
          [
            [
              0.8828125,
              -0.282958984375,
              0.375244140625,
              -0.043378137052059174
            ],
            [
              0.330322265625,
              0.94140625,
              -0.06768798828125,
              -0.29318469762802124
            ],
            [
              -0.333984375,
              0.1837158203125,
              0.92431640625,
              0.5171268582344055
            ]
          ]
        ]
      },
      {
        "psnr": 14.383139610290527,
        "distortion": 0.08674677461385727,
        "rotation_rmse": 6.259031772613525,
        "translation_rmse_100": 10.060712814331055,
        "t_final": [
          [
            [
              0.990234375,
              0.139892578125,
              0.007080078125,
              -0.038863230496644974
            ],
            [
              -0.1275634765625,
              0.92138671875,
              -0.366943359375,
              0.19572634994983673
            ],
            [
              -0.057891845703125,
              0.362548828125,
              0.93017578125,
              0.3950634300708771
            ]
          ]
        ]
      },
      {
        "psnr": 14.45539665222168,
        "distortion": 0.08729097247123718,
        "rotation_rmse": 6.303150653839111,
        "translation_rmse_100": 10.031671524047852,
        "t_final": [
          [
            [
              0.990234375,
              0.1385498046875,
              0.007537841796875,
              -0.038468796759843826
            ],
            [
              -0.1263427734375,
              0.9228515625,
              -0.364013671875,
              0.19298407435417175
            ],
            [
              -0.057403564453125,
              0.359619140625,
              0.93115234375,
              0.397163063287735
            ]
          ]
        ]
      },
      {
        "psnr": 14.424615859985352,
        "distortion": 0.08173337578773499,
        "rotation_rmse": 6.307718753814697,
        "translation_rmse_100": 9.538863182067871,
        "t_final": [
          [
            [
              0.9892578125,
              0.1463623046875,
              4.124641418457031e-05,
              -0.04720637947320938
            ],
            [
              -0.1357421875,
              0.91796875,
              -0.37255859375,
              0.2015308141708374
            ],
            [
              -0.054534912109375,
              0.36865234375,
              0.92822265625,
              0.3992871940135956
            ]
          ]
        ]
      },
      {
        "psnr": 13.49145793914795,
        "distortion": 0.012414462864398956,
        "rotation_rmse": 16.145862579345703,
        "translation_rmse_100": 22.560075759887695,
        "t_final": [
          [
            [
              0.900390625,
              -0.434814453125,
              0.00820159912109375,
              -0.5307110548019409
            ],
            [
              0.403564453125,
              0.82861328125,
              -0.387939453125,
              0.027941565960645676
            ],
            [
              0.161865234375,
              0.3525390625,
              0.92138671875,
              0.3348929286003113
            ]
          ]
        ]
      },
      {
        "psnr": 13.788060188293457,
        "distortion": 0.09428577125072479,
        "rotation_rmse": 5.58266544342041,
        "translation_rmse_100": 26.57866859436035,
        "t_final": [
          [
            [
              0.99951171875,
              -0.015472412109375,
              -0.0262451171875,
              -0.11119632422924042
            ],
            [
              -0.003631591796875,
              0.79443359375,
              -0.60693359375,
              0.1452784389257431
            ],
            [
              0.0302581787109375,
              0.60693359375,
              0.7939453125,
              0.013373133726418018
            ]
          ]
        ]
      }
    ]
  }
}