{
  "trex_30_70_even_odd": {
    "best": {
      "psnr": 30.681297302246094,
      "distortion": 0.010903608985245228,
      "rotation_rmse": 0.01937928795814514,
      "translation_rmse_100": 0.01694243960082531,
      "t_final": [
        [
          [
            0.79052734375,
            -0.0792236328125,
            0.607421875,
            -0.2479696422815323
          ],
          [
            0.357177734375,
            0.865234375,
            -0.351806640625,
            -0.06832125782966614
          ],
          [
            -0.49755859375,
            0.494873046875,
            0.71240234375,
            -0.19741803407669067
          ]
        ]
      ]
    },
    "stats_list": [
      {
        "psnr": 11.77826976776123,
        "distortion": 0.19126686453819275,
        "rotation_rmse": 6.5657429695129395,
        "translation_rmse_100": 60.70475769042969,
        "t_final": [
          [
            [
              0.67041015625,
              -0.1700439453125,
              0.72216796875,
              0.6597409248352051
            ],
            [
              0.416259765625,
              0.89208984375,
              -0.1763916015625,
              0.33863621950149536
            ],
            [
              -0.6142578125,
              0.4189453125,
              0.6689453125,
              -0.5387546420097351
            ]
          ]
        ]
      },
      {
        "psnr": 30.594074249267578,
        "distortion": 0.010832676663994789,
        "rotation_rmse": 0.016207562759518623,
        "translation_rmse_100": 0.02156800590455532,
        "t_final": [
          [
            [
              0.79052734375,
              -0.0789794921875,
              0.607421875,
              -0.24801528453826904
            ],
            [
              0.35693359375,
              0.865234375,
              -0.35205078125,
              -0.06818383932113647
            ],
            [
              -0.49755859375,
              0.4951171875,
              0.71240234375,
              -0.19751285016536713
            ]
          ]
        ]
      },
      {
        "psnr": 10.592127799987793,
        "distortion": 0.04900701344013214,
        "rotation_rmse": 21.89498519897461,
        "translation_rmse_100": 59.45041275024414,
        "t_final": [
          [
            [
              0.464111328125,
              -0.70556640625,
              0.53564453125,
              -0.8811749815940857
            ],
            [
              0.6259765625,
              0.689453125,
              0.365478515625,
              -0.8796626329421997
            ],
            [
              -0.626953125,
              0.16552734375,
              0.76123046875,
              -0.17062577605247498
            ]
          ]
        ]
      },
      {
        "psnr": 11.024942398071289,
        "distortion": 0.12052912265062332,
        "rotation_rmse": 10.816913604736328,
        "translation_rmse_100": 30.95169448852539,
        "t_final": [
          [
            [
              0.71826171875,
              -0.342529296875,
              0.60595703125,
              0.2658011317253113
            ],
            [
              0.603515625,
              0.740234375,
              -0.297119140625,
              -0.1928710639476776
            ],
            [
              -0.346435546875,
              0.5791015625,
              0.73828125,
              -0.10671854019165039
            ]
          ]
        ]
      },
      {
        "psnr": 12.48181438446045,
        "distortion": 0.021876957267522812,
        "rotation_rmse": 8.619638442993164,
        "translation_rmse_100": 9.385876655578613,
        "t_final": [
          [
            [
              0.80419921875,
              -0.291015625,
              0.51806640625,
              -0.39757782220840454
            ],
            [
              0.41259765625,
              0.90087890625,
              -0.13427734375,
              -0.07497306168079376
            ],
            [
              -0.427490234375,
              0.32177734375,
              0.8447265625,
              -0.2600043714046478
            ]
          ]
        ]
      },
      {
        "psnr": 11.711050987243652,
        "distortion": 0.19554322957992554,
        "rotation_rmse": 9.800836563110352,
        "translation_rmse_100": 29.853797912597656,
        "t_final": [
          [
            [
              0.65283203125,
              -0.353759765625,
              0.669921875,
              0.09202814102172852
            ],
            [
              0.56884765625,
              0.81298828125,
              -0.12451171875,
              0.27578863501548767
            ],
            [
              -0.50048828125,
              0.46240234375,
              0.73193359375,
              -0.014248117804527283
            ]
          ]
        ]
      },
      {
        "psnr": 30.647520065307617,
        "distortion": 0.010868334211409092,
        "rotation_rmse": 0.019116228446364403,
        "translation_rmse_100": 0.021428178995847702,
        "t_final": [
          [
            [
              0.79052734375,
              -0.07916259765625,
              0.607421875,
              -0.24801383912563324
            ],
            [
              0.35693359375,
              0.865234375,
              -0.35205078125,
              -0.06816986203193665
            ],
            [
              -0.49755859375,
              0.4951171875,
              0.71240234375,
              -0.19744277000427246
            ]
          ]
        ]
      },
      {
        "psnr": 11.50426197052002,
        "distortion": 0.19322851300239563,
        "rotation_rmse": 11.778631210327148,
        "translation_rmse_100": 23.539058685302734,
        "t_final": [
          [
            [
              0.72119140625,
              -0.35400390625,
              0.595703125,
              0.018709523603320122
            ],
            [
              0.41748046875,
              0.908203125,
              0.03448486328125,
              0.17697376012802124
            ],
            [
              -0.55322265625,
              0.223876953125,
              0.802734375,
              -0.010112954303622246
            ]
          ]
        ]
      },
      {
        "psnr": 30.681297302246094,
        "distortion": 0.010903608985245228,
        "rotation_rmse": 0.01937928795814514,
        "translation_rmse_100": 0.01694243960082531,
        "t_final": [
          [
            [
              0.79052734375,
              -0.0792236328125,
              0.607421875,
              -0.2479696422815323
            ],
            [
              0.357177734375,
              0.865234375,
              -0.351806640625,
              -0.06832125782966614
            ],
            [
              -0.49755859375,
              0.494873046875,
              0.71240234375,
              -0.19741803407669067
            ]
          ]
        ]
      },
      {
        "psnr": 11.171751976013184,
        "distortion": 0.06954396516084671,
        "rotation_rmse": 7.820006370544434,
        "translation_rmse_100": 29.68434715270996,
        "t_final": [
          [
            [
              0.7158203125,
              -0.330810546875,
              0.61474609375,
              0.2547615170478821
            ],
            [
              0.5361328125,
              0.8251953125,
              -0.179931640625,
              -0.1303572803735733
            ],
            [
              -0.447509765625,
              0.45849609375,
              0.76806640625,
              -0.10768912732601166
            ]
          ]
        ]
      }
    ]
  }
}