{
  "fern_30_70_even_odd": {
    "best": {
      "psnr": 22.762643814086914,
      "distortion": 0.017916103824973106,
      "rotation_rmse": 0.027180079370737076,
      "translation_rmse_100": 0.0544917955994606,
      "t_final": [
        [
          [
            0.91357421875,
            0.1810302734375,
            0.36474609375,
            -0.3549998104572296
          ],
          [
            0.1063232421875,
            0.75830078125,
            -0.64306640625,
            0.33038875460624695
          ],
          [
            -0.39306640625,
            0.6259765625,
            0.67333984375,
            0.0748307928442955
          ]
        ]
      ]
    },
    "stats_list": [
      {
        "psnr": 10.464310646057129,
        "distortion": 0.059492602944374084,
        "rotation_rmse": 27.485639572143555,
        "translation_rmse_100": 25.351390838623047,
        "t_final": [
          [
            [
              0.90625,
              0.42236328125,
              0.01885986328125,
              -0.5848649740219116
            ],
            [
              -0.40869140625,
              0.88671875,
              -0.2171630859375,
              -0.04145690053701401
            ],
            [
              -0.1083984375,
              0.1890869140625,
              0.97607421875,
              0.04049503803253174
            ]
          ]
        ]
      },
      {
        "psnr": 22.725547790527344,
        "distortion": 0.01871456205844879,
        "rotation_rmse": 0.015938809141516685,
        "translation_rmse_100": 0.07990626990795135,
        "t_final": [
          [
            [
              0.91357421875,
              0.1807861328125,
              0.36474609375,
              -0.3554973602294922
            ],
            [
              0.1065673828125,
              0.75830078125,
              -0.64306640625,
              0.33030086755752563
            ],
            [
              -0.392822265625,
              0.62646484375,
              0.67333984375,
              0.07476184517145157
            ]
          ]
        ]
      },
      {
        "psnr": 22.752140045166016,
        "distortion": 0.018328823149204254,
        "rotation_rmse": 0.04009571298956871,
        "translation_rmse_100": 0.05106329172849655,
        "t_final": [
          [
            [
              0.91357421875,
              0.18115234375,
              0.3642578125,
              -0.355071097612381
            ],
            [
              0.10601806640625,
              0.75830078125,
              -0.64306640625,
              0.33055540919303894
            ],
            [
              -0.392822265625,
              0.6259765625,
              0.67333984375,
              0.07457313686609268
            ]
          ]
        ]
      },
      {
        "psnr": 10.812501907348633,
        "distortion": 0.16219305992126465,
        "rotation_rmse": 19.62148094177246,
        "translation_rmse_100": 9.282829284667969,
        "t_final": [
          [
            [
              0.9609375,
              -0.0408935546875,
              0.274169921875,
              -0.23385943472385406
            ],
            [
              0.0843505859375,
              0.9853515625,
              -0.1485595703125,
              0.32189419865608215
            ],
            [
              -0.26416015625,
              0.1658935546875,
              0.9501953125,
              -0.03187653049826622
            ]
          ]
        ]
      },
      {
        "psnr": 11.158843994140625,
        "distortion": 0.14871491491794586,
        "rotation_rmse": 23.92110824584961,
        "translation_rmse_100": 58.75287628173828,
        "t_final": [
          [
            [
              0.57666015625,
              -0.1761474609375,
              0.7978515625,
              -0.15389373898506165
            ],
            [
              0.6015625,
              0.751953125,
              -0.268798828125,
              -0.6644525527954102
            ],
            [
              -0.552734375,
              0.634765625,
              0.53955078125,
              0.1466435194015503
            ]
          ]
        ]
      },
      {
        "psnr": 11.637561798095703,
        "distortion": 0.07570643723011017,
        "rotation_rmse": 3.077981472015381,
        "translation_rmse_100": 78.03158569335938,
        "t_final": [
          [
            [
              0.94580078125,
              0.1534423828125,
              0.284912109375,
              0.032916244119405746
            ],
            [
              0.0732421875,
              0.755859375,
              -0.65087890625,
              -0.9627959132194519
            ],
            [
              -0.315185546875,
              0.63671875,
              0.7041015625,
              0.13617634773254395
            ]
          ]
        ]
      },
      {
        "psnr": 22.762643814086914,
        "distortion": 0.017916103824973106,
        "rotation_rmse": 0.027180079370737076,
        "translation_rmse_100": 0.0544917955994606,
        "t_final": [
          [
            [
              0.91357421875,
              0.1810302734375,
              0.36474609375,
              -0.3549998104572296
            ],
            [
              0.1063232421875,
              0.75830078125,
              -0.64306640625,
              0.33038875460624695
            ],
            [
              -0.39306640625,
              0.6259765625,
              0.67333984375,
              0.0748307928442955
            ]
          ]
        ]
      },
      {
        "psnr": 11.806119918823242,
        "distortion": 0.02848263643682003,
        "rotation_rmse": 7.368362903594971,
        "translation_rmse_100": 15.234017372131348,
        "t_final": [
          [
            [
              0.9140625,
              0.33740234375,
              0.2259521484375,
              -0.10025056451559067
            ],
            [
              -0.09564208984375,
              0.7197265625,
              -0.6875,
              0.3638361692428589
            ],
            [
              -0.394775390625,
              0.60693359375,
              0.68994140625,
              0.010943099856376648
            ]
          ]
        ]
      },
      {
        "psnr": 22.718767166137695,
        "distortion": 0.018389414995908737,
        "rotation_rmse": 0.023569298908114433,
        "translation_rmse_100": 0.0726555660367012,
        "t_final": [
          [
            [
              0.91357421875,
              0.180908203125,
              0.364501953125,
              -0.3553031384944916
            ],
            [
              0.10638427734375,
              0.75830078125,
              -0.64306640625,
              0.33015909790992737
            ],
            [
              -0.392822265625,
              0.62646484375,
              0.67333984375,
              0.0747762992978096
            ]
          ]
        ]
      },
      {
        "psnr": 10.836402893066406,
        "distortion": 0.1424531638622284,
        "rotation_rmse": 23.160734176635742,
        "translation_rmse_100": 49.85631561279297,
        "t_final": [
          [
            [
              0.5625,
              -0.266845703125,
              0.7822265625,
              -0.15732333064079285
            ],
            [
              0.4638671875,
              0.88525390625,
              -0.0316162109375,
              -0.5037626624107361
            ],
            [
              -0.68408203125,
              0.380859375,
              0.6220703125,
              0.1777847856283188
            ]
          ]
        ]
      }
    ]
  }
}