{
  "room_0_100_even_odd": {
    "best": {
      "psnr": 31.039188385009766,
      "distortion": 0.007889903150498867,
      "rotation_rmse": 0.025910038501024246,
      "translation_rmse_100": 0.16197896003723145,
      "t_final": [
        [
          [
            0.61572265625,
            -0.355224609375,
            0.70361328125,
            0.046542778611183167
          ],
          [
            0.3994140625,
            0.91015625,
            0.11016845703125,
            -0.17219661176204681
          ],
          [
            -0.67919921875,
            0.213134765625,
            0.7021484375,
            -0.1717490404844284
          ]
        ]
      ]
    },
    "stats_list": [
      {
        "psnr": 13.357169151306152,
        "distortion": 0.014494327828288078,
        "rotation_rmse": 10.296026229858398,
        "translation_rmse_100": 33.07218933105469,
        "t_final": [
          [
            [
              0.666015625,
              -0.1214599609375,
              0.73583984375,
              -0.44345206022262573
            ],
            [
              0.399169921875,
              0.8916015625,
              -0.2139892578125,
              0.10685445368289948
            ],
            [
              -0.6298828125,
              0.436279296875,
              0.642578125,
              -0.2588523328304291
            ]
          ]
        ]
      },
      {
        "psnr": 12.983636856079102,
        "distortion": 0.019604111090302467,
        "rotation_rmse": 18.309141159057617,
        "translation_rmse_100": 12.082439422607422,
        "t_final": [
          [
            [
              0.80810546875,
              -0.302490234375,
              0.505859375,
              -0.15784311294555664
            ],
            [
              0.5146484375,
              0.7802734375,
              -0.355712890625,
              -0.15589173138141632
            ],
            [
              -0.286865234375,
              0.54736328125,
              0.7861328125,
              -0.196822851896286
            ]
          ]
        ]
      },
      {
        "psnr": 30.822486877441406,
        "distortion": 0.00808800756931305,
        "rotation_rmse": 0.046812646090984344,
        "translation_rmse_100": 0.13797824084758759,
        "t_final": [
          [
            [
              0.615234375,
              -0.35546875,
              0.70361328125,
              0.046984679996967316
            ],
            [
              0.399658203125,
              0.91015625,
              0.110107421875,
              -0.17242009937763214
            ],
            [
              -0.67919921875,
              0.21337890625,
              0.7021484375,
              -0.1718294769525528
            ]
          ]
        ]
      },
      {
        "psnr": 31.039188385009766,
        "distortion": 0.007889903150498867,
        "rotation_rmse": 0.025910038501024246,
        "translation_rmse_100": 0.16197896003723145,
        "t_final": [
          [
            [
              0.61572265625,
              -0.355224609375,
              0.70361328125,
              0.046542778611183167
            ],
            [
              0.3994140625,
              0.91015625,
              0.11016845703125,
              -0.17219661176204681
            ],
            [
              -0.67919921875,
              0.213134765625,
              0.7021484375,
              -0.1717490404844284
            ]
          ]
        ]
      },
      {
        "psnr": 13.624574661254883,
        "distortion": 0.16029465198516846,
        "rotation_rmse": 11.058870315551758,
        "translation_rmse_100": 34.58258056640625,
        "t_final": [
          [
            [
              0.7158203125,
              -0.42138671875,
              0.556640625,
              0.6034054756164551
            ],
            [
              0.333984375,
              0.90673828125,
              0.257080078125,
              -0.2967478632926941
            ],
            [
              -0.61328125,
              0.0019512176513671875,
              0.7900390625,
              0.018316973000764847
            ]
          ]
        ]
      },
      {
        "psnr": 10.81539535522461,
        "distortion": 0.17782196402549744,
        "rotation_rmse": 28.954145431518555,
        "translation_rmse_100": 32.486289978027344,
        "t_final": [
          [
            [
              0.8515625,
              -0.521484375,
              -0.051422119140625,
              0.6109235286712646
            ],
            [
              0.5029296875,
              0.78564453125,
              0.360107421875,
              -0.15197619795799255
            ],
            [
              -0.1473388671875,
              -0.33251953125,
              0.931640625,
              -0.14338497817516327
            ]
          ]
        ]
      },
      {
        "psnr": 30.905895233154297,
        "distortion": 0.008057392202317715,
        "rotation_rmse": 0.03743761032819748,
        "translation_rmse_100": 0.13991503417491913,
        "t_final": [
          [
            [
              0.61572265625,
              -0.355712890625,
              0.703125,
              0.046938952058553696
            ],
            [
              0.399658203125,
              0.90966796875,
              0.11029052734375,
              -0.17229796946048737
            ],
            [
              -0.67919921875,
              0.2130126953125,
              0.7021484375,
              -0.17174789309501648
            ]
          ]
        ]
      },
      {
        "psnr": 30.859668731689453,
        "distortion": 0.007978281006217003,
        "rotation_rmse": 0.03850264474749565,
        "translation_rmse_100": 0.15025120973587036,
        "t_final": [
          [
            [
              0.615234375,
              -0.355224609375,
              0.70361328125,
              0.04676494374871254
            ],
            [
              0.3994140625,
              0.91015625,
              0.11016845703125,
              -0.17227382957935333
            ],
            [
              -0.6796875,
              0.213134765625,
              0.7021484375,
              -0.17166094481945038
            ]
          ]
        ]
      },
      {
        "psnr": 30.86806869506836,
        "distortion": 0.00800516176968813,
        "rotation_rmse": 0.04856553673744202,
        "translation_rmse_100": 0.14966051280498505,
        "t_final": [
          [
            [
              0.615234375,
              -0.35546875,
              0.70361328125,
              0.046772751957178116
            ],
            [
              0.399658203125,
              0.91015625,
              0.1102294921875,
              -0.1723509281873703
            ],
            [
              -0.6796875,
              0.2132568359375,
              0.7021484375,
              -0.17177024483680725
            ]
          ]
        ]
      },
      {
        "psnr": 13.450919151306152,
        "distortion": 0.029748069122433662,
        "rotation_rmse": 10.388758659362793,
        "translation_rmse_100": 6.946015357971191,
        "t_final": [
          [
            [
              0.623046875,
              -0.2119140625,
              0.7529296875,
              0.0076585449278354645
            ],
            [
              0.4638671875,
              0.87548828125,
              -0.1375732421875,
              -0.13585589826107025
            ],
            [
              -0.6298828125,
              0.43505859375,
              0.6435546875,
              -0.2789231240749359
            ]
          ]
        ]
      }
    ]
  }
}