{
  "fern_30_70_even_odd": {
    "best": {
      "psnr": 25.033517837524414,
      "distortion": 0.01710839755833149,
      "rotation_rmse": 0.022395474836230278,
      "translation_rmse_100": 0.1726401448249817,
      "t_final": [
        [
          [
            0.6162109375,
            -0.35498046875,
            0.703125,
            0.04646836593747139
          ],
          [
            0.398681640625,
            0.91064453125,
            0.11016845703125,
            -0.1711607128381729
          ],
          [
            -0.67919921875,
            0.2125244140625,
            0.7021484375,
            -0.17174211144447327
          ]
        ]
      ]
    },
    "stats_list": [
      {
        "psnr": 11.483046531677246,
        "distortion": 0.035659149289131165,
        "rotation_rmse": 14.649147987365723,
        "translation_rmse_100": 34.68214416503906,
        "t_final": [
          [
            [
              0.578125,
              -0.01032257080078125,
              0.81591796875,
              -0.4789862334728241
            ],
            [
              0.38427734375,
              0.88525390625,
              -0.26123046875,
              0.11226043850183487
            ],
            [
              -0.7197265625,
              0.46435546875,
              0.515625,
              -0.14135421812534332
            ]
          ]
        ]
      },
      {
        "psnr": 24.749494552612305,
        "distortion": 0.01718166470527649,
        "rotation_rmse": 0.05266028642654419,
        "translation_rmse_100": 0.17127284407615662,
        "t_final": [
          [
            [
              0.6162109375,
              -0.354248046875,
              0.703125,
              0.04654047265648842
            ],
            [
              0.398193359375,
              0.91064453125,
              0.10992431640625,
              -0.17100323736667633
            ],
            [
              -0.67919921875,
              0.21240234375,
              0.70263671875,
              -0.17178356647491455
            ]
          ]
        ]
      },
      {
        "psnr": 25.033517837524414,
        "distortion": 0.01710839755833149,
        "rotation_rmse": 0.022395474836230278,
        "translation_rmse_100": 0.1726401448249817,
        "t_final": [
          [
            [
              0.6162109375,
              -0.35498046875,
              0.703125,
              0.04646836593747139
            ],
            [
              0.398681640625,
              0.91064453125,
              0.11016845703125,
              -0.1711607128381729
            ],
            [
              -0.67919921875,
              0.2125244140625,
              0.7021484375,
              -0.17174211144447327
            ]
          ]
        ]
      },
      {
        "psnr": 24.96430206298828,
        "distortion": 0.01721259392797947,
        "rotation_rmse": 0.011574123054742813,
        "translation_rmse_100": 0.16414307057857513,
        "t_final": [
          [
            [
              0.61572265625,
              -0.35546875,
              0.703125,
              0.046637531369924545
            ],
            [
              0.399169921875,
              0.91015625,
              0.11053466796875,
              -0.1710895150899887
            ],
            [
              -0.67919921875,
              0.212646484375,
              0.7021484375,
              -0.17184312641620636
            ]
          ]
        ]
      },
      {
        "psnr": 10.849602699279785,
        "distortion": 0.029539620503783226,
        "rotation_rmse": 5.245249271392822,
        "translation_rmse_100": 32.81739044189453,
        "t_final": [
          [
            [
              0.65185546875,
              -0.42431640625,
              0.62841796875,
              -0.4161703586578369
            ],
            [
              0.495361328125,
              0.86572265625,
              0.07061767578125,
              0.12677668035030365
            ],
            [
              -0.57421875,
              0.26513671875,
              0.77490234375,
              -0.3029322624206543
            ]
          ]
        ]
      },
      {
        "psnr": 10.62595272064209,
        "distortion": 0.02094080299139023,
        "rotation_rmse": 5.864723205566406,
        "translation_rmse_100": 33.6001091003418,
        "t_final": [
          [
            [
              0.6455078125,
              -0.33984375,
              0.68359375,
              -0.48493868112564087
            ],
            [
              0.4736328125,
              0.880859375,
              -0.00984954833984375,
              0.026540562510490417
            ],
            [
              -0.5986328125,
              0.330078125,
              0.7294921875,
              -0.28961822390556335
            ]
          ]
        ]
      },
      {
        "psnr": 10.289753913879395,
        "distortion": 0.04924805834889412,
        "rotation_rmse": 19.31995964050293,
        "translation_rmse_100": 43.82514572143555,
        "t_final": [
          [
            [
              0.7080078125,
              -0.0216217041015625,
              0.7060546875,
              -0.42730021476745605
            ],
            [
              0.0355224609375,
              0.9990234375,
              -0.0050048828125,
              0.4161216616630554
            ],
            [
              -0.70556640625,
              0.0286102294921875,
              0.7080078125,
              -0.22804856300354004
            ]
          ]
        ]
      },
      {
        "psnr": 24.9609317779541,
        "distortion": 0.017321735620498657,
        "rotation_rmse": 0.013344169594347477,
        "translation_rmse_100": 0.1726466715335846,
        "t_final": [
          [
            [
              0.61572265625,
              -0.35498046875,
              0.70361328125,
              0.04647178575396538
            ],
            [
              0.39892578125,
              0.91015625,
              0.11004638671875,
              -0.17114698886871338
            ],
            [
              -0.67919921875,
              0.212890625,
              0.7021484375,
              -0.17174741625785828
            ]
          ]
        ]
      },
      {
        "psnr": 24.958065032958984,
        "distortion": 0.01703883893787861,
        "rotation_rmse": 0.020686186850070953,
        "translation_rmse_100": 0.17930202186107635,
        "t_final": [
          [
            [
              0.61572265625,
              -0.35498046875,
              0.70361328125,
              0.04636039584875107
            ],
            [
              0.39892578125,
              0.91015625,
              0.11029052734375,
              -0.17111986875534058
            ],
            [
              -0.6796875,
              0.2127685546875,
              0.7021484375,
              -0.17173366248607635
            ]
          ]
        ]
      },
      {
        "psnr": 25.00331687927246,
        "distortion": 0.01723732054233551,
        "rotation_rmse": 0.01755092665553093,
        "translation_rmse_100": 0.17352071404457092,
        "t_final": [
          [
            [
              0.61572265625,
              -0.35498046875,
              0.70361328125,
              0.046464718878269196
            ],
            [
              0.39892578125,
              0.91064453125,
              0.11029052734375,
              -0.17112721502780914
            ],
            [
              -0.6796875,
              0.2127685546875,
              0.7021484375,
              -0.17171679437160492
            ]
          ]
        ]
      }
    ]
  }
}