{
  "room_0_100_even_odd": {
    "best": {
      "psnr": 34.91315841674805,
      "distortion": 0.009836130775511265,
      "rotation_rmse": 0.006174612324684858,
      "translation_rmse_100": 0.0074952649883925915,
      "t_final": [
        [
          [
            0.99853515625,
            0.02001953125,
            0.0479736328125,
            -0.19937674701213837
          ],
          [
            0.0056915283203125,
            0.875,
            -0.48388671875,
            0.19046002626419067
          ],
          [
            -0.051666259765625,
            0.4833984375,
            0.8740234375,
            0.4629918336868286
          ]
        ]
      ]
    },
    "stats_list": [
      {
        "psnr": 13.40137767791748,
        "distortion": 0.17571201920509338,
        "rotation_rmse": 30.257431030273438,
        "translation_rmse_100": 79.39767456054688,
        "t_final": [
          [
            [
              0.72216796875,
              -0.38623046875,
              0.57373046875,
              0.1831190139055252
            ],
            [
              0.69091796875,
              0.365478515625,
              -0.62353515625,
              -0.9862288236618042
            ],
            [
              0.031097412109375,
              0.84716796875,
              0.53076171875,
              -0.13725285232067108
            ]
          ]
        ]
      },
      {
        "psnr": 34.77219009399414,
        "distortion": 0.009745432063937187,
        "rotation_rmse": 0.010572879575192928,
        "translation_rmse_100": 0.025691721588373184,
        "t_final": [
          [
            [
              0.99853515625,
              0.0200347900390625,
              0.04803466796875,
              -0.19941091537475586
            ],
            [
              0.005725860595703125,
              0.875,
              -0.48388671875,
              0.19049948453903198
            ],
            [
              -0.051727294921875,
              0.483642578125,
              0.8740234375,
              0.4633764922618866
            ]
          ]
        ]
      },
      {
        "psnr": 34.880374908447266,
        "distortion": 0.010006701573729515,
        "rotation_rmse": 0.0012286630226299167,
        "translation_rmse_100": 0.008029989898204803,
        "t_final": [
          [
            [
              0.99853515625,
              0.0200042724609375,
              0.047821044921875,
              -0.19933390617370605
            ],
            [
              0.005626678466796875,
              0.875,
              -0.483642578125,
              0.19052664935588837
            ],
            [
              -0.051544189453125,
              0.4833984375,
              0.8740234375,
              0.4630768299102783
            ]
          ]
        ]
      },
      {
        "psnr": 34.707763671875,
        "distortion": 0.009792657569050789,
        "rotation_rmse": 0.001060002250596881,
        "translation_rmse_100": 0.006833431776612997,
        "t_final": [
          [
            [
              0.99853515625,
              0.01995849609375,
              0.047882080078125,
              -0.19917961955070496
            ],
            [
              0.00568389892578125,
              0.875,
              -0.483642578125,
              0.19054341316223145
            ],
            [
              -0.051544189453125,
              0.4833984375,
              0.8740234375,
              0.4630334675312042
            ]
          ]
        ]
      },
      {
        "psnr": 13.065736770629883,
        "distortion": 0.14034800231456757,
        "rotation_rmse": 24.122671127319336,
        "translation_rmse_100": 39.88050079345703,
        "t_final": [
          [
            [
              0.7734375,
              -0.52392578125,
              0.356201171875,
              0.01036444678902626
            ],
            [
              0.5625,
              0.82666015625,
              -0.005329132080078125,
              -0.46554896235466003
            ],
            [
              -0.29150390625,
              0.2044677734375,
              0.9345703125,
              0.5155895948410034
            ]
          ]
        ]
      },
      {
        "psnr": 13.354705810546875,
        "distortion": 0.12042583525180817,
        "rotation_rmse": 6.4639458656311035,
        "translation_rmse_100": 30.954933166503906,
        "t_final": [
          [
            [
              0.99951171875,
              -0.0146026611328125,
              0.0220947265625,
              0.06906942278146744
            ],
            [
              0.025360107421875,
              0.76806640625,
              -0.6396484375,
              0.22698724269866943
            ],
            [
              -0.00762939453125,
              0.64013671875,
              0.7685546875,
              0.00021584844216704369
            ]
          ]
        ]
      },
      {
        "psnr": 34.613502502441406,
        "distortion": 0.009932070039212704,
        "rotation_rmse": 0.0043894085101783276,
        "translation_rmse_100": 0.006437196861952543,
        "t_final": [
          [
            [
              0.99853515625,
              0.020050048828125,
              0.047943115234375,
              -0.19935205578804016
            ],
            [
              0.005641937255859375,
              0.875,
              -0.483642578125,
              0.19046561419963837
            ],
            [
              -0.051666259765625,
              0.4833984375,
              0.8740234375,
              0.4630046486854553
            ]
          ]
        ]
      },
      {
        "psnr": 34.827999114990234,
        "distortion": 0.00978357158601284,
        "rotation_rmse": 0.007665502838790417,
        "translation_rmse_100": 0.00858919695019722,
        "t_final": [
          [
            [
              0.99853515625,
              0.02020263671875,
              0.047821044921875,
              -0.19935569167137146
            ],
            [
              0.005451202392578125,
              0.875,
              -0.483642578125,
              0.19059142470359802
            ],
            [
              -0.051605224609375,
              0.4833984375,
              0.8740234375,
              0.4630473256111145
            ]
          ]
        ]
      },
      {
        "psnr": 34.91315841674805,
        "distortion": 0.009836130775511265,
        "rotation_rmse": 0.006174612324684858,
        "translation_rmse_100": 0.0074952649883925915,
        "t_final": [
          [
            [
              0.99853515625,
              0.02001953125,
              0.0479736328125,
              -0.19937674701213837
            ],
            [
              0.0056915283203125,
              0.875,
              -0.48388671875,
              0.19046002626419067
            ],
            [
              -0.051666259765625,
              0.4833984375,
              0.8740234375,
              0.4629918336868286
            ]
          ]
        ]
      },
      {
        "psnr": 13.218992233276367,
        "distortion": 0.11426489800214767,
        "rotation_rmse": 9.527137756347656,
        "translation_rmse_100": 27.5964412689209,
        "t_final": [
          [
            [
              0.9951171875,
              0.0506591796875,
              -0.08392333984375,
              -0.01972026936709881
            ],
            [
              -0.0946044921875,
              0.720703125,
              -0.68701171875,
              0.14100295305252075
            ],
            [
              0.02569580078125,
              0.69140625,
              0.72216796875,
              0.02275058440864086
            ]
          ]
        ]
      }
    ]
  }
}