{
  "horns_0_100_even_odd": {
    "best": {
      "psnr": 26.676429748535156,
      "distortion": 0.015913596376776695,
      "rotation_rmse": 0.05593398958444595,
      "translation_rmse_100": 0.10749051719903946,
      "t_final": [
        [
          [
            0.61669921875,
            -0.354736328125,
            0.70263671875,
            0.04747503250837326
          ],
          [
            0.3984375,
            0.91064453125,
            0.1099853515625,
            -0.17214424908161163
          ],
          [
            -0.6787109375,
            0.2122802734375,
            0.70263671875,
            -0.17207041382789612
          ]
        ]
      ]
    },
    "stats_list": [
      {
        "psnr": 11.848787307739258,
        "distortion": 0.2606350779533386,
        "rotation_rmse": 18.70513153076172,
        "translation_rmse_100": 77.02615356445312,
        "t_final": [
          [
            [
              0.7744140625,
              -0.58935546875,
              0.2296142578125,
              1.3817315101623535
            ],
            [
              0.5908203125,
              0.8037109375,
              0.06903076171875,
              -0.14689518511295319
            ],
            [
              -0.2252197265625,
              0.0821533203125,
              0.970703125,
              -0.10889389365911484
            ]
          ]
        ]
      },
      {
        "psnr": 11.655474662780762,
        "distortion": 0.1284000277519226,
        "rotation_rmse": 22.021852493286133,
        "translation_rmse_100": 37.08390808105469,
        "t_final": [
          [
            [
              0.5615234375,
              0.11859130859375,
              0.81884765625,
              -0.208877295255661
            ],
            [
              -0.0136871337890625,
              0.9912109375,
              -0.1341552734375,
              0.41359761357307434
            ],
            [
              -0.8271484375,
              0.0640869140625,
              0.55810546875,
              -0.22659821808338165
            ]
          ]
        ]
      },
      {
        "psnr": 11.378663063049316,
        "distortion": 0.22070686519145966,
        "rotation_rmse": 16.075822830200195,
        "translation_rmse_100": 53.43062973022461,
        "t_final": [
          [
            [
              0.716796875,
              -0.5205078125,
              0.46435546875,
              0.8782802820205688
            ],
            [
              0.6328125,
              0.765625,
              -0.1185302734375,
              0.14790193736553192
            ],
            [
              -0.293701171875,
              0.37890625,
              0.87744140625,
              0.08676084131002426
            ]
          ]
        ]
      },
      {
        "psnr": 26.586824417114258,
        "distortion": 0.015920039266347885,
        "rotation_rmse": 0.030487220734357834,
        "translation_rmse_100": 0.12212766706943512,
        "t_final": [
          [
            [
              0.61669921875,
              -0.354736328125,
              0.703125,
              0.0472240224480629
            ],
            [
              0.398681640625,
              0.91064453125,
              0.1097412109375,
              -0.17213237285614014
            ],
            [
              -0.67919921875,
              0.2125244140625,
              0.70263671875,
              -0.1721527874469757
            ]
          ]
        ]
      },
      {
        "psnr": 26.58965492248535,
        "distortion": 0.01591339334845543,
        "rotation_rmse": 0.04072363302111626,
        "translation_rmse_100": 0.11579116433858871,
        "t_final": [
          [
            [
              0.61669921875,
              -0.354736328125,
              0.703125,
              0.047326620668172836
            ],
            [
              0.3984375,
              0.91064453125,
              0.10992431640625,
              -0.17209281027317047
            ],
            [
              -0.67919921875,
              0.21240234375,
              0.70263671875,
              -0.1720394492149353
            ]
          ]
        ]
      },
      {
        "psnr": 26.676429748535156,
        "distortion": 0.015913596376776695,
        "rotation_rmse": 0.05593398958444595,
        "translation_rmse_100": 0.10749051719903946,
        "t_final": [
          [
            [
              0.61669921875,
              -0.354736328125,
              0.70263671875,
              0.04747503250837326
            ],
            [
              0.3984375,
              0.91064453125,
              0.1099853515625,
              -0.17214424908161163
            ],
            [
              -0.6787109375,
              0.2122802734375,
              0.70263671875,
              -0.17207041382789612
            ]
          ]
        ]
      },
      {
        "psnr": 11.434980392456055,
        "distortion": 0.23398789763450623,
        "rotation_rmse": 17.137100219726562,
        "translation_rmse_100": 61.26094055175781,
        "t_final": [
          [
            [
              0.6748046875,
              0.133056640625,
              0.72607421875,
              1.0261670351028442
            ],
            [
              0.31591796875,
              0.8369140625,
              -0.447021484375,
              0.20111995935440063
            ],
            [
              -0.6669921875,
              0.53125,
              0.5224609375,
              0.008127552457153797
            ]
          ]
        ]
      },
      {
        "psnr": 26.618778228759766,
        "distortion": 0.015954885631799698,
        "rotation_rmse": 0.03138256072998047,
        "translation_rmse_100": 0.1105848029255867,
        "t_final": [
          [
            [
              0.61669921875,
              -0.354736328125,
              0.703125,
              0.04741404578089714
            ],
            [
              0.398681640625,
              0.91064453125,
              0.10980224609375,
              -0.17198757827281952
            ],
            [
              -0.67919921875,
              0.2125244140625,
              0.70263671875,
              -0.1720293164253235
            ]
          ]
        ]
      },
      {
        "psnr": 11.735698699951172,
        "distortion": 0.24749886989593506,
        "rotation_rmse": 23.108121871948242,
        "translation_rmse_100": 67.6511001586914,
        "t_final": [
          [
            [
              0.609375,
              -0.66162109375,
              0.43701171875,
              0.9135950207710266
            ],
            [
              0.77783203125,
              0.60595703125,
              -0.1663818359375,
              0.4073171615600586
            ],
            [
              -0.1546630859375,
              0.441162109375,
              0.8837890625,
              0.36692988872528076
            ]
          ]
        ]
      },
      {
        "psnr": 10.790735244750977,
        "distortion": 0.1305065006017685,
        "rotation_rmse": 14.401482582092285,
        "translation_rmse_100": 36.57832717895508,
        "t_final": [
          [
            [
              0.67578125,
              -0.471435546875,
              0.56689453125,
              -0.06192793697118759
            ],
            [
              0.62841796875,
              0.7705078125,
              -0.1083984375,
              0.24088028073310852
            ],
            [
              -0.385498046875,
              0.429443359375,
              0.81689453125,
              -0.6394977569580078
            ]
          ]
        ]
      }
    ]
  }
}