{
  "trex_50_50": {
    "best": {
      "psnr": 27.27248191833496,
      "distortion": 0.011188004165887833,
      "rotation_rmse": 0.026165161281824112,
      "translation_rmse_100": 0.23020261526107788,
      "t_final": [
        [
          [
            0.61572265625,
            -0.355712890625,
            0.703125,
            0.0453716479241848
          ],
          [
            0.399658203125,
            0.91015625,
            0.11029052734375,
            -0.17217519879341125
          ],
          [
            -0.6787109375,
            0.212890625,
            0.70263671875,
            -0.1724514663219452
          ]
        ]
      ]
    },
    "stats_list": [
      {
        "psnr": 27.190820693969727,
        "distortion": 0.011383057571947575,
        "rotation_rmse": 0.01886141300201416,
        "translation_rmse_100": 0.23278851807117462,
        "t_final": [
          [
            [
              0.61572265625,
              -0.355712890625,
              0.703125,
              0.04532258212566376
            ],
            [
              0.3994140625,
              0.91015625,
              0.1103515625,
              -0.17194253206253052
            ],
            [
              -0.67919921875,
              0.2127685546875,
              0.70263671875,
              -0.17245161533355713
            ]
          ]
        ]
      },
      {
        "psnr": 27.19369888305664,
        "distortion": 0.011204337701201439,
        "rotation_rmse": 0.01692292094230652,
        "translation_rmse_100": 0.2620517909526825,
        "t_final": [
          [
            [
              0.61572265625,
              -0.355712890625,
              0.703125,
              0.0448276661336422
            ],
            [
              0.3994140625,
              0.91015625,
              0.110595703125,
              -0.17208629846572876
            ],
            [
              -0.67919921875,
              0.212646484375,
              0.70263671875,
              -0.172575443983078
            ]
          ]
        ]
      },
      {
        "psnr": 27.19695281982422,
        "distortion": 0.011249256320297718,
        "rotation_rmse": 0.01886141300201416,
        "translation_rmse_100": 0.24673724174499512,
        "t_final": [
          [
            [
              0.61572265625,
              -0.355712890625,
              0.703125,
              0.04510847106575966
            ],
            [
              0.3994140625,
              0.91015625,
              0.1103515625,
              -0.1723630428314209
            ],
            [
              -0.67919921875,
              0.2127685546875,
              0.70263671875,
              -0.1725596934556961
            ]
          ]
        ]
      },
      {
        "psnr": 10.928382873535156,
        "distortion": 0.179234117269516,
        "rotation_rmse": 11.361505508422852,
        "translation_rmse_100": 46.50495147705078,
        "t_final": [
          [
            [
              0.8125,
              -0.1951904296875,
              0.548828125,
              0.33258554339408875
            ],
            [
              0.362548828125,
              0.9072265625,
              -0.21435546875,
              0.10513078421354294
            ],
            [
              -0.4560546875,
              0.373291015625,
              0.8076171875,
              -0.8732749223709106
            ]
          ]
        ]
      },
      {
        "psnr": 27.160890579223633,
        "distortion": 0.01139842625707388,
        "rotation_rmse": 0.018264824524521828,
        "translation_rmse_100": 0.2435663938522339,
        "t_final": [
          [
            [
              0.61572265625,
              -0.355712890625,
              0.703125,
              0.04513785243034363
            ],
            [
              0.3994140625,
              0.91015625,
              0.11041259765625,
              -0.1720828413963318
            ],
            [
              -0.67919921875,
              0.2127685546875,
              0.70263671875,
              -0.1724729686975479
            ]
          ]
        ]
      },
      {
        "psnr": 13.578126907348633,
        "distortion": 0.012757675722241402,
        "rotation_rmse": 5.491772651672363,
        "translation_rmse_100": 9.25776481628418,
        "t_final": [
          [
            [
              0.71142578125,
              -0.3798828125,
              0.5908203125,
              -0.10929301381111145
            ],
            [
              0.411865234375,
              0.9072265625,
              0.08697509765625,
              -0.1706434190273285
            ],
            [
              -0.5693359375,
              0.181640625,
              0.8017578125,
              -0.19543398916721344
            ]
          ]
        ]
      },
      {
        "psnr": 13.019108772277832,
        "distortion": 0.019241929054260254,
        "rotation_rmse": 6.805052757263184,
        "translation_rmse_100": 15.52232551574707,
        "t_final": [
          [
            [
              0.66845703125,
              -0.5,
              0.55078125,
              -0.1902974247932434
            ],
            [
              0.462158203125,
              0.859375,
              0.219482421875,
              -0.06084587424993515
            ],
            [
              -0.5830078125,
              0.10784912109375,
              0.8056640625,
              -0.22208930552005768
            ]
          ]
        ]
      },
      {
        "psnr": 10.768150329589844,
        "distortion": 0.17190158367156982,
        "rotation_rmse": 28.84620475769043,
        "translation_rmse_100": 64.96697235107422,
        "t_final": [
          [
            [
              0.8212890625,
              -0.009857177734375,
              0.5703125,
              0.2246314138174057
            ],
            [
              0.47509765625,
              0.5654296875,
              -0.67431640625,
              0.3120684325695038
            ],
            [
              -0.315673828125,
              0.82470703125,
              0.468994140625,
              -1.1725865602493286
            ]
          ]
        ]
      },
      {
        "psnr": 27.27248191833496,
        "distortion": 0.011188004165887833,
        "rotation_rmse": 0.026165161281824112,
        "translation_rmse_100": 0.23020261526107788,
        "t_final": [
          [
            [
              0.61572265625,
              -0.355712890625,
              0.703125,
              0.0453716479241848
            ],
            [
              0.399658203125,
              0.91015625,
              0.11029052734375,
              -0.17217519879341125
            ],
            [
              -0.6787109375,
              0.212890625,
              0.70263671875,
              -0.1724514663219452
            ]
          ]
        ]
      },
      {
        "psnr": 13.581788063049316,
        "distortion": 0.014752615243196487,
        "rotation_rmse": 5.86569356918335,
        "translation_rmse_100": 10.877420425415039,
        "t_final": [
          [
            [
              0.7236328125,
              -0.34716796875,
              0.59619140625,
              -0.13449493050575256
            ],
            [
              0.38525390625,
              0.92041015625,
              0.06805419921875,
              -0.13548821210861206
            ],
            [
              -0.572265625,
              0.1805419921875,
              0.7998046875,
              -0.19128279387950897
            ]
          ]
        ]
      }
    ]
  }
}