{
  "horns_30_70_even_odd": {
    "best": {
      "psnr": 26.527523040771484,
      "distortion": 0.022730745375156403,
      "rotation_rmse": 0.010170417837798595,
      "translation_rmse_100": 0.010523848235607147,
      "t_final": [
        [
          [
            0.85595703125,
            0.135986328125,
            0.498779296875,
            -0.043894506990909576
          ],
          [
            0.03436279296875,
            0.947265625,
            -0.3173828125,
            0.12902787327766418
          ],
          [
            -0.51611328125,
            0.288818359375,
            0.806640625,
            -0.23758456110954285
          ]
        ]
      ]
    },
    "stats_list": [
      {
        "psnr": 11.544086456298828,
        "distortion": 0.20625798404216766,
        "rotation_rmse": 9.098077774047852,
        "translation_rmse_100": 58.22932052612305,
        "t_final": [
          [
            [
              0.92822265625,
              -0.08123779296875,
              0.36328125,
              0.9187873601913452
            ],
            [
              0.1324462890625,
              0.98388671875,
              -0.1182861328125,
              0.4268518090248108
            ],
            [
              -0.347900390625,
              0.1578369140625,
              0.92431640625,
              -0.2786986231803894
            ]
          ]
        ]
      },
      {
        "psnr": 10.770155906677246,
        "distortion": 0.21471479535102844,
        "rotation_rmse": 30.991291046142578,
        "translation_rmse_100": 49.95853042602539,
        "t_final": [
          [
            [
              0.849609375,
              -0.51416015625,
              0.1162109375,
              0.7687143683433533
            ],
            [
              0.4775390625,
              0.6572265625,
              -0.5830078125,
              0.3901573121547699
            ],
            [
              0.2235107421875,
              0.55078125,
              0.80419921875,
              -0.3796263039112091
            ]
          ]
        ]
      },
      {
        "psnr": 26.455482482910156,
        "distortion": 0.022970151156187057,
        "rotation_rmse": 0.0022004442289471626,
        "translation_rmse_100": 0.016886508092284203,
        "t_final": [
          [
            [
              0.85595703125,
              0.1358642578125,
              0.498779296875,
              -0.04407946392893791
            ],
            [
              0.034271240234375,
              0.94775390625,
              -0.317138671875,
              0.12894561886787415
            ],
            [
              -0.51611328125,
              0.28857421875,
              0.806640625,
              -0.23770380020141602
            ]
          ]
        ]
      },
      {
        "psnr": 10.993410110473633,
        "distortion": 0.21526171267032623,
        "rotation_rmse": 29.91427230834961,
        "translation_rmse_100": 55.662322998046875,
        "t_final": [
          [
            [
              0.8623046875,
              -0.484130859375,
              0.1495361328125,
              0.7650051116943359
            ],
            [
              0.472412109375,
              0.6611328125,
              -0.58251953125,
              0.16746672987937927
            ],
            [
              0.1832275390625,
              0.57275390625,
              0.798828125,
              -0.7607124447822571
            ]
          ]
        ]
      },
      {
        "psnr": 26.396406173706055,
        "distortion": 0.023031087592244148,
        "rotation_rmse": 0.0069106039591133595,
        "translation_rmse_100": 0.027460604906082153,
        "t_final": [
          [
            [
              0.85595703125,
              0.1358642578125,
              0.498779296875,
              -0.04433491826057434
            ],
            [
              0.034515380859375,
              0.94775390625,
              -0.317138671875,
              0.12887760996818542
            ],
            [
              -0.51611328125,
              0.288818359375,
              0.806640625,
              -0.23759934306144714
            ]
          ]
        ]
      },
      {
        "psnr": 11.181289672851562,
        "distortion": 0.20331130921840668,
        "rotation_rmse": 4.753199577331543,
        "translation_rmse_100": 52.70134735107422,
        "t_final": [
          [
            [
              0.88427734375,
              0.2491455078125,
              0.394775390625,
              0.8633186221122742
            ],
            [
              -0.071533203125,
              0.908203125,
              -0.412841796875,
              0.2229699194431305
            ],
            [
              -0.461181640625,
              0.3369140625,
              0.82080078125,
              -0.27479714155197144
            ]
          ]
        ]
      },
      {
        "psnr": 11.573766708374023,
        "distortion": 0.20795509219169617,
        "rotation_rmse": 9.424309730529785,
        "translation_rmse_100": 59.33815383911133,
        "t_final": [
          [
            [
              0.85009765625,
              0.015899658203125,
              0.5263671875,
              0.8934668898582458
            ],
            [
              0.220458984375,
              0.89697265625,
              -0.383056640625,
              0.30748534202575684
            ],
            [
              -0.478515625,
              0.441650390625,
              0.7587890625,
              -0.6193686127662659
            ]
          ]
        ]
      },
      {
        "psnr": 11.502663612365723,
        "distortion": 0.23197443783283234,
        "rotation_rmse": 22.47177505493164,
        "translation_rmse_100": 80.8059310913086,
        "t_final": [
          [
            [
              0.8486328125,
              -0.300048828125,
              0.43505859375,
              1.1520510911941528
            ],
            [
              0.49462890625,
              0.74169921875,
              -0.453369140625,
              0.6417783498764038
            ],
            [
              -0.1865234375,
              0.60009765625,
              0.77783203125,
              0.2778158187866211
            ]
          ]
        ]
      },
      {
        "psnr": 10.5538969039917,
        "distortion": 0.1318497508764267,
        "rotation_rmse": 32.74849319458008,
        "translation_rmse_100": 24.546354293823242,
        "t_final": [
          [
            [
              0.64599609375,
              -0.465087890625,
              0.60546875,
              0.1781751662492752
            ],
            [
              0.74365234375,
              0.5625,
              -0.361328125,
              -0.06075344234704971
            ],
            [
              -0.1724853515625,
              0.68359375,
              0.70947265625,
              -0.5465589165687561
            ]
          ]
        ]
      },
      {
        "psnr": 26.527523040771484,
        "distortion": 0.022730745375156403,
        "rotation_rmse": 0.010170417837798595,
        "translation_rmse_100": 0.010523848235607147,
        "t_final": [
          [
            [
              0.85595703125,
              0.135986328125,
              0.498779296875,
              -0.043894506990909576
            ],
            [
              0.03436279296875,
              0.947265625,
              -0.3173828125,
              0.12902787327766418
            ],
            [
              -0.51611328125,
              0.288818359375,
              0.806640625,
              -0.23758456110954285
            ]
          ]
        ]
      }
    ]
  }
}