{
  "lion_30_70_even_odd": {
    "best": {
      "psnr": 28.76275062561035,
      "distortion": 0.002936235163360834,
      "rotation_rmse": 0.03801147639751434,
      "translation_rmse_100": 0.029207702726125717,
      "t_final": [
        [
          [
            0.92041015625,
            -0.239501953125,
            0.309814453125,
            0.3043806254863739
          ],
          [
            0.3056640625,
            0.93408203125,
            -0.18603515625,
            0.18295662105083466
          ],
          [
            -0.24462890625,
            0.265869140625,
            0.9326171875,
            -0.1193440854549408
          ]
        ]
      ],
      "t0_rotation_rmse": 2.9533848762512207,
      "t0_translation_rmse_100": 2.971428871154785
    },
    "stats_list": [
      {
        "psnr": 28.76275062561035,
        "distortion": 0.002936235163360834,
        "rotation_rmse": 0.03801147639751434,
        "translation_rmse_100": 0.029207702726125717,
        "t_final": [
          [
            [
              0.92041015625,
              -0.239501953125,
              0.309814453125,
              0.3043806254863739
            ],
            [
              0.3056640625,
              0.93408203125,
              -0.18603515625,
              0.18295662105083466
            ],
            [
              -0.24462890625,
              0.265869140625,
              0.9326171875,
              -0.1193440854549408
            ]
          ]
        ],
        "t0_rotation_rmse": 2.9533848762512207,
        "t0_translation_rmse_100": 2.971428871154785
      }
    ]
  },
  "table_30_70_even_odd": {
    "best": {
      "psnr": 27.942121505737305,
      "distortion": 0.019671868532896042,
      "rotation_rmse": 0.022668126970529556,
      "translation_rmse_100": 0.012494843453168869,
      "t_final": [
        [
          [
            0.98681640625,
            0.04425048828125,
            0.1571044921875,
            -0.056679826229810715
          ],
          [
            0.01171112060546875,
            0.94091796875,
            -0.33837890625,
            0.1553288996219635
          ],
          [
            -0.1629638671875,
            0.3359375,
            0.927734375,
            -0.18771441280841827
          ]
        ]
      ],
      "t0_rotation_rmse": 1.248037338256836,
      "t0_translation_rmse_100": 1.0841610431671143
    },
    "stats_list": [
      {
        "psnr": 27.942121505737305,
        "distortion": 0.019671868532896042,
        "rotation_rmse": 0.022668126970529556,
        "translation_rmse_100": 0.012494843453168869,
        "t_final": [
          [
            [
              0.98681640625,
              0.04425048828125,
              0.1571044921875,
              -0.056679826229810715
            ],
            [
              0.01171112060546875,
              0.94091796875,
              -0.33837890625,
              0.1553288996219635
            ],
            [
              -0.1629638671875,
              0.3359375,
              0.927734375,
              -0.18771441280841827
            ]
          ]
        ],
        "t0_rotation_rmse": 1.248037338256836,
        "t0_translation_rmse_100": 1.0841610431671143
      }
    ]
  }
}