{
  "horns_0_100_even_odd": {
    "best": {
      "psnr": 26.668636322021484,
      "distortion": 0.01550811156630516,
      "rotation_rmse": 0.020075179636478424,
      "translation_rmse": 0.00010701753490138799,
      "t_final": [
        [
          [
            0.8564453125,
            0.1357421875,
            0.49853515625,
            -0.04376143217086792
          ],
          [
            0.034271240234375,
            0.94775390625,
            -0.31689453125,
            0.12890031933784485
          ],
          [
            -0.515625,
            0.288330078125,
            0.806640625,
            -0.23737697303295135
          ]
        ]
      ]
    },
    "stats_list": [
      {
        "psnr": 26.142959594726562,
        "distortion": 0.011045258492231369,
        "rotation_rmse": 0.015843985602259636,
        "translation_rmse": 0.00035178865073248744,
        "t_final": [
          [
            [
              0.85595703125,
              0.135498046875,
              0.49853515625,
              -0.04447099193930626
            ],
            [
              0.03448486328125,
              0.94775390625,
              -0.31689453125,
              0.12891389429569244
            ],
            [
              -0.515625,
              0.28857421875,
              0.806640625,
              -0.23756568133831024
            ]
          ]
        ]
      },
      {
        "psnr": 12.564398765563965,
        "distortion": 0.10903811454772949,
        "rotation_rmse": 24.06789779663086,
        "translation_rmse": 0.14217819273471832,
        "t_final": [
          [
            [
              0.86865234375,
              -0.47216796875,
              0.149658203125,
              0.18987306952476501
            ],
            [
              0.495361328125,
              0.82470703125,
              -0.2734375,
              0.10043191909790039
            ],
            [
              0.005680084228515625,
              0.3115234375,
              0.9501953125,
              -0.16539894044399261
            ]
          ]
        ]
      },
      {
        "psnr": 12.542670249938965,
        "distortion": 0.03362727537751198,
        "rotation_rmse": 11.588197708129883,
        "translation_rmse": 0.08911553025245667,
        "t_final": [
          [
            [
              0.89990234375,
              0.368896484375,
              0.231689453125,
              0.007906144484877586
            ],
            [
              -0.164794921875,
              0.78076171875,
              -0.6025390625,
              -0.012872051447629929
            ],
            [
              -0.4033203125,
              0.50439453125,
              0.763671875,
              -0.27003493905067444
            ]
          ]
        ]
      },
      {
        "psnr": 9.9791259765625,
        "distortion": 0.13476471602916718,
        "rotation_rmse": 37.03104019165039,
        "translation_rmse": 0.27766087651252747,
        "t_final": [
          [
            [
              0.80126953125,
              -0.52783203125,
              0.28173828125,
              -0.01970517635345459
            ],
            [
              0.53271484375,
              0.41552734375,
              -0.73681640625,
              -0.024989264085888863
            ],
            [
              0.27197265625,
              0.74072265625,
              0.6142578125,
              -0.6925341486930847
            ]
          ]
        ]
      },
      {
        "psnr": 25.637081146240234,
        "distortion": 0.021330662071704865,
        "rotation_rmse": 0.01605256088078022,
        "translation_rmse": 0.0002654154959600419,
        "t_final": [
          [
            [
              0.8564453125,
              0.1357421875,
              0.49853515625,
              -0.04341236501932144
            ],
            [
              0.034271240234375,
              0.94775390625,
              -0.317138671875,
              0.12892186641693115
            ],
            [
              -0.515625,
              0.28857421875,
              0.806640625,
              -0.2374814748764038
            ]
          ]
        ]
      },
      {
        "psnr": 26.668636322021484,
        "distortion": 0.01550811156630516,
        "rotation_rmse": 0.020075179636478424,
        "translation_rmse": 0.00010701753490138799,
        "t_final": [
          [
            [
              0.8564453125,
              0.1357421875,
              0.49853515625,
              -0.04376143217086792
            ],
            [
              0.034271240234375,
              0.94775390625,
              -0.31689453125,
              0.12890031933784485
            ],
            [
              -0.515625,
              0.288330078125,
              0.806640625,
              -0.23737697303295135
            ]
          ]
        ]
      },
      {
        "psnr": 11.850005149841309,
        "distortion": 0.22272953391075134,
        "rotation_rmse": 18.480382919311523,
        "translation_rmse": 0.7285926342010498,
        "t_final": [
          [
            [
              0.96875,
              -0.09332275390625,
              0.2293701171875,
              0.927489161491394
            ],
            [
              0.2139892578125,
              0.78173828125,
              -0.58544921875,
              0.6650127172470093
            ],
            [
              -0.1246337890625,
              0.6162109375,
              0.77734375,
              0.36376577615737915
            ]
          ]
        ]
      },
      {
        "psnr": 23.69908332824707,
        "distortion": 0.030445432290434837,
        "rotation_rmse": 0.023433148860931396,
        "translation_rmse": 0.0002958455588668585,
        "t_final": [
          [
            [
              0.85595703125,
              0.136474609375,
              0.498779296875,
              -0.04426586255431175
            ],
            [
              0.0338134765625,
              0.94775390625,
              -0.3173828125,
              0.12864534556865692
            ],
            [
              -0.51611328125,
              0.288330078125,
              0.806640625,
              -0.23776325583457947
            ]
          ]
        ]
      },
      {
        "psnr": 11.924501419067383,
        "distortion": 0.16550520062446594,
        "rotation_rmse": 48.94688415527344,
        "translation_rmse": 0.1962255835533142,
        "t_final": [
          [
            [
              0.470947265625,
              -0.75927734375,
              0.44921875,
              0.006315171718597412
            ],
            [
              0.75732421875,
              0.086669921875,
              -0.6474609375,
              -0.2068576216697693
            ],
            [
              0.45263671875,
              0.64501953125,
              0.61572265625,
              -0.2545585036277771
            ]
          ]
        ]
      },
      {
        "psnr": 12.332688331604004,
        "distortion": 0.13360027968883514,
        "rotation_rmse": 11.246808052062988,
        "translation_rmse": 0.3649362027645111,
        "t_final": [
          [
            [
              0.796875,
              0.01229095458984375,
              0.60400390625,
              0.49820074439048767
            ],
            [
              0.254638671875,
              0.89990234375,
              -0.35400390625,
              0.22688426077365875
            ],
            [
              -0.5478515625,
              0.435791015625,
              0.7138671875,
              -0.5475086569786072
            ]
          ]
        ]
      }
    ]
  }
}