{
  "room_30_70_even_odd": {
    "best": {
      "psnr": 30.620891571044922,
      "distortion": 0.00904050562530756,
      "rotation_rmse": 0.014535832218825817,
      "translation_rmse": 0.00015299180813599378,
      "t_final": [
        [
          [
            0.99853515625,
            0.0204010009765625,
            0.047821044921875,
            -0.19931156933307648
          ],
          [
            0.00528717041015625,
            0.875,
            -0.48388671875,
            0.19054695963859558
          ],
          [
            -0.051727294921875,
            0.4833984375,
            0.8740234375,
            0.4632154405117035
          ]
        ]
      ]
    },
    "stats_list": [
      {
        "psnr": 25.62358283996582,
        "distortion": 0.012894474901258945,
        "rotation_rmse": 0.025287533178925514,
        "translation_rmse": 0.00025879376335069537,
        "t_final": [
          [
            [
              0.99853515625,
              0.02044677734375,
              0.04736328125,
              -0.19900670647621155
            ],
            [
              0.0050048828125,
              0.87548828125,
              -0.4833984375,
              0.19087710976600647
            ],
            [
              -0.05133056640625,
              0.483154296875,
              0.8740234375,
              0.46289458870887756
            ]
          ]
        ]
      },
      {
        "psnr": 26.313432693481445,
        "distortion": 0.011205177754163742,
        "rotation_rmse": 0.02011835016310215,
        "translation_rmse": 0.0002988906635437161,
        "t_final": [
          [
            [
              0.99853515625,
              0.0193939208984375,
              0.0479736328125,
              -0.19965317845344543
            ],
            [
              0.0062255859375,
              0.875,
              -0.48388671875,
              0.1901748925447464
            ],
            [
              -0.051361083984375,
              0.4833984375,
              0.8740234375,
              0.4629881978034973
            ]
          ]
        ]
      },
      {
        "psnr": 12.585439682006836,
        "distortion": 0.12298326939344406,
        "rotation_rmse": 5.2015838623046875,
        "translation_rmse": 0.3972175419330597,
        "t_final": [
          [
            [
              0.99658203125,
              0.01407623291015625,
              0.08428955078125,
              0.2911120057106018
            ],
            [
              0.015777587890625,
              0.93896484375,
              -0.34326171875,
              0.3065086007118225
            ],
            [
              -0.083984375,
              0.34326171875,
              0.935546875,
              -0.005467834882438183
            ]
          ]
        ]
      },
      {
        "psnr": 27.915624618530273,
        "distortion": 0.007658600341528654,
        "rotation_rmse": 0.012497148476541042,
        "translation_rmse": 0.00013152652536518872,
        "t_final": [
          [
            [
              0.99853515625,
              0.02001953125,
              0.048065185546875,
              -0.19928956031799316
            ],
            [
              0.005710601806640625,
              0.87548828125,
              -0.4833984375,
              0.19065354764461517
            ],
            [
              -0.0517578125,
              0.483154296875,
              0.8740234375,
              0.4631364345550537
            ]
          ]
        ]
      },
      {
        "psnr": 12.578611373901367,
        "distortion": 0.05806490778923035,
        "rotation_rmse": 19.87027931213379,
        "translation_rmse": 0.3411947190761566,
        "t_final": [
          [
            [
              0.83740234375,
              -0.407958984375,
              0.36376953125,
              -0.22331851720809937
            ],
            [
              0.4736328125,
              0.87353515625,
              -0.110595703125,
              -0.39382418990135193
            ],
            [
              -0.272705078125,
              0.26513671875,
              0.9248046875,
              0.5478640794754028
            ]
          ]
        ]
      },
      {
        "psnr": 13.144861221313477,
        "distortion": 0.16432970762252808,
        "rotation_rmse": 7.124648094177246,
        "translation_rmse": 0.5425716638565063,
        "t_final": [
          [
            [
              0.9990234375,
              0.039947509765625,
              -0.02520751953125,
              0.7338078022003174
            ],
            [
              -0.045684814453125,
              0.95263671875,
              -0.30029296875,
              0.2915229797363281
            ],
            [
              0.01200103759765625,
              0.30126953125,
              0.95361328125,
              0.5111681818962097
            ]
          ]
        ]
      },
      {
        "psnr": 26.646718978881836,
        "distortion": 0.012754038907587528,
        "rotation_rmse": 0.019384076818823814,
        "translation_rmse": 0.00037248790613375604,
        "t_final": [
          [
            [
              0.99853515625,
              0.0196380615234375,
              0.047393798828125,
              -0.199713334441185
            ],
            [
              0.005767822265625,
              0.875,
              -0.48388671875,
              0.19027112424373627
            ],
            [
              -0.05096435546875,
              0.4833984375,
              0.8740234375,
              0.4625622034072876
            ]
          ]
        ]
      },
      {
        "psnr": 24.027727127075195,
        "distortion": 0.013946960680186749,
        "rotation_rmse": 0.026468871161341667,
        "translation_rmse": 0.00041990101453848183,
        "t_final": [
          [
            [
              0.99853515625,
              0.019439697265625,
              0.0477294921875,
              -0.19987694919109344
            ],
            [
              0.006103515625,
              0.875,
              -0.484130859375,
              0.1901407539844513
            ],
            [
              -0.051177978515625,
              0.48388671875,
              0.87353515625,
              0.4628390073776245
            ]
          ]
        ]
      },
      {
        "psnr": 28.399486541748047,
        "distortion": 0.016332393512129784,
        "rotation_rmse": 0.0018131558317691088,
        "translation_rmse": 0.00024396814114879817,
        "t_final": [
          [
            [
              0.99853515625,
              0.0199432373046875,
              0.04779052734375,
              -0.1988806575536728
            ],
            [
              0.005672454833984375,
              0.875,
              -0.483642578125,
              0.19034110009670258
            ],
            [
              -0.051483154296875,
              0.4833984375,
              0.8740234375,
              0.4629485011100769
            ]
          ]
        ]
      },
      {
        "psnr": 30.620891571044922,
        "distortion": 0.00904050562530756,
        "rotation_rmse": 0.014535832218825817,
        "translation_rmse": 0.00015299180813599378,
        "t_final": [
          [
            [
              0.99853515625,
              0.0204010009765625,
              0.047821044921875,
              -0.19931156933307648
            ],
            [
              0.00528717041015625,
              0.875,
              -0.48388671875,
              0.19054695963859558
            ],
            [
              -0.051727294921875,
              0.4833984375,
              0.8740234375,
              0.4632154405117035
            ]
          ]
        ]
      }
    ]
  }
}