{
  "horns_30_70_even_odd": {
    "best": {
      "psnr": 28.721914291381836,
      "distortion": 0.01127263717353344,
      "rotation_rmse": 0.02185683324933052,
      "translation_rmse": 0.00030087234335951507,
      "t_final": [
        [
          [
            0.85595703125,
            0.1365966796875,
            0.4990234375,
            -0.044378768652677536
          ],
          [
            0.033905029296875,
            0.94775390625,
            -0.3173828125,
            0.12883229553699493
          ],
          [
            -0.51611328125,
            0.28857421875,
            0.80615234375,
            -0.23743729293346405
          ]
        ]
      ]
    },
    "stats_list": [
      {
        "psnr": 28.721914291381836,
        "distortion": 0.01127263717353344,
        "rotation_rmse": 0.02185683324933052,
        "translation_rmse": 0.00030087234335951507,
        "t_final": [
          [
            [
              0.85595703125,
              0.1365966796875,
              0.4990234375,
              -0.044378768652677536
            ],
            [
              0.033905029296875,
              0.94775390625,
              -0.3173828125,
              0.12883229553699493
            ],
            [
              -0.51611328125,
              0.28857421875,
              0.80615234375,
              -0.23743729293346405
            ]
          ]
        ]
      },
      {
        "psnr": 12.62983512878418,
        "distortion": 0.02644333429634571,
        "rotation_rmse": 4.821072578430176,
        "translation_rmse": 0.10005216300487518,
        "t_final": [
          [
            [
              0.859375,
              -0.024017333984375,
              0.51123046875,
              -0.047081317752599716
            ],
            [
              0.1531982421875,
              0.96533203125,
              -0.212158203125,
              0.29549479484558105
            ],
            [
              -0.488037109375,
              0.260498046875,
              0.8330078125,
              -0.2849925756454468
            ]
          ]
        ]
      },
      {
        "psnr": 12.827631950378418,
        "distortion": 0.023336946964263916,
        "rotation_rmse": 10.884343147277832,
        "translation_rmse": 0.10581130534410477,
        "t_final": [
          [
            [
              0.875,
              0.289306640625,
              0.388427734375,
              0.12324965745210648
            ],
            [
              0.0123748779296875,
              0.7880859375,
              -0.615234375,
              0.05387572944164276
            ],
            [
              -0.484130859375,
              0.54296875,
              0.68603515625,
              -0.2313438206911087
            ]
          ]
        ]
      },
      {
        "psnr": 9.676008224487305,
        "distortion": 0.15486116707324982,
        "rotation_rmse": 33.77324295043945,
        "translation_rmse": 0.28832897543907166,
        "t_final": [
          [
            [
              0.83837890625,
              -0.47509765625,
              0.267822265625,
              0.3730238378047943
            ],
            [
              0.5078125,
              0.5009765625,
              -0.70068359375,
              0.3081921935081482
            ],
            [
              0.19873046875,
              0.7236328125,
              0.6611328125,
              -0.4459550082683563
            ]
          ]
        ]
      },
      {
        "psnr": 25.741674423217773,
        "distortion": 0.013972891494631767,
        "rotation_rmse": 0.0163688026368618,
        "translation_rmse": 0.00010392264084657654,
        "t_final": [
          [
            [
              0.85595703125,
              0.1353759765625,
              0.4990234375,
              -0.043716251850128174
            ],
            [
              0.03466796875,
              0.94775390625,
              -0.316650390625,
              0.12879204750061035
            ],
            [
              -0.515625,
              0.288330078125,
              0.806640625,
              -0.23744887113571167
            ]
          ]
        ]
      },
      {
        "psnr": 12.258008003234863,
        "distortion": 0.04921059310436249,
        "rotation_rmse": 16.965415954589844,
        "translation_rmse": 0.21534420549869537,
        "t_final": [
          [
            [
              0.8173828125,
              -0.00806427001953125,
              0.57568359375,
              -0.4097694456577301
            ],
            [
              -0.06439208984375,
              0.9921875,
              0.1053466796875,
              0.05721978843212128
            ],
            [
              -0.572265625,
              -0.1231689453125,
              0.81103515625,
              -0.24760892987251282
            ]
          ]
        ]
      },
      {
        "psnr": 20.725522994995117,
        "distortion": 0.017970342189073563,
        "rotation_rmse": 0.004231908358633518,
        "translation_rmse": 0.000199835209059529,
        "t_final": [
          [
            [
              0.85595703125,
              0.1358642578125,
              0.498779296875,
              -0.04408856853842735
            ],
            [
              0.0343017578125,
              0.94775390625,
              -0.317138671875,
              0.12891791760921478
            ],
            [
              -0.51611328125,
              0.288818359375,
              0.806640625,
              -0.2372664362192154
            ]
          ]
        ]
      },
      {
        "psnr": 22.890289306640625,
        "distortion": 0.021327484399080276,
        "rotation_rmse": 0.013654590584337711,
        "translation_rmse": 5.406752825365402e-05,
        "t_final": [
          [
            [
              0.85595703125,
              0.1357421875,
              0.49853515625,
              -0.04377942904829979
            ],
            [
              0.03436279296875,
              0.94775390625,
              -0.317138671875,
              0.12886038422584534
            ],
            [
              -0.515625,
              0.28857421875,
              0.806640625,
              -0.2375609278678894
            ]
          ]
        ]
      },
      {
        "psnr": 8.764765739440918,
        "distortion": 0.03457112982869148,
        "rotation_rmse": 14.303375244140625,
        "translation_rmse": 0.16318710148334503,
        "t_final": [
          [
            [
              0.87890625,
              -0.07501220703125,
              0.470947265625,
              -0.07453548908233643
            ],
            [
              0.30810546875,
              0.84326171875,
              -0.4404296875,
              -0.13907180726528168
            ],
            [
              -0.3642578125,
              0.5322265625,
              0.76416015625,
              -0.3221585154533386
            ]
          ]
        ]
      },
      {
        "psnr": 10.189168930053711,
        "distortion": 0.20770326256752014,
        "rotation_rmse": 36.25856399536133,
        "translation_rmse": 0.4311257302761078,
        "t_final": [
          [
            [
              0.806640625,
              -0.52587890625,
              0.269775390625,
              0.6462138295173645
            ],
            [
              0.5302734375,
              0.4423828125,
              -0.72314453125,
              0.3223007619380951
            ],
            [
              0.260986328125,
              0.7265625,
              0.6357421875,
              -0.44723501801490784
            ]
          ]
        ]
      }
    ]
  }
}