{
  "trex_50_50": {
    "best": {
      "psnr": 27.030139923095703,
      "distortion": 0.015642747282981873,
      "rotation_rmse": 0.015728363767266273,
      "translation_rmse": 3.4525070077506825e-05,
      "t_final": [
        [
          [
            0.79052734375,
            -0.07928466796875,
            0.60693359375,
            -0.24772779643535614
          ],
          [
            0.35693359375,
            0.865234375,
            -0.35205078125,
            -0.06833057850599289
          ],
          [
            -0.497314453125,
            0.494873046875,
            0.71240234375,
            -0.19747371971607208
          ]
        ]
      ]
    },
    "stats_list": [
      {
        "psnr": 23.805248260498047,
        "distortion": 0.020111825317144394,
        "rotation_rmse": 0.033078208565711975,
        "translation_rmse": 0.00016800995217636228,
        "t_final": [
          [
            [
              0.79052734375,
              -0.07952880859375,
              0.60693359375,
              -0.24789907038211823
            ],
            [
              0.35693359375,
              0.86572265625,
              -0.35107421875,
              -0.06847946345806122
            ],
            [
              -0.49755859375,
              0.494140625,
              0.712890625,
              -0.1973326951265335
            ]
          ]
        ]
      },
      {
        "psnr": 8.849891662597656,
        "distortion": 0.02030698023736477,
        "rotation_rmse": 19.163175582885742,
        "translation_rmse": 0.21441876888275146,
        "t_final": [
          [
            [
              0.611328125,
              0.17919921875,
              0.77099609375,
              -0.35809391736984253
            ],
            [
              0.471435546875,
              0.69970703125,
              -0.53662109375,
              -0.30960017442703247
            ],
            [
              -0.6357421875,
              0.69140625,
              0.343505859375,
              0.06240634620189667
            ]
          ]
        ]
      },
      {
        "psnr": 10.969681739807129,
        "distortion": 0.17271003127098083,
        "rotation_rmse": 26.36997413635254,
        "translation_rmse": 0.5391764640808105,
        "t_final": [
          [
            [
              0.76171875,
              -0.54638671875,
              0.347412109375,
              0.6131950616836548
            ],
            [
              0.61474609375,
              0.441162109375,
              -0.65380859375,
              0.287653386592865
            ],
            [
              0.2037353515625,
              0.7119140625,
              0.671875,
              -0.2631016969680786
            ]
          ]
        ]
      },
      {
        "psnr": 27.030139923095703,
        "distortion": 0.015642747282981873,
        "rotation_rmse": 0.015728363767266273,
        "translation_rmse": 3.4525070077506825e-05,
        "t_final": [
          [
            [
              0.79052734375,
              -0.07928466796875,
              0.60693359375,
              -0.24772779643535614
            ],
            [
              0.35693359375,
              0.865234375,
              -0.35205078125,
              -0.06833057850599289
            ],
            [
              -0.497314453125,
              0.494873046875,
              0.71240234375,
              -0.19747371971607208
            ]
          ]
        ]
      },
      {
        "psnr": 11.207263946533203,
        "distortion": 0.02707180567085743,
        "rotation_rmse": 18.668701171875,
        "translation_rmse": 0.22851216793060303,
        "t_final": [
          [
            [
              0.9033203125,
              -0.352294921875,
              0.2447509765625,
              -0.18037237226963043
            ],
            [
              0.37353515625,
              0.92626953125,
              -0.044952392578125,
              -0.37861159443855286
            ],
            [
              -0.2109375,
              0.1319580078125,
              0.96875,
              -0.4337606728076935
            ]
          ]
        ]
      },
      {
        "psnr": 10.397911071777344,
        "distortion": 0.05250503867864609,
        "rotation_rmse": 16.78894805908203,
        "translation_rmse": 0.1499399095773697,
        "t_final": [
          [
            [
              0.865234375,
              0.135498046875,
              0.482421875,
              -0.37406930327415466
            ],
            [
              0.01367950439453125,
              0.9560546875,
              -0.29296875,
              -0.26150938868522644
            ],
            [
              -0.5009765625,
              0.260009765625,
              0.82568359375,
              -0.0784832239151001
            ]
          ]
        ]
      },
      {
        "psnr": 24.725223541259766,
        "distortion": 0.013189476914703846,
        "rotation_rmse": 0.021936213597655296,
        "translation_rmse": 0.0002639115264173597,
        "t_final": [
          [
            [
              0.791015625,
              -0.07843017578125,
              0.60693359375,
              -0.24808424711227417
            ],
            [
              0.356201171875,
              0.865234375,
              -0.352783203125,
              -0.06822963058948517
            ],
            [
              -0.497314453125,
              0.4951171875,
              0.71240234375,
              -0.1972578465938568
            ]
          ]
        ]
      },
      {
        "psnr": 16.849363327026367,
        "distortion": 0.020822422578930855,
        "rotation_rmse": 0.9789555668830872,
        "translation_rmse": 0.007515635807067156,
        "t_final": [
          [
            [
              0.798828125,
              -0.054931640625,
              0.5986328125,
              -0.2457369863986969
            ],
            [
              0.332763671875,
              0.86962890625,
              -0.364501953125,
              -0.08095857501029968
            ],
            [
              -0.5009765625,
              0.490478515625,
              0.71337890625,
              -0.19991450011730194
            ]
          ]
        ]
      },
      {
        "psnr": 12.844225883483887,
        "distortion": 0.03516561910510063,
        "rotation_rmse": 8.3988037109375,
        "translation_rmse": 0.08110061287879944,
        "t_final": [
          [
            [
              0.7392578125,
              -0.360595703125,
              0.56884765625,
              -0.12240374088287354
            ],
            [
              0.53564453125,
              0.82666015625,
              -0.1722412109375,
              -0.03709803521633148
            ],
            [
              -0.408203125,
              0.43212890625,
              0.80419921875,
              -0.14209513366222382
            ]
          ]
        ]
      },
      {
        "psnr": 26.201534271240234,
        "distortion": 0.017420096322894096,
        "rotation_rmse": 0.012277021072804928,
        "translation_rmse": 9.338860400021076e-05,
        "t_final": [
          [
            [
              0.79052734375,
              -0.0787353515625,
              0.607421875,
              -0.24752742052078247
            ],
            [
              0.356689453125,
              0.865234375,
              -0.35205078125,
              -0.06837330013513565
            ],
            [
              -0.497802734375,
              0.494873046875,
              0.71240234375,
              -0.19740332663059235
            ]
          ]
        ]
      }
    ]
  }
}