{
  "room_0_100_even_odd": {
    "best": {
      "psnr": 29.647546768188477,
      "distortion": 0.007351680193096399,
      "rotation_rmse": 0.007216196041554213,
      "translation_rmse": 5.4385222028940916e-05,
      "t_final": [
        [
          [
            0.99853515625,
            0.019927978515625,
            0.0479736328125,
            -0.19934846460819244
          ],
          [
            0.005771636962890625,
            0.87548828125,
            -0.483642578125,
            0.19055861234664917
          ],
          [
            -0.051605224609375,
            0.483154296875,
            0.8740234375,
            0.46294480562210083
          ]
        ]
      ]
    },
    "stats_list": [
      {
        "psnr": 27.954917907714844,
        "distortion": 0.009359421208500862,
        "rotation_rmse": 0.013874254189431667,
        "translation_rmse": 5.606102422461845e-05,
        "t_final": [
          [
            [
              0.99853515625,
              0.0201568603515625,
              0.0474853515625,
              -0.1992560625076294
            ],
            [
              0.00533294677734375,
              0.875,
              -0.48388671875,
              0.19057370722293854
            ],
            [
              -0.051300048828125,
              0.4833984375,
              0.8740234375,
              0.4628787040710449
            ]
          ]
        ]
      },
      {
        "psnr": 27.3518009185791,
        "distortion": 0.012992870062589645,
        "rotation_rmse": 0.015231192111968994,
        "translation_rmse": 0.00010258384281769395,
        "t_final": [
          [
            [
              0.99853515625,
              0.020050048828125,
              0.04766845703125,
              -0.19911623001098633
            ],
            [
              0.005550384521484375,
              0.875,
              -0.484130859375,
              0.19050642848014832
            ],
            [
              -0.051422119140625,
              0.483642578125,
              0.87353515625,
              0.46285998821258545
            ]
          ]
        ]
      },
      {
        "psnr": 13.162141799926758,
        "distortion": 0.17310646176338196,
        "rotation_rmse": 15.976286888122559,
        "translation_rmse": 0.5869545936584473,
        "t_final": [
          [
            [
              0.9482421875,
              -0.0697021484375,
              0.310302734375,
              0.6600735783576965
            ],
            [
              0.281005859375,
              0.64013671875,
              -0.71484375,
              0.17470614612102509
            ],
            [
              -0.148681640625,
              0.76513671875,
              0.62646484375,
              -0.08002983778715134
            ]
          ]
        ]
      },
      {
        "psnr": 29.647546768188477,
        "distortion": 0.007351680193096399,
        "rotation_rmse": 0.007216196041554213,
        "translation_rmse": 5.4385222028940916e-05,
        "t_final": [
          [
            [
              0.99853515625,
              0.019927978515625,
              0.0479736328125,
              -0.19934846460819244
            ],
            [
              0.005771636962890625,
              0.87548828125,
              -0.483642578125,
              0.19055861234664917
            ],
            [
              -0.051605224609375,
              0.483154296875,
              0.8740234375,
              0.46294480562210083
            ]
          ]
        ]
      },
      {
        "psnr": 28.087732315063477,
        "distortion": 0.014534770511090755,
        "rotation_rmse": 0.013374951668083668,
        "translation_rmse": 3.924770498997532e-05,
        "t_final": [
          [
            [
              0.99853515625,
              0.0200042724609375,
              0.047454833984375,
              -0.1992460936307907
            ],
            [
              0.005458831787109375,
              0.875,
              -0.48388671875,
              0.19046801328659058
            ],
            [
              -0.05120849609375,
              0.4833984375,
              0.8740234375,
              0.46291232109069824
            ]
          ]
        ]
      },
      {
        "psnr": 28.654329299926758,
        "distortion": 0.010389091446995735,
        "rotation_rmse": 0.011601870879530907,
        "translation_rmse": 0.00017839569773059338,
        "t_final": [
          [
            [
              0.99853515625,
              0.020233154296875,
              0.0477294921875,
              -0.19913920760154724
            ],
            [
              0.005374908447265625,
              0.87548828125,
              -0.483642578125,
              0.19079694151878357
            ],
            [
              -0.051544189453125,
              0.483154296875,
              0.8740234375,
              0.462928831577301
            ]
          ]
        ]
      },
      {
        "psnr": 27.61052131652832,
        "distortion": 0.011634472757577896,
        "rotation_rmse": 0.017260704189538956,
        "translation_rmse": 0.00027111911913380027,
        "t_final": [
          [
            [
              0.99853515625,
              0.019805908203125,
              0.048248291015625,
              -0.19899815320968628
            ],
            [
              0.0060272216796875,
              0.875,
              -0.48388671875,
              0.1902013123035431
            ],
            [
              -0.05181884765625,
              0.483642578125,
              0.8740234375,
              0.46318018436431885
            ]
          ]
        ]
      },
      {
        "psnr": 27.805917739868164,
        "distortion": 0.011045671068131924,
        "rotation_rmse": 0.014021078124642372,
        "translation_rmse": 0.00022601528326049447,
        "t_final": [
          [
            [
              0.99853515625,
              0.0202484130859375,
              0.047607421875,
              -0.1996145099401474
            ],
            [
              0.005329132080078125,
              0.875,
              -0.48388671875,
              0.19061622023582458
            ],
            [
              -0.05145263671875,
              0.483642578125,
              0.8740234375,
              0.46310198307037354
            ]
          ]
        ]
      },
      {
        "psnr": 29.453012466430664,
        "distortion": 0.013964253477752209,
        "rotation_rmse": 0.012725062668323517,
        "translation_rmse": 0.00013176981883589178,
        "t_final": [
          [
            [
              0.99853515625,
              0.0199737548828125,
              0.0482177734375,
              -0.19921769201755524
            ],
            [
              0.005840301513671875,
              0.875,
              -0.483642578125,
              0.19032622873783112
            ],
            [
              -0.0518798828125,
              0.4833984375,
              0.8740234375,
              0.4630737006664276
            ]
          ]
        ]
      },
      {
        "psnr": 29.552276611328125,
        "distortion": 0.008883023634552956,
        "rotation_rmse": 0.015625832602381706,
        "translation_rmse": 8.995737152872607e-05,
        "t_final": [
          [
            [
              0.99853515625,
              0.0199127197265625,
              0.04766845703125,
              -0.19927813112735748
            ],
            [
              0.005657196044921875,
              0.875,
              -0.484130859375,
              0.19036410748958588
            ],
            [
              -0.05133056640625,
              0.483642578125,
              0.87353515625,
              0.4629248380661011
            ]
          ]
        ]
      }
    ]
  }
}