{
  "trex_30_70_even_odd": {
    "best": {
      "psnr": 28.046772003173828,
      "distortion": 0.01721165142953396,
      "rotation_rmse": 0.004495768342167139,
      "translation_rmse": 0.0002321533829672262,
      "t_final": [
        [
          [
            0.79052734375,
            -0.078857421875,
            0.60693359375,
            -0.24799862504005432
          ],
          [
            0.356689453125,
            0.86572265625,
            -0.35205078125,
            -0.06841015815734863
          ],
          [
            -0.49755859375,
            0.494873046875,
            0.71240234375,
            -0.19766868650913239
          ]
        ]
      ]
    },
    "stats_list": [
      {
        "psnr": 26.70583152770996,
        "distortion": 0.018473941832780838,
        "rotation_rmse": 0.009786863811314106,
        "translation_rmse": 0.00027035901439376175,
        "t_final": [
          [
            [
              0.79052734375,
              -0.07879638671875,
              0.60693359375,
              -0.24812684953212738
            ],
            [
              0.356689453125,
              0.86572265625,
              -0.352294921875,
              -0.06841056793928146
            ],
            [
              -0.49755859375,
              0.4951171875,
              0.71240234375,
              -0.19754210114479065
            ]
          ]
        ]
      },
      {
        "psnr": 9.992870330810547,
        "distortion": 0.02837994135916233,
        "rotation_rmse": 15.323461532592773,
        "translation_rmse": 0.1871621459722519,
        "t_final": [
          [
            [
              0.865234375,
              0.32373046875,
              0.383056640625,
              -0.4829481244087219
            ],
            [
              0.11444091796875,
              0.6162109375,
              -0.779296875,
              0.034106265753507614
            ],
            [
              -0.48828125,
              0.71826171875,
              0.495849609375,
              0.0006593698635697365
            ]
          ]
        ]
      },
      {
        "psnr": 11.84702205657959,
        "distortion": 0.18485142290592194,
        "rotation_rmse": 12.397156715393066,
        "translation_rmse": 0.6864548325538635,
        "t_final": [
          [
            [
              0.87939453125,
              -0.2255859375,
              0.41943359375,
              0.8412401676177979
            ],
            [
              0.443115234375,
              0.70947265625,
              -0.5478515625,
              0.05210520699620247
            ],
            [
              -0.174072265625,
              0.66748046875,
              0.72412109375,
              -0.6594117879867554
            ]
          ]
        ]
      },
      {
        "psnr": 10.877626419067383,
        "distortion": 0.05144788697361946,
        "rotation_rmse": 17.613616943359375,
        "translation_rmse": 0.25028637051582336,
        "t_final": [
          [
            [
              0.81982421875,
              -0.4423828125,
              0.36328125,
              0.17320623993873596
            ],
            [
              0.57177734375,
              0.65966796875,
              -0.48779296875,
              -0.15209569036960602
            ],
            [
              -0.0237274169921875,
              0.60791015625,
              0.7939453125,
              -0.2588387131690979
            ]
          ]
        ]
      },
      {
        "psnr": 28.046772003173828,
        "distortion": 0.01721165142953396,
        "rotation_rmse": 0.004495768342167139,
        "translation_rmse": 0.0002321533829672262,
        "t_final": [
          [
            [
              0.79052734375,
              -0.078857421875,
              0.60693359375,
              -0.24799862504005432
            ],
            [
              0.356689453125,
              0.86572265625,
              -0.35205078125,
              -0.06841015815734863
            ],
            [
              -0.49755859375,
              0.494873046875,
              0.71240234375,
              -0.19766868650913239
            ]
          ]
        ]
      },
      {
        "psnr": 11.33622932434082,
        "distortion": 0.07620470970869064,
        "rotation_rmse": 23.55974006652832,
        "translation_rmse": 0.2642126977443695,
        "t_final": [
          [
            [
              0.9990234375,
              0.031158447265625,
              -0.035186767578125,
              0.17968471348285675
            ],
            [
              -0.045074462890625,
              0.8466796875,
              -0.5302734375,
              0.0405188649892807
            ],
            [
              0.0132598876953125,
              0.53125,
              0.84716796875,
              -0.3196696639060974
            ]
          ]
        ]
      },
      {
        "psnr": 22.515090942382812,
        "distortion": 0.012898806482553482,
        "rotation_rmse": 0.015728363767266273,
        "translation_rmse": 0.0003097331209573895,
        "t_final": [
          [
            [
              0.79052734375,
              -0.07928466796875,
              0.60693359375,
              -0.24819301068782806
            ],
            [
              0.35693359375,
              0.865234375,
              -0.35205078125,
              -0.06837740540504456
            ],
            [
              -0.497314453125,
              0.494873046875,
              0.71240234375,
              -0.19730375707149506
            ]
          ]
        ]
      },
      {
        "psnr": 12.563453674316406,
        "distortion": 0.016685262322425842,
        "rotation_rmse": 6.530594348907471,
        "translation_rmse": 0.09478752315044403,
        "t_final": [
          [
            [
              0.845703125,
              0.044647216796875,
              0.53173828125,
              -0.4015406370162964
            ],
            [
              0.205078125,
              0.89306640625,
              -0.40087890625,
              -0.1248382031917572
            ],
            [
              -0.49267578125,
              0.4482421875,
              0.74609375,
              -0.18814337253570557
            ]
          ]
        ]
      },
      {
        "psnr": 10.880509376525879,
        "distortion": 0.12126918882131577,
        "rotation_rmse": 31.92061996459961,
        "translation_rmse": 0.3511926233768463,
        "t_final": [
          [
            [
              0.64501953125,
              -0.72265625,
              0.248779296875,
              -0.2748624384403229
            ],
            [
              0.67724609375,
              0.389404296875,
              -0.62451171875,
              -0.014390845783054829
            ],
            [
              0.354248046875,
              0.5712890625,
              0.74072265625,
              -0.8027194738388062
            ]
          ]
        ]
      },
      {
        "psnr": 12.384613037109375,
        "distortion": 0.015993580222129822,
        "rotation_rmse": 8.452262878417969,
        "translation_rmse": 0.10275333374738693,
        "t_final": [
          [
            [
              0.85791015625,
              -0.2305908203125,
              0.459228515625,
              -0.09296870231628418
            ],
            [
              0.365478515625,
              0.90185546875,
              -0.22998046875,
              -0.14890243113040924
            ],
            [
              -0.361083984375,
              0.364990234375,
              0.85791015625,
              -0.16212232410907745
            ]
          ]
        ]
      }
    ]
  }
}