{
  "room_50_50": {
    "best": {
      "psnr": 30.118135452270508,
      "distortion": 0.006133947521448135,
      "rotation_rmse": 0.006251182407140732,
      "translation_rmse": 0.00015029773931019008,
      "t_final": [
        [
          [
            0.99853515625,
            0.0201263427734375,
            0.047821044921875,
            -0.1990230828523636
          ],
          [
            0.005535125732421875,
            0.875,
            -0.48388671875,
            0.1904716193675995
          ],
          [
            -0.05157470703125,
            0.4833984375,
            0.8740234375,
            0.4630410671234131
          ]
        ]
      ]
    },
    "stats_list": [
      {
        "psnr": 27.48969268798828,
        "distortion": 0.008239373564720154,
        "rotation_rmse": 0.009418856352567673,
        "translation_rmse": 9.574146679369733e-05,
        "t_final": [
          [
            [
              0.99853515625,
              0.0200347900390625,
              0.047637939453125,
              -0.19921061396598816
            ],
            [
              0.005519866943359375,
              0.87548828125,
              -0.483642578125,
              0.190672367811203
            ],
            [
              -0.0513916015625,
              0.483154296875,
              0.8740234375,
              0.4629671275615692
            ]
          ]
        ]
      },
      {
        "psnr": 26.839200973510742,
        "distortion": 0.013474583625793457,
        "rotation_rmse": 0.008880022913217545,
        "translation_rmse": 0.00033501809230074286,
        "t_final": [
          [
            [
              0.99853515625,
              0.019927978515625,
              0.04803466796875,
              -0.1998152881860733
            ],
            [
              0.00580596923828125,
              0.87548828125,
              -0.483642578125,
              0.19059444963932037
            ],
            [
              -0.05169677734375,
              0.483154296875,
              0.8740234375,
              0.4631235897541046
            ]
          ]
        ]
      },
      {
        "psnr": 12.918248176574707,
        "distortion": 0.08836833387613297,
        "rotation_rmse": 5.149728775024414,
        "translation_rmse": 0.2781990170478821,
        "t_final": [
          [
            [
              0.99755859375,
              -0.05792236328125,
              0.04156494140625,
              0.011402660980820656
            ],
            [
              0.0712890625,
              0.80224609375,
              -0.5927734375,
              0.1965540498495102
            ],
            [
              0.0009751319885253906,
              0.59423828125,
              0.8046875,
              0.029635826125741005
            ]
          ]
        ]
      },
      {
        "psnr": 30.118135452270508,
        "distortion": 0.006133947521448135,
        "rotation_rmse": 0.006251182407140732,
        "translation_rmse": 0.00015029773931019008,
        "t_final": [
          [
            [
              0.99853515625,
              0.0201263427734375,
              0.047821044921875,
              -0.1990230828523636
            ],
            [
              0.005535125732421875,
              0.875,
              -0.48388671875,
              0.1904716193675995
            ],
            [
              -0.05157470703125,
              0.4833984375,
              0.8740234375,
              0.4630410671234131
            ]
          ]
        ]
      },
      {
        "psnr": 12.247289657592773,
        "distortion": 0.13049563765525818,
        "rotation_rmse": 26.97816276550293,
        "translation_rmse": 0.41461172699928284,
        "t_final": [
          [
            [
              0.71044921875,
              -0.50439453125,
              0.49072265625,
              0.14687557518482208
            ],
            [
              0.53564453125,
              0.83984375,
              0.0869140625,
              -0.4299362897872925
            ],
            [
              -0.4560546875,
              0.201171875,
              0.86669921875,
              0.5675225853919983
            ]
          ]
        ]
      },
      {
        "psnr": 12.6632661819458,
        "distortion": 0.07684704661369324,
        "rotation_rmse": 6.477029800415039,
        "translation_rmse": 0.25288355350494385,
        "t_final": [
          [
            [
              1.0,
              -0.002628326416015625,
              0.002132415771484375,
              -0.02646527998149395
            ],
            [
              0.0033817291259765625,
              0.7685546875,
              -0.6396484375,
              0.10088927298784256
            ],
            [
              4.190206527709961e-05,
              0.6396484375,
              0.7685546875,
              0.07058214396238327
            ]
          ]
        ]
      },
      {
        "psnr": 29.75800895690918,
        "distortion": 0.00921489205211401,
        "rotation_rmse": 0.00598587142303586,
        "translation_rmse": 0.00019972525478806347,
        "t_final": [
          [
            [
              0.99853515625,
              0.0198516845703125,
              0.0478515625,
              -0.19897609949111938
            ],
            [
              0.0057830810546875,
              0.875,
              -0.48388671875,
              0.19033046066761017
            ],
            [
              -0.051483154296875,
              0.4833984375,
              0.8740234375,
              0.4629966616630554
            ]
          ]
        ]
      },
      {
        "psnr": 26.0277042388916,
        "distortion": 0.012702828273177147,
        "rotation_rmse": 0.014997288584709167,
        "translation_rmse": 0.00028167120763100684,
        "t_final": [
          [
            [
              0.99853515625,
              0.0200347900390625,
              0.0479736328125,
              -0.1988125741481781
            ],
            [
              0.0056610107421875,
              0.87548828125,
              -0.4833984375,
              0.19067128002643585
            ],
            [
              -0.05169677734375,
              0.48291015625,
              0.8740234375,
              0.4630517363548279
            ]
          ]
        ]
      },
      {
        "psnr": 15.306631088256836,
        "distortion": 0.009523317217826843,
        "rotation_rmse": 12.50058650970459,
        "translation_rmse": 0.10317884385585785,
        "t_final": [
          [
            [
              0.93115234375,
              -0.330078125,
              0.1563720703125,
              -0.32922112941741943
            ],
            [
              0.363525390625,
              0.79541015625,
              -0.484619140625,
              0.06927955150604248
            ],
            [
              0.03558349609375,
              0.50830078125,
              0.8603515625,
              0.44422775506973267
            ]
          ]
        ]
      },
      {
        "psnr": 12.368959426879883,
        "distortion": 0.07262109220027924,
        "rotation_rmse": 4.713630676269531,
        "translation_rmse": 0.33013811707496643,
        "t_final": [
          [
            [
              0.9970703125,
              0.074951171875,
              0.00264739990234375,
              -0.24869489669799805
            ],
            [
              -0.06842041015625,
              0.923828125,
              -0.376953125,
              0.5382254719734192
            ],
            [
              -0.0306854248046875,
              0.375732421875,
              0.92626953125,
              0.011704224161803722
            ]
          ]
        ]
      }
    ]
  }
}