{
  "fern_50_50": {
    "best": {
      "psnr": 21.766143798828125,
      "distortion": 0.018994294106960297,
      "rotation_rmse": 0.10293681919574738,
      "translation_rmse": 0.0007872150745242834,
      "t_final": [
        [
          [
            0.91357421875,
            0.1817626953125,
            0.36376953125,
            -0.3537268340587616
          ],
          [
            0.104736328125,
            0.75927734375,
            -0.642578125,
            0.33167287707328796
          ],
          [
            -0.39306640625,
            0.625,
            0.67431640625,
            0.07362356036901474
          ]
        ]
      ]
    },
    "stats_list": [
      {
        "psnr": 14.276040077209473,
        "distortion": 0.021680263802409172,
        "rotation_rmse": 6.582421779632568,
        "translation_rmse": 0.06703770905733109,
        "t_final": [
          [
            [
              0.87646484375,
              0.005382537841796875,
              0.4814453125,
              -0.43901127576828003
            ],
            [
              0.275146484375,
              0.81494140625,
              -0.51025390625,
              0.2581373155117035
            ],
            [
              -0.39501953125,
              0.57958984375,
              0.712890625,
              0.042217884212732315
            ]
          ]
        ]
      },
      {
        "psnr": 10.056900978088379,
        "distortion": 0.09898005425930023,
        "rotation_rmse": 14.484013557434082,
        "translation_rmse": 0.21914827823638916,
        "t_final": [
          [
            [
              0.94140625,
              -0.1309814453125,
              0.311279296875,
              -0.48776775598526
            ],
            [
              0.2232666015625,
              0.93310546875,
              -0.2822265625,
              0.42005789279937744
            ],
            [
              -0.25341796875,
              0.335205078125,
              0.9072265625,
              0.418245792388916
            ]
          ]
        ]
      },
      {
        "psnr": 21.766143798828125,
        "distortion": 0.018994294106960297,
        "rotation_rmse": 0.10293681919574738,
        "translation_rmse": 0.0007872150745242834,
        "t_final": [
          [
            [
              0.91357421875,
              0.1817626953125,
              0.36376953125,
              -0.3537268340587616
            ],
            [
              0.104736328125,
              0.75927734375,
              -0.642578125,
              0.33167287707328796
            ],
            [
              -0.39306640625,
              0.625,
              0.67431640625,
              0.07362356036901474
            ]
          ]
        ]
      },
      {
        "psnr": 11.289514541625977,
        "distortion": 0.08268425613641739,
        "rotation_rmse": 22.360857009887695,
        "translation_rmse": 0.19212961196899414,
        "t_final": [
          [
            [
              0.927734375,
              -0.1878662109375,
              0.322265625,
              -0.3820165693759918
            ],
            [
              0.2042236328125,
              0.97900390625,
              -0.0173797607421875,
              0.4577580690383911
            ],
            [
              -0.312255859375,
              0.08197021484375,
              0.9462890625,
              0.38066110014915466
            ]
          ]
        ]
      },
      {
        "psnr": 14.089493751525879,
        "distortion": 0.034694328904151917,
        "rotation_rmse": 10.430071830749512,
        "translation_rmse": 0.1278867870569229,
        "t_final": [
          [
            [
              0.802734375,
              -0.01506805419921875,
              0.59619140625,
              -0.5376670956611633
            ],
            [
              0.353515625,
              0.81689453125,
              -0.45556640625,
              0.20705220103263855
            ],
            [
              -0.480224609375,
              0.576171875,
              0.6611328125,
              0.08598218113183975
            ]
          ]
        ]
      },
      {
        "psnr": 20.94436264038086,
        "distortion": 0.018450798466801643,
        "rotation_rmse": 0.02530972845852375,
        "translation_rmse": 0.0007182002300396562,
        "t_final": [
          [
            [
              0.91357421875,
              0.1802978515625,
              0.364990234375,
              -0.3553563952445984
            ],
            [
              0.1068115234375,
              0.7587890625,
              -0.642578125,
              0.33057019114494324
            ],
            [
              -0.392822265625,
              0.6259765625,
              0.673828125,
              0.07389014959335327
            ]
          ]
        ]
      },
      {
        "psnr": 10.873472213745117,
        "distortion": 0.06467876583337784,
        "rotation_rmse": 15.169742584228516,
        "translation_rmse": 0.3947858512401581,
        "t_final": [
          [
            [
              0.86669921875,
              -0.283447265625,
              0.41064453125,
              -0.26234811544418335
            ],
            [
              0.42333984375,
              0.853515625,
              -0.30419921875,
              -0.34005171060562134
            ],
            [
              -0.26416015625,
              0.437255859375,
              0.859375,
              -0.022029954940080643
            ]
          ]
        ]
      },
      {
        "psnr": 12.923102378845215,
        "distortion": 0.0222074706107378,
        "rotation_rmse": 12.361708641052246,
        "translation_rmse": 0.22591078281402588,
        "t_final": [
          [
            [
              0.80908203125,
              -0.1451416015625,
              0.5693359375,
              -0.674382209777832
            ],
            [
              0.4052734375,
              0.83935546875,
              -0.362060546875,
              0.11861548572778702
            ],
            [
              -0.425537109375,
              0.5234375,
              0.73828125,
              -0.0007410990074276924
            ]
          ]
        ]
      },
      {
        "psnr": 14.757098197937012,
        "distortion": 0.02226957492530346,
        "rotation_rmse": 9.099462509155273,
        "translation_rmse": 0.12236732244491577,
        "t_final": [
          [
            [
              0.84228515625,
              -0.040130615234375,
              0.537109375,
              -0.5138515830039978
            ],
            [
              0.34228515625,
              0.81005859375,
              -0.47607421875,
              0.19318749010562897
            ],
            [
              -0.416259765625,
              0.5849609375,
              0.6962890625,
              0.05108627304434776
            ]
          ]
        ]
      },
      {
        "psnr": 11.494236946105957,
        "distortion": 0.0985465720295906,
        "rotation_rmse": 19.91557502746582,
        "translation_rmse": 0.5518673658370972,
        "t_final": [
          [
            [
              0.7177734375,
              -0.36181640625,
              0.5947265625,
              -0.24677440524101257
            ],
            [
              0.50048828125,
              0.8623046875,
              -0.079833984375,
              -0.6110373735427856
            ],
            [
              -0.48388671875,
              0.35498046875,
              0.7998046875,
              0.19832536578178406
            ]
          ]
        ]
      }
    ]
  }
}