{
  "fern_0_100_even_odd": {
    "best": {
      "psnr": 21.477338790893555,
      "distortion": 0.01709461212158203,
      "rotation_rmse": 0.1765887290239334,
      "translation_rmse_100": 0.1955142468214035,
      "t_final": [
        [
          [
            0.9130859375,
            0.1806640625,
            0.366455078125,
            -0.35678181052207947
          ],
          [
            0.10943603515625,
            0.755859375,
            -0.6455078125,
            0.3301662504673004
          ],
          [
            -0.3935546875,
            0.62939453125,
            0.67041015625,
            0.0765305608510971
          ]
        ]
      ],
      "t0_rotation_rmse": 1.3997185230255127,
      "t0_translation_rmse_100": 0.9680689573287964
    },
    "stats_list": [
      {
        "psnr": 21.477338790893555,
        "distortion": 0.01709461212158203,
        "rotation_rmse": 0.1765887290239334,
        "translation_rmse_100": 0.1955142468214035,
        "t_final": [
          [
            [
              0.9130859375,
              0.1806640625,
              0.366455078125,
              -0.35678181052207947
            ],
            [
              0.10943603515625,
              0.755859375,
              -0.6455078125,
              0.3301662504673004
            ],
            [
              -0.3935546875,
              0.62939453125,
              0.67041015625,
              0.0765305608510971
            ]
          ]
        ],
        "t0_rotation_rmse": 1.3997185230255127,
        "t0_translation_rmse_100": 0.9680689573287964
      }
    ]
  },
  "fern_30_70_even_odd": {
    "best": {
      "psnr": 13.34083080291748,
      "distortion": 0.01875118725001812,
      "rotation_rmse": 3.9947803020477295,
      "translation_rmse_100": 2.062265634536743,
      "t_final": [
        [
          [
            0.947265625,
            0.193115234375,
            0.255126953125,
            -0.3843950629234314
          ],
          [
            0.048797607421875,
            0.70068359375,
            -0.71142578125,
            0.34440094232559204
          ],
          [
            -0.31640625,
            0.68701171875,
            0.65478515625,
            0.061119116842746735
          ]
        ]
      ],
      "t0_rotation_rmse": 5.611567974090576,
      "t0_translation_rmse_100": 9.61656379699707
    },
    "stats_list": [
      {
        "psnr": 13.34083080291748,
        "distortion": 0.01875118725001812,
        "rotation_rmse": 3.9947803020477295,
        "translation_rmse_100": 2.062265634536743,
        "t_final": [
          [
            [
              0.947265625,
              0.193115234375,
              0.255126953125,
              -0.3843950629234314
            ],
            [
              0.048797607421875,
              0.70068359375,
              -0.71142578125,
              0.34440094232559204
            ],
            [
              -0.31640625,
              0.68701171875,
              0.65478515625,
              0.061119116842746735
            ]
          ]
        ],
        "t0_rotation_rmse": 5.611567974090576,
        "t0_translation_rmse_100": 9.61656379699707
      }
    ]
  },
  "fern_50_50": {
    "best": {
      "psnr": 16.825878143310547,
      "distortion": 0.01660992205142975,
      "rotation_rmse": 1.3820862770080566,
      "translation_rmse_100": 1.7020145654678345,
      "t_final": [
        [
          [
            0.912109375,
            0.2205810546875,
            0.345703125,
            -0.3348677158355713
          ],
          [
            0.07098388671875,
            0.7451171875,
            -0.66259765625,
            0.35069459676742554
          ],
          [
            -0.40380859375,
            0.62890625,
            0.6640625,
            0.08400969952344894
          ]
        ]
      ],
      "t0_rotation_rmse": 2.9586141109466553,
      "t0_translation_rmse_100": 3.636718273162842
    },
    "stats_list": [
      {
        "psnr": 16.825878143310547,
        "distortion": 0.01660992205142975,
        "rotation_rmse": 1.3820862770080566,
        "translation_rmse_100": 1.7020145654678345,
        "t_final": [
          [
            [
              0.912109375,
              0.2205810546875,
              0.345703125,
              -0.3348677158355713
            ],
            [
              0.07098388671875,
              0.7451171875,
              -0.66259765625,
              0.35069459676742554
            ],
            [
              -0.40380859375,
              0.62890625,
              0.6640625,
              0.08400969952344894
            ]
          ]
        ],
        "t0_rotation_rmse": 2.9586141109466553,
        "t0_translation_rmse_100": 3.636718273162842
      }
    ]
  },
  "horns_0_100_even_odd": {
    "best": {
      "psnr": 29.044010162353516,
      "distortion": 0.010239174589514732,
      "rotation_rmse": 0.02764052338898182,
      "translation_rmse_100": 0.00541394529864192,
      "t_final": [
        [
          [
            0.85595703125,
            0.1357421875,
            0.498779296875,
            -0.04391450807452202
          ],
          [
            0.0341796875,
            0.94775390625,
            -0.31640625,
            0.1287902593612671
          ],
          [
            -0.515625,
            0.2880859375,
            0.806640625,
            -0.2374821901321411
          ]
        ]
      ],
      "t0_rotation_rmse": 1.2831549644470215,
      "t0_translation_rmse_100": 1.7415271997451782
    },
    "stats_list": [
      {
        "psnr": 29.044010162353516,
        "distortion": 0.010239174589514732,
        "rotation_rmse": 0.02764052338898182,
        "translation_rmse_100": 0.00541394529864192,
        "t_final": [
          [
            [
              0.85595703125,
              0.1357421875,
              0.498779296875,
              -0.04391450807452202
            ],
            [
              0.0341796875,
              0.94775390625,
              -0.31640625,
              0.1287902593612671
            ],
            [
              -0.515625,
              0.2880859375,
              0.806640625,
              -0.2374821901321411
            ]
          ]
        ],
        "t0_rotation_rmse": 1.2831549644470215,
        "t0_translation_rmse_100": 1.7415271997451782
      }
    ]
  },
  "horns_30_70_even_odd": {
    "best": {
      "psnr": 25.63969612121582,
      "distortion": 0.012995244935154915,
      "rotation_rmse": 0.040601812303066254,
      "translation_rmse_100": 0.03252791613340378,
      "t_final": [
        [
          [
            0.8564453125,
            0.1361083984375,
            0.4990234375,
            -0.04390473663806915
          ],
          [
            0.034637451171875,
            0.947265625,
            -0.318115234375,
            0.12924326956272125
          ],
          [
            -0.515625,
            0.28955078125,
            0.80615234375,
            -0.23711493611335754
          ]
        ]
      ],
      "t0_rotation_rmse": 1.6391682624816895,
      "t0_translation_rmse_100": 1.609495997428894
    },
    "stats_list": [
      {
        "psnr": 25.63969612121582,
        "distortion": 0.012995244935154915,
        "rotation_rmse": 0.040601812303066254,
        "translation_rmse_100": 0.03252791613340378,
        "t_final": [
          [
            [
              0.8564453125,
              0.1361083984375,
              0.4990234375,
              -0.04390473663806915
            ],
            [
              0.034637451171875,
              0.947265625,
              -0.318115234375,
              0.12924326956272125
            ],
            [
              -0.515625,
              0.28955078125,
              0.80615234375,
              -0.23711493611335754
            ]
          ]
        ],
        "t0_rotation_rmse": 1.6391682624816895,
        "t0_translation_rmse_100": 1.609495997428894
      }
    ]
  },