{
  "table_30_70_even_odd": {
    "best": {
      "psnr": 24.993839263916016,
      "distortion": 0.02105790376663208,
      "rotation_rmse": 0.05905013531446457,
      "translation_rmse_100": 0.03821033984422684,
      "t_final": [
        [
          [
            0.986328125,
            0.044677734375,
            0.1583251953125,
            -0.05705671384930611
          ],
          [
            0.01169586181640625,
            0.94091796875,
            -0.338623046875,
            0.15533782541751862
          ],
          [
            -0.1640625,
            0.335693359375,
            0.927734375,
            -0.18799138069152832
          ]
        ]
      ]
    },
    "stats_list": [
      {
        "psnr": 24.993839263916016,
        "distortion": 0.02105790376663208,
        "rotation_rmse": 0.05905013531446457,
        "translation_rmse_100": 0.03821033984422684,
        "t_final": [
          [
            [
              0.986328125,
              0.044677734375,
              0.1583251953125,
              -0.05705671384930611
            ],
            [
              0.01169586181640625,
              0.94091796875,
              -0.338623046875,
              0.15533782541751862
            ],
            [
              -0.1640625,
              0.335693359375,
              0.927734375,
              -0.18799138069152832
            ]
          ]
        ]
      },
      {
        "psnr": 11.787041664123535,
        "distortion": 0.017317526042461395,
        "rotation_rmse": 10.802051544189453,
        "translation_rmse_100": 7.779376029968262,
        "t_final": [
          [
            [
              0.90283203125,
              -0.053009033203125,
              0.4267578125,
              -0.18969598412513733
            ],
            [
              0.2147216796875,
              0.91552734375,
              -0.34033203125,
              0.16349700093269348
            ],
            [
              -0.372802734375,
              0.39892578125,
              0.837890625,
              -0.20608392357826233
            ]
          ]
        ]
      },
      {
        "psnr": 12.088454246520996,
        "distortion": 0.004327202215790749,
        "rotation_rmse": 30.025920867919922,
        "translation_rmse_100": 33.03254699707031,
        "t_final": [
          [
            [
              0.81591796875,
              -0.224609375,
              0.53271484375,
              -0.20266306400299072
            ],
            [
              0.5693359375,
              0.473876953125,
              -0.671875,
              0.5135238766670227
            ],
            [
              -0.10150146484375,
              0.8515625,
              0.51416015625,
              -0.6091972589492798
            ]
          ]
        ]
      },
      {
        "psnr": 11.272234916687012,
        "distortion": 0.023949263617396355,
        "rotation_rmse": 44.95649719238281,
        "translation_rmse_100": 19.557353973388672,
        "t_final": [
          [
            [
              0.341064453125,
              -0.66015625,
              0.66943359375,
              -0.3590084910392761
            ],
            [
              0.919921875,
              0.0869140625,
              -0.383056640625,
              0.05208693817257881
            ],
            [
              0.1947021484375,
              0.74609375,
              0.63671875,
              -0.29975199699401855
            ]
          ]
        ]
      },
      {
        "psnr": 12.089038848876953,
        "distortion": 0.0039994376711547375,
        "rotation_rmse": 36.04405975341797,
        "translation_rmse_100": 25.046497344970703,
        "t_final": [
          [
            [
              0.59375,
              -0.1748046875,
              0.78564453125,
              -0.33229535818099976
            ],
            [
              0.6728515625,
              0.64306640625,
              -0.365478515625,
              0.42766642570495605
            ],
            [
              -0.441162109375,
              0.74560546875,
              0.49951171875,
              -0.38248956203460693
            ]
          ]
        ]
      },
      {
        "psnr": 11.861353874206543,
        "distortion": 0.013792570680379868,
        "rotation_rmse": 29.44502067565918,
        "translation_rmse_100": 24.822647094726562,
        "t_final": [
          [
            [
              0.59130859375,
              0.1387939453125,
              0.79443359375,
              -0.42995184659957886
            ],
            [
              0.266357421875,
              0.89599609375,
              -0.35498046875,
              0.15033024549484253
            ],
            [
              -0.76123046875,
              0.42138671875,
              0.4931640625,
              -0.4006080627441406
            ]
          ]
        ]
      },
      {
        "psnr": 11.914867401123047,
        "distortion": 0.009266004897654057,
        "rotation_rmse": 30.604278564453125,
        "translation_rmse_100": 27.843460083007812,
        "t_final": [
          [
            [
              0.6181640625,
              0.050262451171875,
              0.78466796875,
              -0.4244009554386139
            ],
            [
              0.385498046875,
              0.8505859375,
              -0.358154296875,
              0.39710238575935364
            ],
            [
              -0.685546875,
              0.5234375,
              0.50634765625,
              -0.38452836871147156
            ]
          ]
        ]
      },
      {
        "psnr": 11.592973709106445,
        "distortion": 0.015605432912707329,
        "rotation_rmse": 19.15945816040039,
        "translation_rmse_100": 22.022233963012695,
        "t_final": [
          [
            [
              0.85986328125,
              -0.052703857421875,
              0.50830078125,
              -0.16104906797409058
            ],
            [
              0.351318359375,
              0.783203125,
              -0.5126953125,
              0.22617468237876892
            ],
            [
              -0.37109375,
              0.619140625,
              0.69189453125,
              -0.5476074814796448
            ]
          ]
        ]
      },
      {
        "psnr": 11.563169479370117,
        "distortion": 0.009324737824499607,
        "rotation_rmse": 27.179861068725586,
        "translation_rmse_100": 23.960758209228516,
        "t_final": [
          [
            [
              0.57177734375,
              0.1390380859375,
              0.80859375,
              -0.36019620299339294
            ],
            [
              0.14404296875,
              0.953125,
              -0.265625,
              -0.05181844159960747
            ],
            [
              -0.8076171875,
              0.2685546875,
              0.52490234375,
              -0.3802449703216553
            ]
          ]
        ]
      },
      {
        "psnr": 11.06801700592041,
        "distortion": 0.010832737199962139,
        "rotation_rmse": 22.547170639038086,
        "translation_rmse_100": 4.360311985015869,
        "t_final": [
          [
            [
              0.7265625,
              0.0577392578125,
              0.68505859375,
              -0.10863789916038513
            ],
            [
              0.271728515625,
              0.89111328125,
              -0.36328125,
              0.10094321519136429
            ],
            [
              -0.63134765625,
              0.449951171875,
              0.6318359375,
              -0.1926434189081192
            ]
          ]
        ]
      }
    ]
  }
}