{
  "table_30_70_even_odd": {
    "best": {
      "psnr": 14.446858406066895,
      "distortion": 0.03345730900764465,
      "rotation_rmse": 0.9284673929214478,
      "translation_rmse_100": 2.34991455078125,
      "t_final": [
        [
          [
            0.61376953125,
            -0.346435546875,
            0.70947265625,
            0.0705987736582756
          ],
          [
            0.40625,
            0.9091796875,
            0.0924072265625,
            -0.20569390058517456
          ],
          [
            -0.67724609375,
            0.231689453125,
            0.6982421875,
            -0.18026889860630035
          ]
        ]
      ]
    },
    "stats_list": [
      {
        "psnr": 9.87686538696289,
        "distortion": 0.07318805903196335,
        "rotation_rmse": 29.615339279174805,
        "translation_rmse_100": 16.753698348999023,
        "t_final": [
          [
            [
              0.869140625,
              -0.371826171875,
              0.32568359375,
              0.17929241061210632
            ],
            [
              0.493896484375,
              0.62744140625,
              -0.60205078125,
              0.07695363461971283
            ],
            [
              0.0193939208984375,
              0.68408203125,
              0.72900390625,
              -0.09891214221715927
            ]
          ]
        ]
      },
      {
        "psnr": 11.730874061584473,
        "distortion": 0.2925153970718384,
        "rotation_rmse": 29.739259719848633,
        "translation_rmse_100": 48.922760009765625,
        "t_final": [
          [
            [
              0.338623046875,
              -0.460205078125,
              0.82080078125,
              0.711103081703186
            ],
            [
              0.833984375,
              0.55078125,
              -0.035186767578125,
              -0.02063414454460144
            ],
            [
              -0.435546875,
              0.6962890625,
              0.5703125,
              0.33512401580810547
            ]
          ]
        ]
      },
      {
        "psnr": 10.616738319396973,
        "distortion": 0.01373024471104145,
        "rotation_rmse": 14.72844409942627,
        "translation_rmse_100": 31.292491912841797,
        "t_final": [
          [
            [
              0.64501953125,
              0.191162109375,
              0.73974609375,
              -0.06859992444515228
            ],
            [
              0.167724609375,
              0.9091796875,
              -0.381103515625,
              0.2829744219779968
            ],
            [
              -0.74560546875,
              0.369873046875,
              0.5546875,
              -0.4419388175010681
            ]
          ]
        ]
      },
      {
        "psnr": 10.894396781921387,
        "distortion": 0.013539278879761696,
        "rotation_rmse": 16.84415626525879,
        "translation_rmse_100": 36.96125793457031,
        "t_final": [
          [
            [
              0.59423828125,
              0.01206207275390625,
              0.80419921875,
              -0.24916306138038635
            ],
            [
              0.411865234375,
              0.85400390625,
              -0.317138671875,
              0.31377163529396057
            ],
            [
              -0.69091796875,
              0.51953125,
              0.50244140625,
              -0.46316879987716675
            ]
          ]
        ]
      },
      {
        "psnr": 11.809395790100098,
        "distortion": 0.009866335429251194,
        "rotation_rmse": 20.901704788208008,
        "translation_rmse_100": 30.483028411865234,
        "t_final": [
          [
            [
              0.4228515625,
              -0.295166015625,
              0.85693359375,
              -0.24174515902996063
            ],
            [
              0.6025390625,
              0.7978515625,
              -0.0224761962890625,
              0.1720120757818222
            ],
            [
              -0.67724609375,
              0.52587890625,
              0.51513671875,
              -0.44714322686195374
            ]
          ]
        ]
      },
      {
        "psnr": 11.021958351135254,
        "distortion": 0.014366623014211655,
        "rotation_rmse": 13.578458786010742,
        "translation_rmse_100": 39.32343292236328,
        "t_final": [
          [
            [
              0.75732421875,
              -0.32568359375,
              0.56591796875,
              -0.08316782116889954
            ],
            [
              0.51904296875,
              0.82666015625,
              -0.21875,
              0.35898494720458984
            ],
            [
              -0.396484375,
              0.45947265625,
              0.794921875,
              -0.5774766206741333
            ]
          ]
        ]
      },
      {
        "psnr": 11.723759651184082,
        "distortion": 0.009748014621436596,
        "rotation_rmse": 12.820792198181152,
        "translation_rmse_100": 29.23857307434082,
        "t_final": [
          [
            [
              0.52685546875,
              -0.365966796875,
              0.76708984375,
              -0.14010541141033173
            ],
            [
              0.56396484375,
              0.82568359375,
              0.00696563720703125,
              0.20145779848098755
            ],
            [
              -0.63623046875,
              0.428955078125,
              0.6416015625,
              -0.4568166732788086
            ]
          ]
        ]
      },
      {
        "psnr": 10.675585746765137,
        "distortion": 0.013367685489356518,
        "rotation_rmse": 16.74298095703125,
        "translation_rmse_100": 25.26719856262207,
        "t_final": [
          [
            [
              0.73779296875,
              0.21826171875,
              0.638671875,
              -0.013221226632595062
            ],
            [
              0.157470703125,
              0.8642578125,
              -0.4775390625,
              0.16208167374134064
            ],
            [
              -0.65625,
              0.452880859375,
              0.603515625,
              -0.44770631194114685
            ]
          ]
        ]
      },
      {
        "psnr": 14.446858406066895,
        "distortion": 0.03345730900764465,
        "rotation_rmse": 0.9284673929214478,
        "translation_rmse_100": 2.34991455078125,
        "t_final": [
          [
            [
              0.61376953125,
              -0.346435546875,
              0.70947265625,
              0.0705987736582756
            ],
            [
              0.40625,
              0.9091796875,
              0.0924072265625,
              -0.20569390058517456
            ],
            [
              -0.67724609375,
              0.231689453125,
              0.6982421875,
              -0.18026889860630035
            ]
          ]
        ]
      },
      {
        "psnr": 10.910300254821777,
        "distortion": 0.07593028992414474,
        "rotation_rmse": 10.661450386047363,
        "translation_rmse_100": 5.23740291595459,
        "t_final": [
          [
            [
              0.603515625,
              -0.1322021484375,
              0.7861328125,
              -0.022279012948274612
            ],
            [
              0.41015625,
              0.8974609375,
              -0.1639404296875,
              -0.13549019396305084
            ],
            [
              -0.68359375,
              0.421630859375,
              0.595703125,
              -0.21406325697898865
            ]
          ]
        ]
      }
    ]
  }
}