Scene Name,Translation RMSE x 100,Rotation RMSE
lion_30_70_even_odd,0.2626776397228241,0.11571013182401657
table_30_70_even_odd,2.34991455078125,0.9284673929214478
