{
  "trex_0_100_even_odd_0_2": {
    "best": {
      "psnr": 21.998701095581055,
      "distortion": 0.024366987869143486,
      "rotation_rmse": 0.009419477544724941,
      "translation_rmse_100": 0.013231690973043442,
      "t_final": [
        [
          [
            0.791015625,
            -0.0791015625,
            0.60693359375,
            -0.247802734375
          ],
          [
            0.356689453125,
            0.865234375,
            -0.35205078125,
            -0.06829833984375
          ],
          [
            -0.497314453125,
            0.494873046875,
            0.71240234375,
            -0.1976318359375
          ]
        ]
      ]
    },
    "stats_list": [
      {
        "psnr": 14.178394317626953,
        "distortion": 0.030570603907108307,
        "rotation_rmse": 2.159289836883545,
        "translation_rmse_100": 4.775412559509277,
        "t_final": [
          [
            [
              0.78955078125,
              -0.04937744140625,
              0.61181640625,
              -0.326416015625
            ],
            [
              0.316162109375,
              0.88671875,
              -0.336669921875,
              -0.0928955078125
            ],
            [
              -0.52587890625,
              0.459228515625,
              0.7158203125,
              -0.1912841796875
            ]
          ]
        ]
      },
      {
        "psnr": 9.98379135131836,
        "distortion": 0.05876465514302254,
        "rotation_rmse": 6.94317102432251,
        "translation_rmse_100": 25.188709259033203,
        "t_final": [
          [
            [
              0.73876953125,
              -0.11614990234375,
              0.6640625,
              -0.5244140625
            ],
            [
              0.473876953125,
              0.7900390625,
              -0.388916015625,
              -0.2398681640625
            ],
            [
              -0.479248046875,
              0.60205078125,
              0.638671875,
              0.09295654296875
            ]
          ]
        ]
      },
      {
        "psnr": 11.801972389221191,
        "distortion": 0.023836815729737282,
        "rotation_rmse": 11.287665367126465,
        "translation_rmse_100": 21.148168563842773,
        "t_final": [
          [
            [
              0.61474609375,
              -0.386962890625,
              0.68701171875,
              -0.54638671875
            ],
            [
              0.57958984375,
              0.8125,
              -0.061065673828125,
              -0.2802734375
            ],
            [
              -0.53466796875,
              0.435791015625,
              0.72412109375,
              -0.202392578125
            ]
          ]
        ]
      },
      {
        "psnr": 21.998701095581055,
        "distortion": 0.024366987869143486,
        "rotation_rmse": 0.009419477544724941,
        "translation_rmse_100": 0.013231690973043442,
        "t_final": [
          [
            [
              0.791015625,
              -0.0791015625,
              0.60693359375,
              -0.247802734375
            ],
            [
              0.356689453125,
              0.865234375,
              -0.35205078125,
              -0.06829833984375
            ],
            [
              -0.497314453125,
              0.494873046875,
              0.71240234375,
              -0.1976318359375
            ]
          ]
        ]
      },
      {
        "psnr": 10.820698738098145,
        "distortion": 0.046967003494501114,
        "rotation_rmse": 18.082630157470703,
        "translation_rmse_100": 17.18326187133789,
        "t_final": [
          [
            [
              0.95263671875,
              -0.042938232421875,
              0.301513671875,
              -0.0966796875
            ],
            [
              0.1043701171875,
              0.97607421875,
              -0.1905517578125,
              -0.2373046875
            ],
            [
              -0.2861328125,
              0.2130126953125,
              0.93408203125,
              -0.390380859375
            ]
          ]
        ]
      },
      {
        "psnr": 21.715618133544922,
        "distortion": 0.030399277806282043,
        "rotation_rmse": 0.018181966617703438,
        "translation_rmse_100": 0.00911677721887827,
        "t_final": [
          [
            [
              0.791015625,
              -0.07861328125,
              0.60693359375,
              -0.24755859375
            ],
            [
              0.3564453125,
              0.86572265625,
              -0.35205078125,
              -0.0682373046875
            ],
            [
              -0.49755859375,
              0.49462890625,
              0.71240234375,
              -0.1973876953125
            ]
          ]
        ]
      },
      {
        "psnr": 12.848408699035645,
        "distortion": 0.019242897629737854,
        "rotation_rmse": 2.04933762550354,
        "translation_rmse_100": 5.697983741760254,
        "t_final": [
          [
            [
              0.81494140625,
              -0.0257415771484375,
              0.57861328125,
              -0.339599609375
            ],
            [
              0.3095703125,
              0.86376953125,
              -0.3974609375,
              -0.10125732421875
            ],
            [
              -0.48974609375,
              0.5029296875,
              0.7119140625,
              -0.2117919921875
            ]
          ]
        ]
      },
      {
        "psnr": 12.178970336914062,
        "distortion": 0.04314739629626274,
        "rotation_rmse": 8.145777702331543,
        "translation_rmse_100": 13.75731372833252,
        "t_final": [
          [
            [
              0.87646484375,
              0.1217041015625,
              0.466064453125,
              -0.4853515625
            ],
            [
              0.166015625,
              0.83203125,
              -0.529296875,
              -0.051605224609375
            ],
            [
              -0.4521484375,
              0.541015625,
              0.708984375,
              -0.1942138671875
            ]
          ]
        ]
      },
      {
        "psnr": 20.439098358154297,
        "distortion": 0.03362436965107918,
        "rotation_rmse": 0.02726251445710659,
        "translation_rmse_100": 0.01808011531829834,
        "t_final": [
          [
            [
              0.79052734375,
              -0.07830810546875,
              0.607421875,
              -0.2479248046875
            ],
            [
              0.3564453125,
              0.865234375,
              -0.3525390625,
              -0.06829833984375
            ],
            [
              -0.497802734375,
              0.495361328125,
              0.7119140625,
              -0.1976318359375
            ]
          ]
        ]
      },
      {
        "psnr": 20.1414794921875,
        "distortion": 0.02258722484111786,
        "rotation_rmse": 0.034281764179468155,
        "translation_rmse_100": 0.06620487570762634,
        "t_final": [
          [
            [
              0.79052734375,
              -0.07861328125,
              0.60791015625,
              -0.24658203125
            ],
            [
              0.35693359375,
              0.865234375,
              -0.352294921875,
              -0.0679931640625
            ],
            [
              -0.498046875,
              0.4951171875,
              0.7119140625,
              -0.197509765625
            ]
          ]
        ]
      }
    ]
  }
}