{
  "trex_0_100_even_odd_0_01": {
    "best": {
      "psnr": 29.581289291381836,
      "distortion": 0.012089300900697708,
      "rotation_rmse": 0.009850717149674892,
      "translation_rmse_100": 0.009419028647243977,
      "t_final": [
        [
          [
            0.79052734375,
            -0.07855224609375,
            0.60693359375,
            -0.247802734375
          ],
          [
            0.3564453125,
            0.865234375,
            -0.352294921875,
            -0.0682373046875
          ],
          [
            -0.497802734375,
            0.494873046875,
            0.71240234375,
            -0.1973876953125
          ]
        ]
      ]
    },
    "stats_list": [
      {
        "psnr": 28.912311553955078,
        "distortion": 0.015168358571827412,
        "rotation_rmse": 0.009684131480753422,
        "translation_rmse_100": 0.0191812627017498,
        "t_final": [
          [
            [
              0.79052734375,
              -0.0789794921875,
              0.607421875,
              -0.2479248046875
            ],
            [
              0.356689453125,
              0.865234375,
              -0.35205078125,
              -0.068115234375
            ],
            [
              -0.49755859375,
              0.494873046875,
              0.71240234375,
              -0.197509765625
            ]
          ]
        ]
      },
      {
        "psnr": 29.581289291381836,
        "distortion": 0.012089300900697708,
        "rotation_rmse": 0.009850717149674892,
        "translation_rmse_100": 0.009419028647243977,
        "t_final": [
          [
            [
              0.79052734375,
              -0.07855224609375,
              0.60693359375,
              -0.247802734375
            ],
            [
              0.3564453125,
              0.865234375,
              -0.352294921875,
              -0.0682373046875
            ],
            [
              -0.497802734375,
              0.494873046875,
              0.71240234375,
              -0.1973876953125
            ]
          ]
        ]
      },
      {
        "psnr": 11.691971778869629,
        "distortion": 0.21316608786582947,
        "rotation_rmse": 15.48630428314209,
        "translation_rmse_100": 73.30524444580078,
        "t_final": [
          [
            [
              0.97119140625,
              -0.0784912109375,
              0.2249755859375,
              1.005859375
            ],
            [
              0.205810546875,
              0.75244140625,
              -0.6259765625,
              0.0037479400634765625
            ],
            [
              -0.1201171875,
              0.654296875,
              0.74658203125,
              -0.385986328125
            ]
          ]
        ]
      },
      {
        "psnr": 11.359073638916016,
        "distortion": 0.16763192415237427,
        "rotation_rmse": 19.10102653503418,
        "translation_rmse_100": 59.30154800415039,
        "t_final": [
          [
            [
              0.951171875,
              -0.2030029296875,
              0.2330322265625,
              0.759765625
            ],
            [
              0.30908203125,
              0.63525390625,
              -0.7080078125,
              -0.23974609375
            ],
            [
              -0.00428009033203125,
              0.7451171875,
              0.6669921875,
              -0.0941162109375
            ]
          ]
        ]
      },
      {
        "psnr": 11.553388595581055,
        "distortion": 0.015179621055722237,
        "rotation_rmse": 14.794146537780762,
        "translation_rmse_100": 18.165281295776367,
        "t_final": [
          [
            [
              0.8427734375,
              -0.2427978515625,
              0.48046875,
              -0.0848388671875
            ],
            [
              0.28662109375,
              0.9580078125,
              -0.0184326171875,
              -0.31396484375
            ],
            [
              -0.455810546875,
              0.153076171875,
              0.876953125,
              -0.3076171875
            ]
          ]
        ]
      },
      {
        "psnr": 26.790348052978516,
        "distortion": 0.01320827379822731,
        "rotation_rmse": 0.004495768342167139,
        "translation_rmse_100": 0.0036853391211479902,
        "t_final": [
          [
            [
              0.79052734375,
              -0.078857421875,
              0.60693359375,
              -0.2476806640625
            ],
            [
              0.356689453125,
              0.86572265625,
              -0.35205078125,
              -0.068359375
            ],
            [
              -0.49755859375,
              0.494873046875,
              0.71240234375,
              -0.1973876953125
            ]
          ]
        ]
      },
      {
        "psnr": 27.122100830078125,
        "distortion": 0.011567259207367897,
        "rotation_rmse": 0.00928938016295433,
        "translation_rmse_100": 0.01238234806805849,
        "t_final": [
          [
            [
              0.79052734375,
              -0.0789794921875,
              0.60693359375,
              -0.24755859375
            ],
            [
              0.356689453125,
              0.865234375,
              -0.35205078125,
              -0.06829833984375
            ],
            [
              -0.49755859375,
              0.4951171875,
              0.71240234375,
              -0.197265625
            ]
          ]
        ]
      },
      {
        "psnr": 11.253312110900879,
        "distortion": 0.01788678765296936,
        "rotation_rmse": 10.868136405944824,
        "translation_rmse_100": 10.289078712463379,
        "t_final": [
          [
            [
              0.9091796875,
              0.1539306640625,
              0.387451171875,
              -0.423095703125
            ],
            [
              0.10821533203125,
              0.810546875,
              -0.576171875,
              -0.041748046875
            ],
            [
              -0.402587890625,
              0.5654296875,
              0.7197265625,
              -0.1806640625
            ]
          ]
        ]
      },
      {
        "psnr": 23.85449981689453,
        "distortion": 0.019129568710923195,
        "rotation_rmse": 0.014252801425755024,
        "translation_rmse_100": 0.08501648902893066,
        "t_final": [
          [
            [
              0.79052734375,
              -0.07867431640625,
              0.607421875,
              -0.2491455078125
            ],
            [
              0.356689453125,
              0.865234375,
              -0.352294921875,
              -0.0682373046875
            ],
            [
              -0.49755859375,
              0.4951171875,
              0.71240234375,
              -0.197509765625
            ]
          ]
        ]
      },
      {
        "psnr": 12.698241233825684,
        "distortion": 0.026142602786421776,
        "rotation_rmse": 12.522013664245605,
        "translation_rmse_100": 5.7226715087890625,
        "t_final": [
          [
            [
              0.71728515625,
              -0.484619140625,
              0.5009765625,
              -0.186767578125
            ],
            [
              0.6083984375,
              0.7861328125,
              -0.11041259765625,
              -0.1412353515625
            ],
            [
              -0.340087890625,
              0.3837890625,
              0.8583984375,
              -0.2257080078125
            ]
          ]
        ]
      }
    ]
  }
}