{
  "trex_30_70_even_odd_0_1": {
    "best": {
      "psnr": 24.003427505493164,
      "distortion": 0.016538580879569054,
      "rotation_rmse": 0.009964327327907085,
      "translation_rmse_100": 0.02169240266084671,
      "t_final": [
        [
          [
            0.79052734375,
            -0.0789794921875,
            0.60693359375,
            -0.2479248046875
          ],
          [
            0.356689453125,
            0.86572265625,
            -0.351806640625,
            -0.068603515625
          ],
          [
            -0.49755859375,
            0.49462890625,
            0.71240234375,
            -0.1973876953125
          ]
        ]
      ]
    },
    "stats_list": [
      {
        "psnr": 9.796609878540039,
        "distortion": 0.025554215535521507,
        "rotation_rmse": 4.633986473083496,
        "translation_rmse_100": 14.768381118774414,
        "t_final": [
          [
            [
              0.830078125,
              -0.039642333984375,
              0.5556640625,
              -0.33984375
            ],
            [
              0.270751953125,
              0.900390625,
              -0.340576171875,
              -0.294921875
            ],
            [
              -0.487060546875,
              0.433349609375,
              0.75830078125,
              -0.272216796875
            ]
          ]
        ]
      },
      {
        "psnr": 24.003427505493164,
        "distortion": 0.016538580879569054,
        "rotation_rmse": 0.009964327327907085,
        "translation_rmse_100": 0.02169240266084671,
        "t_final": [
          [
            [
              0.79052734375,
              -0.0789794921875,
              0.60693359375,
              -0.2479248046875
            ],
            [
              0.356689453125,
              0.86572265625,
              -0.351806640625,
              -0.068603515625
            ],
            [
              -0.49755859375,
              0.49462890625,
              0.71240234375,
              -0.1973876953125
            ]
          ]
        ]
      },
      {
        "psnr": 22.29295539855957,
        "distortion": 0.023505860939621925,
        "rotation_rmse": 0.022136082872748375,
        "translation_rmse_100": 0.01998063176870346,
        "t_final": [
          [
            [
              0.79052734375,
              -0.0787353515625,
              0.607421875,
              -0.2479248046875
            ],
            [
              0.356689453125,
              0.865234375,
              -0.352294921875,
              -0.06817626953125
            ],
            [
              -0.497802734375,
              0.4951171875,
              0.7119140625,
              -0.1976318359375
            ]
          ]
        ]
      },
      {
        "psnr": 10.334734916687012,
        "distortion": 0.03522356599569321,
        "rotation_rmse": 17.423179626464844,
        "translation_rmse_100": 24.5557861328125,
        "t_final": [
          [
            [
              0.83447265625,
              -0.37060546875,
              0.4072265625,
              0.1077880859375
            ],
            [
              0.548828125,
              0.619140625,
              -0.5615234375,
              -0.07415771484375
            ],
            [
              -0.044097900390625,
              0.6923828125,
              0.72021484375,
              -0.430908203125
            ]
          ]
        ]
      },
      {
        "psnr": 10.069783210754395,
        "distortion": 0.07891158014535904,
        "rotation_rmse": 8.42374324798584,
        "translation_rmse_100": 31.357707977294922,
        "t_final": [
          [
            [
              0.66455078125,
              -0.312255859375,
              0.6787109375,
              0.12237548828125
            ],
            [
              0.494140625,
              0.865234375,
              -0.0858154296875,
              0.2249755859375
            ],
            [
              -0.560546875,
              0.392578125,
              0.72900390625,
              -0.4658203125
            ]
          ]
        ]
      },
      {
        "psnr": 10.237761497497559,
        "distortion": 0.03346635028719902,
        "rotation_rmse": 16.438440322875977,
        "translation_rmse_100": 19.80169105529785,
        "t_final": [
          [
            [
              0.79541015625,
              0.042816162109375,
              0.6044921875,
              -0.48681640625
            ],
            [
              0.0843505859375,
              0.97998046875,
              -0.180419921875,
              -0.1353759765625
            ],
            [
              -0.60009765625,
              0.1944580078125,
              0.77587890625,
              0.039093017578125
            ]
          ]
        ]
      },
      {
        "psnr": 20.1340389251709,
        "distortion": 0.01963884010910988,
        "rotation_rmse": 0.016813961789011955,
        "translation_rmse_100": 0.011121655814349651,
        "t_final": [
          [
            [
              0.791015625,
              -0.078369140625,
              0.60693359375,
              -0.2476806640625
            ],
            [
              0.3564453125,
              0.86572265625,
              -0.352294921875,
              -0.068359375
            ],
            [
              -0.49755859375,
              0.4951171875,
              0.71240234375,
              -0.1976318359375
            ]
          ]
        ]
      },
      {
        "psnr": 13.849736213684082,
        "distortion": 0.027914907783269882,
        "rotation_rmse": 0.2691533863544464,
        "translation_rmse_100": 4.696840286254883,
        "t_final": [
          [
            [
              0.791015625,
              -0.08544921875,
              0.60595703125,
              -0.17333984375
            ],
            [
              0.362548828125,
              0.86328125,
              -0.351318359375,
              -0.037994384765625
            ],
            [
              -0.4931640625,
              0.49755859375,
              0.7138671875,
              -0.184326171875
            ]
          ]
        ]
      },
      {
        "psnr": 22.107954025268555,
        "distortion": 0.022925611585378647,
        "rotation_rmse": 0.012068450450897217,
        "translation_rmse_100": 0.011945188976824284,
        "t_final": [
          [
            [
              0.79052734375,
              -0.0792236328125,
              0.60693359375,
              -0.247802734375
            ],
            [
              0.35693359375,
              0.865234375,
              -0.351806640625,
              -0.06817626953125
            ],
            [
              -0.49755859375,
              0.494873046875,
              0.71240234375,
              -0.197509765625
            ]
          ]
        ]
      },
      {
        "psnr": 10.917418479919434,
        "distortion": 0.03896138444542885,
        "rotation_rmse": 13.369112968444824,
        "translation_rmse_100": 7.306187629699707,
        "t_final": [
          [
            [
              0.677734375,
              -0.08197021484375,
              0.73095703125,
              -0.12841796875
            ],
            [
              0.2176513671875,
              0.9716796875,
              -0.09283447265625,
              -0.09844970703125
            ],
            [
              -0.7021484375,
              0.2220458984375,
              0.67626953125,
              -0.2271728515625
            ]
          ]
        ]
      }
    ]
  }
}