{
  "trex_30_70_even_odd_0_05": {
    "best": {
      "psnr": 26.56147575378418,
      "distortion": 0.013869436457753181,
      "rotation_rmse": 0.014675233513116837,
      "translation_rmse_100": 0.014524471946060658,
      "t_final": [
        [
          [
            0.791015625,
            -0.07891845703125,
            0.60693359375,
            -0.2474365234375
          ],
          [
            0.356689453125,
            0.86572265625,
            -0.351806640625,
            -0.06829833984375
          ],
          [
            -0.49755859375,
            0.49462890625,
            0.71240234375,
            -0.197509765625
          ]
        ]
      ]
    },
    "stats_list": [
      {
        "psnr": 10.881865501403809,
        "distortion": 0.0922403484582901,
        "rotation_rmse": 29.27971649169922,
        "translation_rmse_100": 36.74618911743164,
        "t_final": [
          [
            [
              0.9765625,
              -0.12115478515625,
              -0.1776123046875,
              0.171142578125
            ],
            [
              0.0751953125,
              0.96630859375,
              -0.245849609375,
              -0.381103515625
            ],
            [
              0.201416015625,
              0.226806640625,
              0.953125,
              -0.560546875
            ]
          ]
        ]
      },
      {
        "psnr": 9.27797794342041,
        "distortion": 0.09727614372968674,
        "rotation_rmse": 2.3249573707580566,
        "translation_rmse_100": 21.53451919555664,
        "t_final": [
          [
            [
              0.80517578125,
              -0.0224456787109375,
              0.59228515625,
              -0.39208984375
            ],
            [
              0.336669921875,
              0.83984375,
              -0.426025390625,
              -0.254638671875
            ],
            [
              -0.48779296875,
              0.54248046875,
              0.68359375,
              0.09161376953125
            ]
          ]
        ]
      },
      {
        "psnr": 11.764949798583984,
        "distortion": 0.021253377199172974,
        "rotation_rmse": 8.609514236450195,
        "translation_rmse_100": 5.089136123657227,
        "t_final": [
          [
            [
              0.890625,
              0.004360198974609375,
              0.454833984375,
              -0.19140625
            ],
            [
              0.1915283203125,
              0.9033203125,
              -0.383544921875,
              -0.1260986328125
            ],
            [
              -0.41259765625,
              0.4287109375,
              0.8037109375,
              -0.161865234375
            ]
          ]
        ]
      },
      {
        "psnr": 11.839805603027344,
        "distortion": 0.1044590175151825,
        "rotation_rmse": 22.678668975830078,
        "translation_rmse_100": 21.235387802124023,
        "t_final": [
          [
            [
              0.96484375,
              -0.2587890625,
              0.047454833984375,
              -0.04962158203125
            ],
            [
              0.2276611328125,
              0.7314453125,
              -0.64306640625,
              -0.299560546875
            ],
            [
              0.1317138671875,
              0.63134765625,
              0.7646484375,
              -0.40380859375
            ]
          ]
        ]
      },
      {
        "psnr": 26.065814971923828,
        "distortion": 0.01852581463754177,
        "rotation_rmse": 0.009150682017207146,
        "translation_rmse_100": 0.016670670360326767,
        "t_final": [
          [
            [
              0.79052734375,
              -0.07879638671875,
              0.60693359375,
              -0.2474365234375
            ],
            [
              0.3564453125,
              0.86572265625,
              -0.35205078125,
              -0.06817626953125
            ],
            [
              -0.497802734375,
              0.49462890625,
              0.71240234375,
              -0.1973876953125
            ]
          ]
        ]
      },
      {
        "psnr": 10.114593505859375,
        "distortion": 0.06933993846178055,
        "rotation_rmse": 28.922748565673828,
        "translation_rmse_100": 19.571956634521484,
        "t_final": [
          [
            [
              0.716796875,
              0.27587890625,
              0.640625,
              -0.329345703125
            ],
            [
              -0.1685791015625,
              0.9599609375,
              -0.224609375,
              -0.1361083984375
            ],
            [
              -0.6767578125,
              0.053070068359375,
              0.734375,
              0.12451171875
            ]
          ]
        ]
      },
      {
        "psnr": 26.56147575378418,
        "distortion": 0.013869436457753181,
        "rotation_rmse": 0.014675233513116837,
        "translation_rmse_100": 0.014524471946060658,
        "t_final": [
          [
            [
              0.791015625,
              -0.07891845703125,
              0.60693359375,
              -0.2474365234375
            ],
            [
              0.356689453125,
              0.86572265625,
              -0.351806640625,
              -0.06829833984375
            ],
            [
              -0.49755859375,
              0.49462890625,
              0.71240234375,
              -0.197509765625
            ]
          ]
        ]
      },
      {
        "psnr": 10.591826438903809,
        "distortion": 0.026747098192572594,
        "rotation_rmse": 18.112579345703125,
        "translation_rmse_100": 21.365488052368164,
        "t_final": [
          [
            [
              0.9033203125,
              0.061370849609375,
              0.4248046875,
              0.10400390625
            ],
            [
              0.032867431640625,
              0.97705078125,
              -0.2109375,
              0.046722412109375
            ],
            [
              -0.427978515625,
              0.2044677734375,
              0.88037109375,
              -0.1920166015625
            ]
          ]
        ]
      },
      {
        "psnr": 23.58891487121582,
        "distortion": 0.019928181543946266,
        "rotation_rmse": 0.013054326176643372,
        "translation_rmse_100": 0.008127330802381039,
        "t_final": [
          [
            [
              0.79052734375,
              -0.0789794921875,
              0.607421875,
              -0.247802734375
            ],
            [
              0.35693359375,
              0.865234375,
              -0.35205078125,
              -0.068359375
            ],
            [
              -0.49755859375,
              0.494873046875,
              0.71240234375,
              -0.1973876953125
            ]
          ]
        ]
      },
      {
        "psnr": 13.416605949401855,
        "distortion": 0.021840672940015793,
        "rotation_rmse": 1.8080427646636963,
        "translation_rmse_100": 2.4329686164855957,
        "t_final": [
          [
            [
              0.81689453125,
              -0.04193115234375,
              0.57568359375,
              -0.272705078125
            ],
            [
              0.3193359375,
              0.86376953125,
              -0.39013671875,
              -0.10186767578125
            ],
            [
              -0.480712890625,
              0.50244140625,
              0.71875,
              -0.1925048828125
            ]
          ]
        ]
      }
    ]
  }
}