{
  "fern_50_50": {
    "best": {
      "psnr": 22.80773162841797,
      "distortion": 0.02037813514471054,
      "rotation_rmse": 0.020549355074763298,
      "translation_rmse_100": 0.044531844556331635,
      "t_final": [
        [
          [
            0.91357421875,
            0.1802978515625,
            0.364990234375,
            -0.35498046875
          ],
          [
            0.10699462890625,
            0.7587890625,
            -0.642578125,
            0.33056640625
          ],
          [
            -0.392822265625,
            0.6259765625,
            0.67333984375,
            0.07440185546875
          ]
        ]
      ]
    },
    "stats_list": [
      {
        "psnr": 11.133417129516602,
        "distortion": 0.043680232018232346,
        "rotation_rmse": 17.693971633911133,
        "translation_rmse_100": 55.70820617675781,
        "t_final": [
          [
            [
              0.86279296875,
              -0.273193359375,
              0.42578125,
              0.25830078125
            ],
            [
              0.35986328125,
              0.9228515625,
              -0.1368408203125,
              -0.414794921875
            ],
            [
              -0.355712890625,
              0.271240234375,
              0.89453125,
              0.0872802734375
            ]
          ]
        ]
      },
      {
        "psnr": 19.980194091796875,
        "distortion": 0.016853196546435356,
        "rotation_rmse": 0.04644530639052391,
        "translation_rmse_100": 0.0429137758910656,
        "t_final": [
          [
            [
              0.9130859375,
              0.181396484375,
              0.364501953125,
              -0.3544921875
            ],
            [
              0.1058349609375,
              0.7587890625,
              -0.64306640625,
              0.331298828125
            ],
            [
              -0.39306640625,
              0.6259765625,
              0.673828125,
              0.07415771484375
            ]
          ]
        ]
      },
      {
        "psnr": 21.972549438476562,
        "distortion": 0.01858171634376049,
        "rotation_rmse": 0.03079235926270485,
        "translation_rmse_100": 0.05049756169319153,
        "t_final": [
          [
            [
              0.9130859375,
              0.1807861328125,
              0.36474609375,
              -0.35498046875
            ],
            [
              0.1064453125,
              0.7587890625,
              -0.642578125,
              0.3310546875
            ],
            [
              -0.39306640625,
              0.6259765625,
              0.673828125,
              0.07427978515625
            ]
          ]
        ]
      },
      {
        "psnr": 22.80773162841797,
        "distortion": 0.02037813514471054,
        "rotation_rmse": 0.020549355074763298,
        "translation_rmse_100": 0.044531844556331635,
        "t_final": [
          [
            [
              0.91357421875,
              0.1802978515625,
              0.364990234375,
              -0.35498046875
            ],
            [
              0.10699462890625,
              0.7587890625,
              -0.642578125,
              0.33056640625
            ],
            [
              -0.392822265625,
              0.6259765625,
              0.67333984375,
              0.07440185546875
            ]
          ]
        ]
      },
      {
        "psnr": 11.333719253540039,
        "distortion": 0.04165036231279373,
        "rotation_rmse": 20.19243049621582,
        "translation_rmse_100": 58.15612030029297,
        "t_final": [
          [
            [
              0.91015625,
              -0.1917724609375,
              0.3671875,
              0.271240234375
            ],
            [
              0.2314453125,
              0.970703125,
              -0.06671142578125,
              -0.379638671875
            ],
            [
              -0.343505859375,
              0.145751953125,
              0.927734375,
              -0.2705078125
            ]
          ]
        ]
      },
      {
        "psnr": 21.104656219482422,
        "distortion": 0.017212172970175743,
        "rotation_rmse": 0.03218719735741615,
        "translation_rmse_100": 0.041245490312576294,
        "t_final": [
          [
            [
              0.91357421875,
              0.1806640625,
              0.3642578125,
              -0.354248046875
            ],
            [
              0.10650634765625,
              0.75830078125,
              -0.64306640625,
              0.3310546875
            ],
            [
              -0.392578125,
              0.6259765625,
              0.673828125,
              0.07379150390625
            ]
          ]
        ]
      },
      {
        "psnr": 20.89800262451172,
        "distortion": 0.016934175044298172,
        "rotation_rmse": 0.0444888211786747,
        "translation_rmse_100": 0.02318243309855461,
        "t_final": [
          [
            [
              0.91357421875,
              0.1806640625,
              0.364501953125,
              -0.354248046875
            ],
            [
              0.107177734375,
              0.7578125,
              -0.64404296875,
              0.33056640625
            ],
            [
              -0.392578125,
              0.62744140625,
              0.6728515625,
              0.07476806640625
            ]
          ]
        ]
      },
      {
        "psnr": 12.904510498046875,
        "distortion": 0.06216452270746231,
        "rotation_rmse": 26.300966262817383,
        "translation_rmse_100": 24.380727767944336,
        "t_final": [
          [
            [
              0.517578125,
              -0.3935546875,
              0.759765625,
              -0.541015625
            ],
            [
              0.58740234375,
              0.80908203125,
              0.0189971923828125,
              -0.0462646484375
            ],
            [
              -0.6220703125,
              0.436279296875,
              0.64990234375,
              0.11138916015625
            ]
          ]
        ]
      },
      {
        "psnr": 20.476360321044922,
        "distortion": 0.017701152712106705,
        "rotation_rmse": 0.04342992976307869,
        "translation_rmse_100": 0.04388945549726486,
        "t_final": [
          [
            [
              0.9130859375,
              0.181640625,
              0.365234375,
              -0.3544921875
            ],
            [
              0.10614013671875,
              0.7587890625,
              -0.64306640625,
              0.331298828125
            ],
            [
              -0.393798828125,
              0.6259765625,
              0.67333984375,
              0.07464599609375
            ]
          ]
        ]
      },
      {
        "psnr": 12.89244556427002,
        "distortion": 0.034460656344890594,
        "rotation_rmse": 19.534595489501953,
        "translation_rmse_100": 26.866918563842773,
        "t_final": [
          [
            [
              0.66455078125,
              -0.2452392578125,
              0.7060546875,
              -0.52587890625
            ],
            [
              0.54736328125,
              0.80322265625,
              -0.2362060546875,
              -0.1014404296875
            ],
            [
              -0.5087890625,
              0.54345703125,
              0.66796875,
              0.09393310546875
            ]
          ]
        ]
      }
    ]
  }
}