{
  "trex_50_50": {
    "best": {
      "psnr": 24.17354965209961,
      "distortion": 0.022429604083299637,
      "rotation_rmse": 0.018163276836276054,
      "translation_rmse_100": 0.03521723672747612,
      "t_final": [
        [
          [
            0.79052734375,
            -0.07916259765625,
            0.607421875,
            -0.2470703125
          ],
          [
            0.356689453125,
            0.86572265625,
            -0.3515625,
            -0.06829833984375
          ],
          [
            -0.497802734375,
            0.494384765625,
            0.71240234375,
            -0.1973876953125
          ]
        ]
      ]
    },
    "stats_list": [
      {
        "psnr": 9.703463554382324,
        "distortion": 0.035773035138845444,
        "rotation_rmse": 12.32841682434082,
        "translation_rmse_100": 24.559598922729492,
        "t_final": [
          [
            [
              0.8251953125,
              -0.34423828125,
              0.447265625,
              0.03826904296875
            ],
            [
              0.53466796875,
              0.73095703125,
              -0.424072265625,
              -0.2049560546875
            ],
            [
              -0.1810302734375,
              0.58935546875,
              0.78759765625,
              -0.481201171875
            ]
          ]
        ]
      },
      {
        "psnr": 9.39578628540039,
        "distortion": 0.04105869308114052,
        "rotation_rmse": 25.857210159301758,
        "translation_rmse_100": 31.251256942749023,
        "t_final": [
          [
            [
              0.81591796875,
              0.335205078125,
              0.471435546875,
              -0.60302734375
            ],
            [
              0.358642578125,
              0.3466796875,
              -0.86669921875,
              0.0228424072265625
            ],
            [
              -0.453857421875,
              0.8759765625,
              0.1624755859375,
              0.2005615234375
            ]
          ]
        ]
      },
      {
        "psnr": 11.410490036010742,
        "distortion": 0.20835965871810913,
        "rotation_rmse": 20.771677017211914,
        "translation_rmse_100": 78.64453887939453,
        "t_final": [
          [
            [
              0.9443359375,
              -0.21484375,
              0.249755859375,
              1.076171875
            ],
            [
              0.328857421875,
              0.57080078125,
              -0.75244140625,
              -0.057708740234375
            ],
            [
              0.0191802978515625,
              0.79248046875,
              0.609375,
              -0.51806640625
            ]
          ]
        ]
      },
      {
        "psnr": 11.454219818115234,
        "distortion": 0.019275525584816933,
        "rotation_rmse": 18.599733352661133,
        "translation_rmse_100": 13.137441635131836,
        "t_final": [
          [
            [
              0.671875,
              -0.482421875,
              0.56201171875,
              -0.3271484375
            ],
            [
              0.72607421875,
              0.57763671875,
              -0.372802734375,
              -0.25732421875
            ],
            [
              -0.1446533203125,
              0.65869140625,
              0.73828125,
              -0.296142578125
            ]
          ]
        ]
      },
      {
        "psnr": 11.352385520935059,
        "distortion": 0.09131607413291931,
        "rotation_rmse": 9.669623374938965,
        "translation_rmse_100": 15.61251449584961,
        "t_final": [
          [
            [
              0.8857421875,
              -0.1837158203125,
              0.426513671875,
              -0.321533203125
            ],
            [
              0.39990234375,
              0.7685546875,
              -0.499267578125,
              0.145263671875
            ],
            [
              -0.236083984375,
              0.61279296875,
              0.75439453125,
              -0.0489501953125
            ]
          ]
        ]
      },
      {
        "psnr": 10.197389602661133,
        "distortion": 0.011264125816524029,
        "rotation_rmse": 16.83504295349121,
        "translation_rmse_100": 16.696882247924805,
        "t_final": [
          [
            [
              0.7568359375,
              0.06396484375,
              0.650390625,
              -0.45068359375
            ],
            [
              0.07879638671875,
              0.97900390625,
              -0.1881103515625,
              -0.04327392578125
            ],
            [
              -0.6484375,
              0.193603515625,
              0.736328125,
              0.006999969482421875
            ]
          ]
        ]
      },
      {
        "psnr": 20.874935150146484,
        "distortion": 0.012144621461629868,
        "rotation_rmse": 0.01616612635552883,
        "translation_rmse_100": 0.015613679774105549,
        "t_final": [
          [
            [
              0.79052734375,
              -0.07940673828125,
              0.607421875,
              -0.2479248046875
            ],
            [
              0.35693359375,
              0.86572265625,
              -0.3515625,
              -0.06842041015625
            ],
            [
              -0.49755859375,
              0.49462890625,
              0.71240234375,
              -0.1973876953125
            ]
          ]
        ]
      },
      {
        "psnr": 16.908750534057617,
        "distortion": 0.015685610473155975,
        "rotation_rmse": 0.9483180046081543,
        "translation_rmse_100": 0.9877221584320068,
        "t_final": [
          [
            [
              0.78466796875,
              -0.10546875,
              0.61083984375,
              -0.254638671875
            ],
            [
              0.3798828125,
              0.8603515625,
              -0.339599609375,
              -0.05401611328125
            ],
            [
              -0.489501953125,
              0.49853515625,
              0.71533203125,
              -0.191162109375
            ]
          ]
        ]
      },
      {
        "psnr": 24.17354965209961,
        "distortion": 0.022429604083299637,
        "rotation_rmse": 0.018163276836276054,
        "translation_rmse_100": 0.03521723672747612,
        "t_final": [
          [
            [
              0.79052734375,
              -0.07916259765625,
              0.607421875,
              -0.2470703125
            ],
            [
              0.356689453125,
              0.86572265625,
              -0.3515625,
              -0.06829833984375
            ],
            [
              -0.497802734375,
              0.494384765625,
              0.71240234375,
              -0.1973876953125
            ]
          ]
        ]
      },
      {
        "psnr": 11.929109573364258,
        "distortion": 0.01890329085290432,
        "rotation_rmse": 8.458614349365234,
        "translation_rmse_100": 15.891139030456543,
        "t_final": [
          [
            [
              0.8623046875,
              -0.2470703125,
              0.441650390625,
              -0.00022149085998535156
            ],
            [
              0.388427734375,
              0.8828125,
              -0.264892578125,
              -0.18505859375
            ],
            [
              -0.32421875,
              0.400146484375,
              0.857421875,
              -0.16748046875
            ]
          ]
        ]
      }
    ]
  }
}