{
  "trex_50_50_0_05": {
    "best": {
      "psnr": 23.24420928955078,
      "distortion": 0.018782760947942734,
      "rotation_rmse": 0.014440198428928852,
      "translation_rmse_100": 0.006285087205469608,
      "t_final": [
        [
          [
            0.791015625,
            -0.07855224609375,
            0.60693359375,
            -0.2476806640625
          ],
          [
            0.3564453125,
            0.86572265625,
            -0.352294921875,
            -0.06842041015625
          ],
          [
            -0.49755859375,
            0.494873046875,
            0.71240234375,
            -0.1973876953125
          ]
        ]
      ]
    },
    "stats_list": [
      {
        "psnr": 22.996700286865234,
        "distortion": 0.02198719047009945,
        "rotation_rmse": 0.02826964668929577,
        "translation_rmse_100": 0.022129353135824203,
        "t_final": [
          [
            [
              0.79052734375,
              -0.0784912109375,
              0.607421875,
              -0.2476806640625
            ],
            [
              0.356689453125,
              0.865234375,
              -0.3525390625,
              -0.0679931640625
            ],
            [
              -0.497802734375,
              0.495361328125,
              0.7119140625,
              -0.1976318359375
            ]
          ]
        ]
      },
      {
        "psnr": 9.152488708496094,
        "distortion": 0.03383821249008179,
        "rotation_rmse": 12.151190757751465,
        "translation_rmse_100": 31.224403381347656,
        "t_final": [
          [
            [
              0.76611328125,
              -0.062347412109375,
              0.6396484375,
              -0.58935546875
            ],
            [
              0.2012939453125,
              0.96826171875,
              -0.1466064453125,
              -0.416015625
            ],
            [
              -0.6103515625,
              0.2410888671875,
              0.75439453125,
              0.036773681640625
            ]
          ]
        ]
      },
      {
        "psnr": 11.255516052246094,
        "distortion": 0.16463562846183777,
        "rotation_rmse": 24.4647216796875,
        "translation_rmse_100": 50.7032585144043,
        "t_final": [
          [
            [
              0.8212890625,
              -0.451171875,
              0.349853515625,
              0.51513671875
            ],
            [
              0.5517578125,
              0.468994140625,
              -0.68994140625,
              0.365966796875
            ],
            [
              0.1470947265625,
              0.75927734375,
              0.6337890625,
              -0.1700439453125
            ]
          ]
        ]
      },
      {
        "psnr": 10.416237831115723,
        "distortion": 0.08834375441074371,
        "rotation_rmse": 26.10991096496582,
        "translation_rmse_100": 31.978792190551758,
        "t_final": [
          [
            [
              0.8974609375,
              -0.439453125,
              0.0399169921875,
              -0.2099609375
            ],
            [
              0.355712890625,
              0.66650390625,
              -0.65478515625,
              -0.1455078125
            ],
            [
              0.26123046875,
              0.60205078125,
              0.75439453125,
              -0.74462890625
            ]
          ]
        ]
      },
      {
        "psnr": 10.588103294372559,
        "distortion": 0.07694545388221741,
        "rotation_rmse": 17.707698822021484,
        "translation_rmse_100": 48.38446807861328,
        "t_final": [
          [
            [
              0.98828125,
              0.00864410400390625,
              0.1517333984375,
              -0.59521484375
            ],
            [
              0.064453125,
              0.8798828125,
              -0.470458984375,
              0.6142578125
            ],
            [
              -0.1375732421875,
              0.474853515625,
              0.869140625,
              0.142578125
            ]
          ]
        ]
      },
      {
        "psnr": 10.144213676452637,
        "distortion": 0.016648422926664352,
        "rotation_rmse": 12.859262466430664,
        "translation_rmse_100": 14.501031875610352,
        "t_final": [
          [
            [
              0.73193359375,
              -0.0999755859375,
              0.673828125,
              -0.41943359375
            ],
            [
              0.219970703125,
              0.970703125,
              -0.09478759765625,
              -0.14013671875
            ],
            [
              -0.64501953125,
              0.2176513671875,
              0.732421875,
              -0.028839111328125
            ]
          ]
        ]
      },
      {
        "psnr": 20.05352210998535,
        "distortion": 0.014658949337899685,
        "rotation_rmse": 0.02699766494333744,
        "translation_rmse_100": 0.006285087205469608,
        "t_final": [
          [
            [
              0.791015625,
              -0.07830810546875,
              0.6064453125,
              -0.2476806640625
            ],
            [
              0.356201171875,
              0.865234375,
              -0.3525390625,
              -0.06842041015625
            ],
            [
              -0.497314453125,
              0.494873046875,
              0.71240234375,
              -0.1973876953125
            ]
          ]
        ]
      },
      {
        "psnr": 11.772857666015625,
        "distortion": 0.02498566173017025,
        "rotation_rmse": 7.362739562988281,
        "translation_rmse_100": 10.341852188110352,
        "t_final": [
          [
            [
              0.869140625,
              0.11102294921875,
              0.482421875,
              -0.425048828125
            ],
            [
              0.194580078125,
              0.81982421875,
              -0.5390625,
              -0.0838623046875
            ],
            [
              -0.455078125,
              0.56201171875,
              0.6904296875,
              -0.217041015625
            ]
          ]
        ]
      },
      {
        "psnr": 23.24420928955078,
        "distortion": 0.018782760947942734,
        "rotation_rmse": 0.014440198428928852,
        "translation_rmse_100": 0.006285087205469608,
        "t_final": [
          [
            [
              0.791015625,
              -0.07855224609375,
              0.60693359375,
              -0.2476806640625
            ],
            [
              0.3564453125,
              0.86572265625,
              -0.352294921875,
              -0.06842041015625
            ],
            [
              -0.49755859375,
              0.494873046875,
              0.71240234375,
              -0.1973876953125
            ]
          ]
        ]
      },
      {
        "psnr": 12.208893775939941,
        "distortion": 0.024947723373770714,
        "rotation_rmse": 13.393244743347168,
        "translation_rmse_100": 6.274857997894287,
        "t_final": [
          [
            [
              0.63671875,
              -0.51025390625,
              0.578125,
              -0.1419677734375
            ],
            [
              0.63134765625,
              0.775390625,
              -0.01036834716796875,
              -0.0880126953125
            ],
            [
              -0.44287109375,
              0.371337890625,
              0.81591796875,
              -0.2132568359375
            ]
          ]
        ]
      }
    ]
  }
}