{
  "fern_30_70_even_odd": {
    "best": {
      "psnr": 22.550308227539062,
      "distortion": 0.019300401210784912,
      "rotation_rmse": 0.06679784506559372,
      "translation_rmse_100": 0.07549382001161575,
      "t_final": [
        [
          [
            0.91357421875,
            0.1810302734375,
            0.36328125,
            -0.353515625
          ],
          [
            0.1055908203125,
            0.75830078125,
            -0.6435546875,
            0.33154296875
          ],
          [
            -0.391845703125,
            0.62646484375,
            0.673828125,
            0.07373046875
          ]
        ]
      ]
    },
    "stats_list": [
      {
        "psnr": 12.028374671936035,
        "distortion": 0.02416929043829441,
        "rotation_rmse": 12.486773490905762,
        "translation_rmse_100": 10.839242935180664,
        "t_final": [
          [
            [
              0.98388671875,
              -0.0709228515625,
              0.1640625,
              -0.45849609375
            ],
            [
              0.1417236328125,
              0.869140625,
              -0.473876953125,
              0.299560546875
            ],
            [
              -0.10894775390625,
              0.489501953125,
              0.865234375,
              -0.07861328125
            ]
          ]
        ]
      },
      {
        "psnr": 21.328231811523438,
        "distortion": 0.01865348033607006,
        "rotation_rmse": 0.11235999315977097,
        "translation_rmse_100": 0.11488287895917892,
        "t_final": [
          [
            [
              0.9140625,
              0.181396484375,
              0.36279296875,
              -0.353271484375
            ],
            [
              0.10443115234375,
              0.7587890625,
              -0.64306640625,
              0.33203125
            ],
            [
              -0.391845703125,
              0.62548828125,
              0.67431640625,
              0.07330322265625
            ]
          ]
        ]
      },
      {
        "psnr": 22.550308227539062,
        "distortion": 0.019300401210784912,
        "rotation_rmse": 0.06679784506559372,
        "translation_rmse_100": 0.07549382001161575,
        "t_final": [
          [
            [
              0.91357421875,
              0.1810302734375,
              0.36328125,
              -0.353515625
            ],
            [
              0.1055908203125,
              0.75830078125,
              -0.6435546875,
              0.33154296875
            ],
            [
              -0.391845703125,
              0.62646484375,
              0.673828125,
              0.07373046875
            ]
          ]
        ]
      },
      {
        "psnr": 13.252439498901367,
        "distortion": 0.02679142914712429,
        "rotation_rmse": 13.756902694702148,
        "translation_rmse_100": 16.5103816986084,
        "t_final": [
          [
            [
              0.79736328125,
              -0.1942138671875,
              0.57177734375,
              -0.560546875
            ],
            [
              0.4384765625,
              0.83740234375,
              -0.3271484375,
              0.15087890625
            ],
            [
              -0.4150390625,
              0.51123046875,
              0.75244140625,
              -0.0086212158203125
            ]
          ]
        ]
      },
      {
        "psnr": 11.613554000854492,
        "distortion": 0.030754413455724716,
        "rotation_rmse": 18.166183471679688,
        "translation_rmse_100": 18.237001419067383,
        "t_final": [
          [
            [
              0.92236328125,
              -0.2364501953125,
              0.304931640625,
              -0.50927734375
            ],
            [
              0.297607421875,
              0.93896484375,
              -0.1719970703125,
              0.1917724609375
            ],
            [
              -0.24560546875,
              0.2493896484375,
              0.9365234375,
              -0.1632080078125
            ]
          ]
        ]
      },
      {
        "psnr": 11.085006713867188,
        "distortion": 0.10031958669424057,
        "rotation_rmse": 10.222010612487793,
        "translation_rmse_100": 72.90050506591797,
        "t_final": [
          [
            [
              0.85107421875,
              -0.08172607421875,
              0.51904296875,
              0.0655517578125
            ],
            [
              0.383544921875,
              0.77197265625,
              -0.50732421875,
              -0.8037109375
            ],
            [
              -0.359130859375,
              0.63037109375,
              0.68798828125,
              -0.2880859375
            ]
          ]
        ]
      },
      {
        "psnr": 21.83365821838379,
        "distortion": 0.017193851992487907,
        "rotation_rmse": 0.06774868071079254,
        "translation_rmse_100": 0.06686554849147797,
        "t_final": [
          [
            [
              0.9140625,
              0.180419921875,
              0.363525390625,
              -0.353515625
            ],
            [
              0.10595703125,
              0.7587890625,
              -0.64306640625,
              0.3310546875
            ],
            [
              -0.391845703125,
              0.6259765625,
              0.67431640625,
              0.07354736328125
            ]
          ]
        ]
      },
      {
        "psnr": 21.67107391357422,
        "distortion": 0.01999511942267418,
        "rotation_rmse": 0.03792503476142883,
        "translation_rmse_100": 0.051264163106679916,
        "t_final": [
          [
            [
              0.91357421875,
              0.18017578125,
              0.364013671875,
              -0.353515625
            ],
            [
              0.10650634765625,
              0.75830078125,
              -0.64306640625,
              0.330810546875
            ],
            [
              -0.39208984375,
              0.62646484375,
              0.673828125,
              0.0738525390625
            ]
          ]
        ]
      },
      {
        "psnr": 16.262636184692383,
        "distortion": 0.019120603799819946,
        "rotation_rmse": 1.7306047677993774,
        "translation_rmse_100": 2.306290626525879,
        "t_final": [
          [
            [
              0.90283203125,
              0.1444091796875,
              0.40576171875,
              -0.3896484375
            ],
            [
              0.1512451171875,
              0.77587890625,
              -0.61279296875,
              0.312744140625
            ],
            [
              -0.403076171875,
              0.6142578125,
              0.67822265625,
              0.0699462890625
            ]
          ]
        ]
      },
      {
        "psnr": 12.617805480957031,
        "distortion": 0.040515173226594925,
        "rotation_rmse": 27.561233520507812,
        "translation_rmse_100": 17.56829833984375,
        "t_final": [
          [
            [
              0.448486328125,
              -0.11822509765625,
              0.8857421875,
              -0.50732421875
            ],
            [
              0.469970703125,
              0.8740234375,
              -0.121337890625,
              0.1546630859375
            ],
            [
              -0.76025390625,
              0.470458984375,
              0.44775390625,
              0.269775390625
            ]
          ]
        ]
      }
    ]
  }
}