{
  "trex_30_70_even_odd": {
    "best": {
      "psnr": 26.87598991394043,
      "distortion": 0.01877387799322605,
      "rotation_rmse": 0.0114402761682868,
      "translation_rmse_100": 0.014375723898410797,
      "t_final": [
        [
          [
            0.791015625,
            -0.07904052734375,
            0.60693359375,
            -0.2474365234375
          ],
          [
            0.3564453125,
            0.865234375,
            -0.351806640625,
            -0.068359375
          ],
          [
            -0.49755859375,
            0.49462890625,
            0.71240234375,
            -0.1973876953125
          ]
        ]
      ]
    },
    "stats_list": [
      {
        "psnr": 11.337475776672363,
        "distortion": 0.06555130332708359,
        "rotation_rmse": 21.58823585510254,
        "translation_rmse_100": 29.396093368530273,
        "t_final": [
          [
            [
              0.962890625,
              -0.26708984375,
              0.033660888671875,
              0.08294677734375
            ],
            [
              0.25927734375,
              0.88720703125,
              -0.381591796875,
              -0.322265625
            ],
            [
              0.072021484375,
              0.376220703125,
              0.923828125,
              -0.48974609375
            ]
          ]
        ]
      },
      {
        "psnr": 9.133036613464355,
        "distortion": 0.0771869421005249,
        "rotation_rmse": 1.7639954090118408,
        "translation_rmse_100": 27.003192901611328,
        "t_final": [
          [
            [
              0.796875,
              -0.029022216796875,
              0.60302734375,
              -0.5107421875
            ],
            [
              0.313720703125,
              0.87353515625,
              -0.37255859375,
              -0.310791015625
            ],
            [
              -0.51611328125,
              0.486083984375,
              0.705078125,
              0.10382080078125
            ]
          ]
        ]
      },
      {
        "psnr": 11.609232902526855,
        "distortion": 0.1748930960893631,
        "rotation_rmse": 21.34296989440918,
        "translation_rmse_100": 42.648170471191406,
        "t_final": [
          [
            [
              0.99072265625,
              -0.1331787109375,
              0.031494140625,
              -0.266845703125
            ],
            [
              0.1265869140625,
              0.80419921875,
              -0.58056640625,
              -0.62158203125
            ],
            [
              0.052032470703125,
              0.5791015625,
              0.8134765625,
              -0.6865234375
            ]
          ]
        ]
      },
      {
        "psnr": 11.014510154724121,
        "distortion": 0.03838087245821953,
        "rotation_rmse": 17.035253524780273,
        "translation_rmse_100": 15.993700981140137,
        "t_final": [
          [
            [
              0.87158203125,
              -0.3564453125,
              0.3359375,
              -0.04034423828125
            ],
            [
              0.4892578125,
              0.66796875,
              -0.56103515625,
              -0.1884765625
            ],
            [
              -0.0243682861328125,
              0.6533203125,
              0.7568359375,
              -0.33642578125
            ]
          ]
        ]
      },
      {
        "psnr": 12.046711921691895,
        "distortion": 0.0646013617515564,
        "rotation_rmse": 8.408676147460938,
        "translation_rmse_100": 13.35947036743164,
        "t_final": [
          [
            [
              0.8095703125,
              -0.27783203125,
              0.5166015625,
              -0.29443359375
            ],
            [
              0.50390625,
              0.7802734375,
              -0.3701171875,
              0.1259765625
            ],
            [
              -0.300537109375,
              0.56005859375,
              0.77197265625,
              -0.080810546875
            ]
          ]
        ]
      },
      {
        "psnr": 10.901268005371094,
        "distortion": 0.0657852366566658,
        "rotation_rmse": 20.787628173828125,
        "translation_rmse_100": 38.808284759521484,
        "t_final": [
          [
            [
              0.99755859375,
              -0.057342529296875,
              0.040069580078125,
              0.388671875
            ],
            [
              0.06988525390625,
              0.84033203125,
              -0.53759765625,
              -0.006744384765625
            ],
            [
              -0.002811431884765625,
              0.5390625,
              0.84228515625,
              -0.405029296875
            ]
          ]
        ]
      },
      {
        "psnr": 23.48224449157715,
        "distortion": 0.01142110861837864,
        "rotation_rmse": 0.005109020508825779,
        "translation_rmse_100": 0.0064521729946136475,
        "t_final": [
          [
            [
              0.79052734375,
              -0.0789794921875,
              0.60693359375,
              -0.2476806640625
            ],
            [
              0.356689453125,
              0.865234375,
              -0.35205078125,
              -0.0682373046875
            ],
            [
              -0.49755859375,
              0.494873046875,
              0.71240234375,
              -0.197509765625
            ]
          ]
        ]
      },
      {
        "psnr": 13.312737464904785,
        "distortion": 0.01852915808558464,
        "rotation_rmse": 3.095897912979126,
        "translation_rmse_100": 3.9670002460479736,
        "t_final": [
          [
            [
              0.80810546875,
              0.0087738037109375,
              0.5888671875,
              -0.28759765625
            ],
            [
              0.27978515625,
              0.8740234375,
              -0.39697265625,
              -0.122802734375
            ],
            [
              -0.5185546875,
              0.485595703125,
              0.7041015625,
              -0.2100830078125
            ]
          ]
        ]
      },
      {
        "psnr": 12.769108772277832,
        "distortion": 0.031318746507167816,
        "rotation_rmse": 5.234106540679932,
        "translation_rmse_100": 6.019196510314941,
        "t_final": [
          [
            [
              0.8583984375,
              -0.106201171875,
              0.501953125,
              -0.1513671875
            ],
            [
              0.30859375,
              0.888671875,
              -0.339599609375,
              -0.08123779296875
            ],
            [
              -0.409912109375,
              0.446533203125,
              0.79541015625,
              -0.15966796875
            ]
          ]
        ]
      },
      {
        "psnr": 26.87598991394043,
        "distortion": 0.01877387799322605,
        "rotation_rmse": 0.0114402761682868,
        "translation_rmse_100": 0.014375723898410797,
        "t_final": [
          [
            [
              0.791015625,
              -0.07904052734375,
              0.60693359375,
              -0.2474365234375
            ],
            [
              0.3564453125,
              0.865234375,
              -0.351806640625,
              -0.068359375
            ],
            [
              -0.49755859375,
              0.49462890625,
              0.71240234375,
              -0.1973876953125
            ]
          ]
        ]
      }
    ]
  }
}