{
  "trex_30_70_even_odd_0_2": {
    "best": {
      "psnr": 20.21552085876465,
      "distortion": 0.04887770861387253,
      "rotation_rmse": 0.01671738363802433,
      "translation_rmse_100": 0.015785157680511475,
      "t_final": [
        [
          [
            0.79052734375,
            -0.07861328125,
            0.607421875,
            -0.2479248046875
          ],
          [
            0.3564453125,
            0.86572265625,
            -0.35205078125,
            -0.06842041015625
          ],
          [
            -0.498046875,
            0.49462890625,
            0.71240234375,
            -0.197509765625
          ]
        ]
      ]
    },
    "stats_list": [
      {
        "psnr": 20.21552085876465,
        "distortion": 0.04887770861387253,
        "rotation_rmse": 0.01671738363802433,
        "translation_rmse_100": 0.015785157680511475,
        "t_final": [
          [
            [
              0.79052734375,
              -0.07861328125,
              0.607421875,
              -0.2479248046875
            ],
            [
              0.3564453125,
              0.86572265625,
              -0.35205078125,
              -0.06842041015625
            ],
            [
              -0.498046875,
              0.49462890625,
              0.71240234375,
              -0.197509765625
            ]
          ]
        ]
      },
      {
        "psnr": 11.266945838928223,
        "distortion": 0.0380590446293354,
        "rotation_rmse": 5.075572490692139,
        "translation_rmse_100": 8.155109405517578,
        "t_final": [
          [
            [
              0.720703125,
              -0.03271484375,
              0.6923828125,
              -0.1141357421875
            ],
            [
              0.3896484375,
              0.84521484375,
              -0.36572265625,
              -0.045745849609375
            ],
            [
              -0.5732421875,
              0.533203125,
              0.6220703125,
              -0.237548828125
            ]
          ]
        ]
      },
      {
        "psnr": 12.110755920410156,
        "distortion": 0.13580062985420227,
        "rotation_rmse": 19.797914505004883,
        "translation_rmse_100": 49.68961715698242,
        "t_final": [
          [
            [
              0.95166015625,
              0.06317138671875,
              0.300048828125,
              0.4775390625
            ],
            [
              0.0070037841796875,
              0.9736328125,
              -0.227294921875,
              -0.2734375
            ],
            [
              -0.306396484375,
              0.2183837890625,
              0.92626953125,
              0.2181396484375
            ]
          ]
        ]
      },
      {
        "psnr": 15.475569725036621,
        "distortion": 0.02789859101176262,
        "rotation_rmse": 0.6783314943313599,
        "translation_rmse_100": 2.5232667922973633,
        "t_final": [
          [
            [
              0.787109375,
              -0.07025146484375,
              0.6123046875,
              -0.2039794921875
            ],
            [
              0.345947265625,
              0.87255859375,
              -0.344482421875,
              -0.0679931640625
            ],
            [
              -0.51025390625,
              0.483154296875,
              0.71142578125,
              -0.1981201171875
            ]
          ]
        ]
      },
      {
        "psnr": 12.728909492492676,
        "distortion": 0.044903893023729324,
        "rotation_rmse": 9.747976303100586,
        "translation_rmse_100": 18.230079650878906,
        "t_final": [
          [
            [
              0.79541015625,
              -0.357421875,
              0.489501953125,
              -0.1553955078125
            ],
            [
              0.53515625,
              0.79345703125,
              -0.290283203125,
              -0.33984375
            ],
            [
              -0.28466796875,
              0.492919921875,
              0.822265625,
              -0.32958984375
            ]
          ]
        ]
      },
      {
        "psnr": 19.89314079284668,
        "distortion": 0.03176424279808998,
        "rotation_rmse": 0.014815771020948887,
        "translation_rmse_100": 0.028233055025339127,
        "t_final": [
          [
            [
              0.79052734375,
              -0.07928466796875,
              0.607421875,
              -0.2471923828125
            ],
            [
              0.35693359375,
              0.86572265625,
              -0.3515625,
              -0.068359375
            ],
            [
              -0.49755859375,
              0.49462890625,
              0.71240234375,
              -0.1973876953125
            ]
          ]
        ]
      },
      {
        "psnr": 19.474428176879883,
        "distortion": 0.02929307147860527,
        "rotation_rmse": 0.01315781008452177,
        "translation_rmse_100": 0.03945384919643402,
        "t_final": [
          [
            [
              0.79052734375,
              -0.07855224609375,
              0.607421875,
              -0.248291015625
            ],
            [
              0.3564453125,
              0.86572265625,
              -0.35205078125,
              -0.068359375
            ],
            [
              -0.497802734375,
              0.494873046875,
              0.71240234375,
              -0.1971435546875
            ]
          ]
        ]
      },
      {
        "psnr": 18.88987159729004,
        "distortion": 0.030843336135149002,
        "rotation_rmse": 0.04065665230154991,
        "translation_rmse_100": 0.022996671497821808,
        "t_final": [
          [
            [
              0.79052734375,
              -0.07891845703125,
              0.607421875,
              -0.247314453125
            ],
            [
              0.3564453125,
              0.86572265625,
              -0.35107421875,
              -0.06817626953125
            ],
            [
              -0.498291015625,
              0.493896484375,
              0.71240234375,
              -0.197509765625
            ]
          ]
        ]
      },
      {
        "psnr": 10.737086296081543,
        "distortion": 0.03835185989737511,
        "rotation_rmse": 17.4038028717041,
        "translation_rmse_100": 23.49884605407715,
        "t_final": [
          [
            [
              0.7431640625,
              -0.1884765625,
              0.64208984375,
              -0.64208984375
            ],
            [
              0.209228515625,
              0.97705078125,
              0.044677734375,
              -0.126953125
            ],
            [
              -0.6357421875,
              0.1011962890625,
              0.76513671875,
              -0.279052734375
            ]
          ]
        ]
      },
      {
        "psnr": 19.55009651184082,
        "distortion": 0.031101038679480553,
        "rotation_rmse": 0.009201728738844395,
        "translation_rmse_100": 0.014760296791791916,
        "t_final": [
          [
            [
              0.79052734375,
              -0.0787353515625,
              0.60693359375,
              -0.2479248046875
            ],
            [
              0.3564453125,
              0.86572265625,
              -0.35205078125,
              -0.068359375
            ],
            [
              -0.49755859375,
              0.494873046875,
              0.71240234375,
              -0.1973876953125
            ]
          ]
        ]
      }
    ]
  }
}