{
  "trex_30_70_even_odd_0_01": {
    "best": {
      "psnr": 26.623844146728516,
      "distortion": 0.015304350294172764,
      "rotation_rmse": 0.014576634392142296,
      "translation_rmse_100": 0.006699740886688232,
      "t_final": [
        [
          [
            0.79052734375,
            -0.07916259765625,
            0.607421875,
            -0.2476806640625
          ],
          [
            0.356689453125,
            0.86572265625,
            -0.3515625,
            -0.06842041015625
          ],
          [
            -0.497802734375,
            0.49462890625,
            0.71240234375,
            -0.197509765625
          ]
        ]
      ]
    },
    "stats_list": [
      {
        "psnr": 26.500221252441406,
        "distortion": 0.0187454205006361,
        "rotation_rmse": 0.007777350954711437,
        "translation_rmse_100": 0.008127330802381039,
        "t_final": [
          [
            [
              0.791015625,
              -0.07879638671875,
              0.60693359375,
              -0.247802734375
            ],
            [
              0.3564453125,
              0.865234375,
              -0.352294921875,
              -0.068359375
            ],
            [
              -0.49755859375,
              0.494873046875,
              0.71240234375,
              -0.1973876953125
            ]
          ]
        ]
      },
      {
        "psnr": 9.051497459411621,
        "distortion": 0.04683159664273262,
        "rotation_rmse": 8.297673225402832,
        "translation_rmse_100": 23.056032180786133,
        "t_final": [
          [
            [
              0.76123046875,
              -0.08502197265625,
              0.64306640625,
              -0.485595703125
            ],
            [
              0.470458984375,
              0.7548828125,
              -0.456787109375,
              -0.296142578125
            ],
            [
              -0.44677734375,
              0.650390625,
              0.6142578125,
              0.0283203125
            ]
          ]
        ]
      },
      {
        "psnr": 25.46185302734375,
        "distortion": 0.01711180992424488,
        "rotation_rmse": 0.025090808048844337,
        "translation_rmse_100": 0.01998063176870346,
        "t_final": [
          [
            [
              0.79052734375,
              -0.0792236328125,
              0.60693359375,
              -0.2479248046875
            ],
            [
              0.35693359375,
              0.865234375,
              -0.352294921875,
              -0.06817626953125
            ],
            [
              -0.497314453125,
              0.495361328125,
              0.71240234375,
              -0.1976318359375
            ]
          ]
        ]
      },
      {
        "psnr": 11.409482955932617,
        "distortion": 0.046649593859910965,
        "rotation_rmse": 16.151308059692383,
        "translation_rmse_100": 19.18640899658203,
        "t_final": [
          [
            [
              0.802734375,
              -0.429443359375,
              0.4140625,
              -0.11700439453125
            ],
            [
              0.5908203125,
              0.66845703125,
              -0.45166015625,
              -0.3330078125
            ],
            [
              -0.08294677734375,
              0.60693359375,
              0.79052734375,
              -0.35009765625
            ]
          ]
        ]
      },
      {
        "psnr": 11.500131607055664,
        "distortion": 0.01762230694293976,
        "rotation_rmse": 12.834758758544922,
        "translation_rmse_100": 19.486976623535156,
        "t_final": [
          [
            [
              0.85986328125,
              -0.327880859375,
              0.391357421875,
              -0.1243896484375
            ],
            [
              0.3994140625,
              0.90966796875,
              -0.11578369140625,
              -0.34765625
            ],
            [
              -0.31787109375,
              0.255859375,
              0.9130859375,
              -0.34130859375
            ]
          ]
        ]
      },
      {
        "psnr": 11.07253646850586,
        "distortion": 0.04950809106230736,
        "rotation_rmse": 25.78921890258789,
        "translation_rmse_100": 14.879361152648926,
        "t_final": [
          [
            [
              0.91552734375,
              0.397705078125,
              0.055419921875,
              -0.1925048828125
            ],
            [
              -0.297119140625,
              0.76416015625,
              -0.572265625,
              0.1666259765625
            ],
            [
              -0.27001953125,
              0.5078125,
              0.81787109375,
              -0.287841796875
            ]
          ]
        ]
      },
      {
        "psnr": 12.268397331237793,
        "distortion": 0.017351793125271797,
        "rotation_rmse": 4.794229984283447,
        "translation_rmse_100": 3.914386034011841,
        "t_final": [
          [
            [
              0.79638671875,
              -0.07855224609375,
              0.60009765625,
              -0.2080078125
            ],
            [
              0.410400390625,
              0.798828125,
              -0.439697265625,
              -0.01496124267578125
            ],
            [
              -0.444580078125,
              0.59619140625,
              0.66845703125,
              -0.1842041015625
            ]
          ]
        ]
      },
      {
        "psnr": 26.623844146728516,
        "distortion": 0.015304350294172764,
        "rotation_rmse": 0.014576634392142296,
        "translation_rmse_100": 0.006699740886688232,
        "t_final": [
          [
            [
              0.79052734375,
              -0.07916259765625,
              0.607421875,
              -0.2476806640625
            ],
            [
              0.356689453125,
              0.86572265625,
              -0.3515625,
              -0.06842041015625
            ],
            [
              -0.497802734375,
              0.49462890625,
              0.71240234375,
              -0.197509765625
            ]
          ]
        ]
      },
      {
        "psnr": 21.58335304260254,
        "distortion": 0.017802972346544266,
        "rotation_rmse": 0.019172918051481247,
        "translation_rmse_100": 0.01699182391166687,
        "t_final": [
          [
            [
              0.79052734375,
              -0.07879638671875,
              0.60693359375,
              -0.2474365234375
            ],
            [
              0.35693359375,
              0.865234375,
              -0.352294921875,
              -0.0684814453125
            ],
            [
              -0.49755859375,
              0.495361328125,
              0.71240234375,
              -0.197509765625
            ]
          ]
        ]
      },
      {
        "psnr": 11.053430557250977,
        "distortion": 0.030492501333355904,
        "rotation_rmse": 13.451403617858887,
        "translation_rmse_100": 24.491714477539062,
        "t_final": [
          [
            [
              0.74365234375,
              -0.38623046875,
              0.5458984375,
              0.1734619140625
            ],
            [
              0.62744140625,
              0.68603515625,
              -0.368896484375,
              -0.111572265625
            ],
            [
              -0.231689453125,
              0.61669921875,
              0.75244140625,
              -0.224365234375
            ]
          ]
        ]
      }
    ]
  }
}