{
  "trex_50_50_0_2": {
    "best": {
      "psnr": 21.472204208374023,
      "distortion": 0.02111187018454075,
      "rotation_rmse": 0.020388081669807434,
      "translation_rmse_100": 0.015785155817866325,
      "t_final": [
        [
          [
            0.79052734375,
            -0.07940673828125,
            0.60693359375,
            -0.2479248046875
          ],
          [
            0.357177734375,
            0.865234375,
            -0.351806640625,
            -0.06842041015625
          ],
          [
            -0.49755859375,
            0.494873046875,
            0.71240234375,
            -0.197509765625
          ]
        ]
      ]
    },
    "stats_list": [
      {
        "psnr": 17.005050659179688,
        "distortion": 0.06002998724579811,
        "rotation_rmse": 0.024334408342838287,
        "translation_rmse_100": 0.04390949755907059,
        "t_final": [
          [
            [
              0.79052734375,
              -0.0797119140625,
              0.60693359375,
              -0.2470703125
            ],
            [
              0.357177734375,
              0.865234375,
              -0.3515625,
              -0.06787109375
            ],
            [
              -0.497314453125,
              0.494873046875,
              0.712890625,
              -0.1973876953125
            ]
          ]
        ]
      },
      {
        "psnr": 21.472204208374023,
        "distortion": 0.02111187018454075,
        "rotation_rmse": 0.020388081669807434,
        "translation_rmse_100": 0.015785155817866325,
        "t_final": [
          [
            [
              0.79052734375,
              -0.07940673828125,
              0.60693359375,
              -0.2479248046875
            ],
            [
              0.357177734375,
              0.865234375,
              -0.351806640625,
              -0.06842041015625
            ],
            [
              -0.49755859375,
              0.494873046875,
              0.71240234375,
              -0.197509765625
            ]
          ]
        ]
      },
      {
        "psnr": 12.187175750732422,
        "distortion": 0.15658149123191833,
        "rotation_rmse": 6.7618913650512695,
        "translation_rmse_100": 44.25585174560547,
        "t_final": [
          [
            [
              0.8271484375,
              -0.26123046875,
              0.49755859375,
              0.1614990234375
            ],
            [
              0.446044921875,
              0.84375,
              -0.29833984375,
              -0.172119140625
            ],
            [
              -0.341796875,
              0.46875,
              0.814453125,
              0.4423828125
            ]
          ]
        ]
      },
      {
        "psnr": 10.644742965698242,
        "distortion": 0.03803155571222305,
        "rotation_rmse": 14.221288681030273,
        "translation_rmse_100": 24.90924644470215,
        "t_final": [
          [
            [
              0.8173828125,
              -0.39892578125,
              0.415283203125,
              -0.5439453125
            ],
            [
              0.56103515625,
              0.7138671875,
              -0.419189453125,
              -0.34912109375
            ],
            [
              -0.129150390625,
              0.57568359375,
              0.8076171875,
              -0.337158203125
            ]
          ]
        ]
      },
      {
        "psnr": 21.180381774902344,
        "distortion": 0.029068652540445328,
        "rotation_rmse": 0.014568845741450787,
        "translation_rmse_100": 0.07254339009523392,
        "t_final": [
          [
            [
              0.791015625,
              -0.07855224609375,
              0.60693359375,
              -0.2464599609375
            ],
            [
              0.3564453125,
              0.865234375,
              -0.3525390625,
              -0.0682373046875
            ],
            [
              -0.49755859375,
              0.4951171875,
              0.71240234375,
              -0.1971435546875
            ]
          ]
        ]
      },
      {
        "psnr": 11.148344039916992,
        "distortion": 0.053975045680999756,
        "rotation_rmse": 18.346912384033203,
        "translation_rmse_100": 37.99100875854492,
        "t_final": [
          [
            [
              0.8994140625,
              0.14013671875,
              0.4140625,
              -0.71337890625
            ],
            [
              -0.0177154541015625,
              0.9580078125,
              -0.28564453125,
              0.2362060546875
            ],
            [
              -0.436767578125,
              0.2496337890625,
              0.8642578125,
              0.15380859375
            ]
          ]
        ]
      },
      {
        "psnr": 18.74068260192871,
        "distortion": 0.029655031859874725,
        "rotation_rmse": 0.008374539203941822,
        "translation_rmse_100": 0.04263148084282875,
        "t_final": [
          [
            [
              0.79052734375,
              -0.0789794921875,
              0.60693359375,
              -0.2484130859375
            ],
            [
              0.356689453125,
              0.86572265625,
              -0.351806640625,
              -0.06829833984375
            ],
            [
              -0.497802734375,
              0.49462890625,
              0.71240234375,
              -0.1973876953125
            ]
          ]
        ]
      },
      {
        "psnr": 17.74073600769043,
        "distortion": 0.034087810665369034,
        "rotation_rmse": 0.03800928220152855,
        "translation_rmse_100": 0.03680985048413277,
        "t_final": [
          [
            [
              0.79052734375,
              -0.0802001953125,
              0.60693359375,
              -0.247314453125
            ],
            [
              0.357177734375,
              0.86572265625,
              -0.35107421875,
              -0.06884765625
            ],
            [
              -0.4970703125,
              0.494384765625,
              0.712890625,
              -0.1973876953125
            ]
          ]
        ]
      },
      {
        "psnr": 12.57194995880127,
        "distortion": 0.04299585893750191,
        "rotation_rmse": 9.692447662353516,
        "translation_rmse_100": 2.7116549015045166,
        "t_final": [
          [
            [
              0.6640625,
              -0.364501953125,
              0.65283203125,
              -0.22802734375
            ],
            [
              0.57177734375,
              0.81005859375,
              -0.12939453125,
              -0.0269927978515625
            ],
            [
              -0.4814453125,
              0.459228515625,
              0.74658203125,
              -0.1868896484375
            ]
          ]
        ]
      },
      {
        "psnr": 10.451759338378906,
        "distortion": 0.029960837215185165,
        "rotation_rmse": 8.738097190856934,
        "translation_rmse_100": 17.65138816833496,
        "t_final": [
          [
            [
              0.896484375,
              0.044586181640625,
              0.44091796875,
              -0.431884765625
            ],
            [
              0.255615234375,
              0.7607421875,
              -0.5966796875,
              0.1639404296875
            ],
            [
              -0.362060546875,
              0.6474609375,
              0.67041015625,
              -0.272216796875
            ]
          ]
        ]
      }
    ]
  }
}