{
  "trex_50_50_0_1": {
    "best": {
      "psnr": 23.53530502319336,
      "distortion": 0.01573880761861801,
      "rotation_rmse": 0.021742211654782295,
      "translation_rmse_100": 0.008127330802381039,
      "t_final": [
        [
          [
            0.79052734375,
            -0.07891845703125,
            0.60693359375,
            -0.247802734375
          ],
          [
            0.3564453125,
            0.86572265625,
            -0.3515625,
            -0.068359375
          ],
          [
            -0.49755859375,
            0.494384765625,
            0.71240234375,
            -0.1973876953125
          ]
        ]
      ]
    },
    "stats_list": [
      {
        "psnr": 10.795585632324219,
        "distortion": 0.05606958642601967,
        "rotation_rmse": 19.470304489135742,
        "translation_rmse_100": 34.87042236328125,
        "t_final": [
          [
            [
              0.802734375,
              -0.54931640625,
              0.23193359375,
              0.168212890625
            ],
            [
              0.59521484375,
              0.76171875,
              -0.255615234375,
              -0.4560546875
            ],
            [
              -0.036376953125,
              0.34326171875,
              0.9384765625,
              -0.401123046875
            ]
          ]
        ]
      },
      {
        "psnr": 23.53530502319336,
        "distortion": 0.01573880761861801,
        "rotation_rmse": 0.021742211654782295,
        "translation_rmse_100": 0.008127330802381039,
        "t_final": [
          [
            [
              0.79052734375,
              -0.07891845703125,
              0.60693359375,
              -0.247802734375
            ],
            [
              0.3564453125,
              0.86572265625,
              -0.3515625,
              -0.068359375
            ],
            [
              -0.49755859375,
              0.494384765625,
              0.71240234375,
              -0.1973876953125
            ]
          ]
        ]
      },
      {
        "psnr": 11.262864112854004,
        "distortion": 0.10666695982217789,
        "rotation_rmse": 17.697635650634766,
        "translation_rmse_100": 26.58573341369629,
        "t_final": [
          [
            [
              0.830078125,
              -0.38671875,
              0.402099609375,
              -0.01519775390625
            ],
            [
              0.55712890625,
              0.61865234375,
              -0.55419921875,
              0.327392578125
            ],
            [
              -0.0343017578125,
              0.68408203125,
              0.728515625,
              -0.23486328125
            ]
          ]
        ]
      },
      {
        "psnr": 10.951239585876465,
        "distortion": 0.07947105914354324,
        "rotation_rmse": 24.55907440185547,
        "translation_rmse_100": 31.133413314819336,
        "t_final": [
          [
            [
              0.71533203125,
              -0.64404296875,
              0.271484375,
              -0.263427734375
            ],
            [
              0.685546875,
              0.57177734375,
              -0.45068359375,
              -0.387451171875
            ],
            [
              0.134765625,
              0.5087890625,
              0.85009765625,
              -0.6318359375
            ]
          ]
        ]
      },
      {
        "psnr": 12.449480056762695,
        "distortion": 0.0404631607234478,
        "rotation_rmse": 13.9630708694458,
        "translation_rmse_100": 10.247821807861328,
        "t_final": [
          [
            [
              0.95458984375,
              -0.1224365234375,
              0.27099609375,
              -0.404296875
            ],
            [
              0.264404296875,
              0.7666015625,
              -0.58544921875,
              -0.101318359375
            ],
            [
              -0.135986328125,
              0.63037109375,
              0.76416015625,
              -0.274169921875
            ]
          ]
        ]
      },
      {
        "psnr": 21.871299743652344,
        "distortion": 0.018840739503502846,
        "rotation_rmse": 0.038584742695093155,
        "translation_rmse_100": 0.07115288078784943,
        "t_final": [
          [
            [
              0.791015625,
              -0.0799560546875,
              0.6064453125,
              -0.2464599609375
            ],
            [
              0.357177734375,
              0.865234375,
              -0.3515625,
              -0.068359375
            ],
            [
              -0.496826171875,
              0.49462890625,
              0.712890625,
              -0.1976318359375
            ]
          ]
        ]
      },
      {
        "psnr": 22.242271423339844,
        "distortion": 0.01722232811152935,
        "rotation_rmse": 0.010253694839775562,
        "translation_rmse_100": 0.017318401485681534,
        "t_final": [
          [
            [
              0.79052734375,
              -0.0787353515625,
              0.60693359375,
              -0.2479248046875
            ],
            [
              0.3564453125,
              0.86572265625,
              -0.35205078125,
              -0.0684814453125
            ],
            [
              -0.497802734375,
              0.49462890625,
              0.71240234375,
              -0.197509765625
            ]
          ]
        ]
      },
      {
        "psnr": 21.362886428833008,
        "distortion": 0.02184317447245121,
        "rotation_rmse": 0.019959036260843277,
        "translation_rmse_100": 0.009590312838554382,
        "t_final": [
          [
            [
              0.79052734375,
              -0.078369140625,
              0.607421875,
              -0.247802734375
            ],
            [
              0.3564453125,
              0.86572265625,
              -0.35205078125,
              -0.06842041015625
            ],
            [
              -0.498046875,
              0.49462890625,
              0.71240234375,
              -0.1973876953125
            ]
          ]
        ]
      },
      {
        "psnr": 21.035627365112305,
        "distortion": 0.02149352803826332,
        "rotation_rmse": 0.018854264169931412,
        "translation_rmse_100": 0.007775024976581335,
        "t_final": [
          [
            [
              0.791015625,
              -0.07958984375,
              0.60693359375,
              -0.24755859375
            ],
            [
              0.35693359375,
              0.865234375,
              -0.351806640625,
              -0.068359375
            ],
            [
              -0.497314453125,
              0.494873046875,
              0.712890625,
              -0.1973876953125
            ]
          ]
        ]
      },
      {
        "psnr": 11.511838912963867,
        "distortion": 0.023354893550276756,
        "rotation_rmse": 6.87361478805542,
        "translation_rmse_100": 13.968523025512695,
        "t_final": [
          [
            [
              0.8720703125,
              -0.10791015625,
              0.477783203125,
              -0.0445556640625
            ],
            [
              0.286376953125,
              0.90380859375,
              -0.318359375,
              -0.18115234375
            ],
            [
              -0.397216796875,
              0.414306640625,
              0.81884765625,
              -0.1300048828125
            ]
          ]
        ]
      }
    ]
  }
}