{
  "trex_0_100_even_odd_0_05": {
    "best": {
      "psnr": 27.784423828125,
      "distortion": 0.013490160927176476,
      "rotation_rmse": 0.0026384785305708647,
      "translation_rmse_100": 0.014375722035765648,
      "t_final": [
        [
          [
            0.79052734375,
            -0.0787353515625,
            0.60693359375,
            -0.2474365234375
          ],
          [
            0.356689453125,
            0.86572265625,
            -0.35205078125,
            -0.068359375
          ],
          [
            -0.497802734375,
            0.494873046875,
            0.71240234375,
            -0.1973876953125
          ]
        ]
      ]
    },
    "stats_list": [
      {
        "psnr": 11.272703170776367,
        "distortion": 0.017985790967941284,
        "rotation_rmse": 10.24239444732666,
        "translation_rmse_100": 11.894332885742188,
        "t_final": [
          [
            [
              0.77734375,
              -0.32568359375,
              0.53857421875,
              -0.0516357421875
            ],
            [
              0.560546875,
              0.74658203125,
              -0.358154296875,
              -0.1268310546875
            ],
            [
              -0.285400390625,
              0.580078125,
              0.7626953125,
              -0.2216796875
            ]
          ]
        ]
      },
      {
        "psnr": 27.784423828125,
        "distortion": 0.013490160927176476,
        "rotation_rmse": 0.0026384785305708647,
        "translation_rmse_100": 0.014375722035765648,
        "t_final": [
          [
            [
              0.79052734375,
              -0.0787353515625,
              0.60693359375,
              -0.2474365234375
            ],
            [
              0.356689453125,
              0.86572265625,
              -0.35205078125,
              -0.068359375
            ],
            [
              -0.497802734375,
              0.494873046875,
              0.71240234375,
              -0.1973876953125
            ]
          ]
        ]
      },
      {
        "psnr": 11.576319694519043,
        "distortion": 0.23365835845470428,
        "rotation_rmse": 15.380715370178223,
        "translation_rmse_100": 108.90328979492188,
        "t_final": [
          [
            [
              0.89990234375,
              -0.349609375,
              0.2607421875,
              1.5849609375
            ],
            [
              0.410888671875,
              0.8798828125,
              -0.2381591796875,
              0.356689453125
            ],
            [
              -0.146240234375,
              0.321533203125,
              0.935546875,
              -0.33447265625
            ]
          ]
        ]
      },
      {
        "psnr": 11.515734672546387,
        "distortion": 0.1784198135137558,
        "rotation_rmse": 17.811899185180664,
        "translation_rmse_100": 47.719905853271484,
        "t_final": [
          [
            [
              0.7236328125,
              -0.48974609375,
              0.486328125,
              0.42333984375
            ],
            [
              0.6826171875,
              0.6123046875,
              -0.39892578125,
              0.407958984375
            ],
            [
              -0.1024169921875,
              0.62060546875,
              0.77734375,
              -0.11968994140625
            ]
          ]
        ]
      },
      {
        "psnr": 27.468496322631836,
        "distortion": 0.01645236648619175,
        "rotation_rmse": 0.01247267983853817,
        "translation_rmse_100": 0.022367948666214943,
        "t_final": [
          [
            [
              0.79052734375,
              -0.07879638671875,
              0.607421875,
              -0.248046875
            ],
            [
              0.356689453125,
              0.865234375,
              -0.35205078125,
              -0.06842041015625
            ],
            [
              -0.497802734375,
              0.494873046875,
              0.71240234375,
              -0.197509765625
            ]
          ]
        ]
      },
      {
        "psnr": 23.190401077270508,
        "distortion": 0.019451642408967018,
        "rotation_rmse": 0.009201728738844395,
        "translation_rmse_100": 0.009590312838554382,
        "t_final": [
          [
            [
              0.79052734375,
              -0.0787353515625,
              0.60693359375,
              -0.247802734375
            ],
            [
              0.3564453125,
              0.86572265625,
              -0.35205078125,
              -0.06842041015625
            ],
            [
              -0.49755859375,
              0.494873046875,
              0.71240234375,
              -0.1973876953125
            ]
          ]
        ]
      },
      {
        "psnr": 26.47990608215332,
        "distortion": 0.01173864770680666,
        "rotation_rmse": 0.0062285191379487514,
        "translation_rmse_100": 0.02872106246650219,
        "t_final": [
          [
            [
              0.791015625,
              -0.078857421875,
              0.60693359375,
              -0.2481689453125
            ],
            [
              0.356689453125,
              0.865234375,
              -0.352294921875,
              -0.068359375
            ],
            [
              -0.49755859375,
              0.494873046875,
              0.71240234375,
              -0.197509765625
            ]
          ]
        ]
      },
      {
        "psnr": 12.498115539550781,
        "distortion": 0.020968621596693993,
        "rotation_rmse": 2.857396125793457,
        "translation_rmse_100": 9.88838005065918,
        "t_final": [
          [
            [
              0.8212890625,
              -0.017242431640625,
              0.5703125,
              -0.413818359375
            ],
            [
              0.28955078125,
              0.8740234375,
              -0.390625,
              -0.1090087890625
            ],
            [
              -0.49169921875,
              0.48583984375,
              0.72265625,
              -0.188720703125
            ]
          ]
        ]
      },
      {
        "psnr": 9.657697677612305,
        "distortion": 0.03257298842072487,
        "rotation_rmse": 14.034785270690918,
        "translation_rmse_100": 26.700607299804688,
        "t_final": [
          [
            [
              0.5283203125,
              0.03558349609375,
              0.84814453125,
              -0.6083984375
            ],
            [
              0.35302734375,
              0.8994140625,
              -0.257568359375,
              0.220458984375
            ],
            [
              -0.7724609375,
              0.435546875,
              0.462646484375,
              -0.178466796875
            ]
          ]
        ]
      },
      {
        "psnr": 11.344837188720703,
        "distortion": 0.061398670077323914,
        "rotation_rmse": 10.461458206176758,
        "translation_rmse_100": 33.876121520996094,
        "t_final": [
          [
            [
              0.685546875,
              -0.339111328125,
              0.64404296875,
              0.325927734375
            ],
            [
              0.60205078125,
              0.76123046875,
              -0.2403564453125,
              -0.02716064453125
            ],
            [
              -0.408935546875,
              0.552734375,
              0.72607421875,
              -0.08099365234375
            ]
          ]
        ]
      }
    ]
  }
}