{
  "trex_0_100_even_odd": {
    "best": {
      "psnr": 27.383657455444336,
      "distortion": 0.013432248495519161,
      "rotation_rmse": 0.013846266083419323,
      "translation_rmse_100": 0.029076378792524338,
      "t_final": [
        [
          [
            0.79052734375,
            -0.07916259765625,
            0.607421875,
            -0.2481689453125
          ],
          [
            0.35693359375,
            0.86572265625,
            -0.351806640625,
            -0.06842041015625
          ],
          [
            -0.497802734375,
            0.49462890625,
            0.71240234375,
            -0.1973876953125
          ]
        ]
      ]
    },
    "stats_list": [
      {
        "psnr": 11.625862121582031,
        "distortion": 0.031236648559570312,
        "rotation_rmse": 12.551594734191895,
        "translation_rmse_100": 21.250701904296875,
        "t_final": [
          [
            [
              0.86376953125,
              -0.316162109375,
              0.392578125,
              -0.00705718994140625
            ],
            [
              0.48095703125,
              0.75,
              -0.4541015625,
              -0.338134765625
            ],
            [
              -0.1510009765625,
              0.5810546875,
              0.7998046875,
              -0.2666015625
            ]
          ]
        ]
      },
      {
        "psnr": 9.971559524536133,
        "distortion": 0.11881662160158157,
        "rotation_rmse": 2.193183660507202,
        "translation_rmse_100": 23.11399269104004,
        "t_final": [
          [
            [
              0.78076171875,
              -0.10675048828125,
              0.61572265625,
              -0.3583984375
            ],
            [
              0.39990234375,
              0.84228515625,
              -0.361083984375,
              -0.2269287109375
            ],
            [
              -0.480224609375,
              0.5283203125,
              0.70068359375,
              0.153076171875
            ]
          ]
        ]
      },
      {
        "psnr": 11.727415084838867,
        "distortion": 0.21361304819583893,
        "rotation_rmse": 14.072175979614258,
        "translation_rmse_100": 74.24625396728516,
        "t_final": [
          [
            [
              0.96240234375,
              -0.1231689453125,
              0.2420654296875,
              0.99267578125
            ],
            [
              0.2337646484375,
              0.8291015625,
              -0.50732421875,
              -0.12188720703125
            ],
            [
              -0.1383056640625,
              0.544921875,
              0.8271484375,
              -0.53271484375
            ]
          ]
        ]
      },
      {
        "psnr": 11.557844161987305,
        "distortion": 0.03292401134967804,
        "rotation_rmse": 17.046199798583984,
        "translation_rmse_100": 18.692380905151367,
        "t_final": [
          [
            [
              0.779296875,
              -0.4580078125,
              0.427978515625,
              -0.299072265625
            ],
            [
              0.62255859375,
              0.6455078125,
              -0.44287109375,
              -0.278564453125
            ],
            [
              -0.073486328125,
              0.611328125,
              0.7880859375,
              -0.438232421875
            ]
          ]
        ]
      },
      {
        "psnr": 11.716272354125977,
        "distortion": 0.035086557269096375,
        "rotation_rmse": 20.288949966430664,
        "translation_rmse_100": 21.436691284179688,
        "t_final": [
          [
            [
              0.9765625,
              -0.0985107421875,
              0.190673828125,
              -0.07135009765625
            ],
            [
              0.1317138671875,
              0.9765625,
              -0.1702880859375,
              -0.32421875
            ],
            [
              -0.16943359375,
              0.1915283203125,
              0.966796875,
              -0.400634765625
            ]
          ]
        ]
      },
      {
        "psnr": 27.383657455444336,
        "distortion": 0.013432248495519161,
        "rotation_rmse": 0.013846266083419323,
        "translation_rmse_100": 0.029076378792524338,
        "t_final": [
          [
            [
              0.79052734375,
              -0.07916259765625,
              0.607421875,
              -0.2481689453125
            ],
            [
              0.35693359375,
              0.86572265625,
              -0.351806640625,
              -0.06842041015625
            ],
            [
              -0.497802734375,
              0.49462890625,
              0.71240234375,
              -0.1973876953125
            ]
          ]
        ]
      },
      {
        "psnr": 11.8831205368042,
        "distortion": 0.015876568853855133,
        "rotation_rmse": 0.6790212392807007,
        "translation_rmse_100": 9.476691246032715,
        "t_final": [
          [
            [
              0.79833984375,
              -0.05889892578125,
              0.599609375,
              -0.405029296875
            ],
            [
              0.342041015625,
              0.86328125,
              -0.370849609375,
              -0.11480712890625
            ],
            [
              -0.49560546875,
              0.5009765625,
              0.70947265625,
              -0.2021484375
            ]
          ]
        ]
      },
      {
        "psnr": 11.029725074768066,
        "distortion": 0.02605544961988926,
        "rotation_rmse": 9.159634590148926,
        "translation_rmse_100": 11.617953300476074,
        "t_final": [
          [
            [
              0.8828125,
              0.1505126953125,
              0.4453125,
              -0.44873046875
            ],
            [
              0.1434326171875,
              0.81591796875,
              -0.56005859375,
              -0.07232666015625
            ],
            [
              -0.44775390625,
              0.55810546875,
              0.69873046875,
              -0.204833984375
            ]
          ]
        ]
      },
      {
        "psnr": 25.6048583984375,
        "distortion": 0.023247646167874336,
        "rotation_rmse": 0.030186727643013,
        "translation_rmse_100": 0.07799089699983597,
        "t_final": [
          [
            [
              0.79052734375,
              -0.079345703125,
              0.607421875,
              -0.2490234375
            ],
            [
              0.357177734375,
              0.865234375,
              -0.351806640625,
              -0.0682373046875
            ],
            [
              -0.497802734375,
              0.4951171875,
              0.7119140625,
              -0.197509765625
            ]
          ]
        ]
      },
      {
        "psnr": 12.487008094787598,
        "distortion": 0.01997150480747223,
        "rotation_rmse": 9.193822860717773,
        "translation_rmse_100": 5.522797107696533,
        "t_final": [
          [
            [
              0.7587890625,
              -0.3798828125,
              0.529296875,
              -0.2169189453125
            ],
            [
              0.51904296875,
              0.84326171875,
              -0.139404296875,
              -0.1578369140625
            ],
            [
              -0.393310546875,
              0.38037109375,
              0.8369140625,
              -0.2113037109375
            ]
          ]
        ]
      }
    ]
  }
}