{
  "trex_50_50_0_01": {
    "best": {
      "psnr": 27.409902572631836,
      "distortion": 0.01427560392767191,
      "rotation_rmse": 0.011440275236964226,
      "translation_rmse_100": 0.01808011531829834,
      "t_final": [
        [
          [
            0.791015625,
            -0.07904052734375,
            0.60693359375,
            -0.2479248046875
          ],
          [
            0.3564453125,
            0.865234375,
            -0.351806640625,
            -0.06829833984375
          ],
          [
            -0.49755859375,
            0.49462890625,
            0.71240234375,
            -0.1976318359375
          ]
        ]
      ]
    },
    "stats_list": [
      {
        "psnr": 10.29127311706543,
        "distortion": 0.049465373158454895,
        "rotation_rmse": 13.539385795593262,
        "translation_rmse_100": 24.91924285888672,
        "t_final": [
          [
            [
              0.69287109375,
              -0.44140625,
              0.5703125,
              -0.0516357421875
            ],
            [
              0.66162109375,
              0.7041015625,
              -0.259033203125,
              -0.452392578125
            ],
            [
              -0.287109375,
              0.556640625,
              0.77978515625,
              -0.2161865234375
            ]
          ]
        ]
      },
      {
        "psnr": 9.459494590759277,
        "distortion": 0.028744187206029892,
        "rotation_rmse": 7.579155445098877,
        "translation_rmse_100": 27.529693603515625,
        "t_final": [
          [
            [
              0.74560546875,
              -0.0709228515625,
              0.6630859375,
              -0.529296875
            ],
            [
              0.458251953125,
              0.77685546875,
              -0.43212890625,
              -0.3837890625
            ],
            [
              -0.484375,
              0.62548828125,
              0.611328125,
              0.0228729248046875
            ]
          ]
        ]
      },
      {
        "psnr": 10.907748222351074,
        "distortion": 0.10744432359933853,
        "rotation_rmse": 11.693134307861328,
        "translation_rmse_100": 48.90791320800781,
        "t_final": [
          [
            [
              0.88330078125,
              -0.2255859375,
              0.41064453125,
              0.42431640625
            ],
            [
              0.431396484375,
              0.73388671875,
              -0.52490234375,
              0.09832763671875
            ],
            [
              -0.1829833984375,
              0.640625,
              0.74560546875,
              -0.685546875
            ]
          ]
        ]
      },
      {
        "psnr": 27.409902572631836,
        "distortion": 0.01427560392767191,
        "rotation_rmse": 0.011440275236964226,
        "translation_rmse_100": 0.01808011531829834,
        "t_final": [
          [
            [
              0.791015625,
              -0.07904052734375,
              0.60693359375,
              -0.2479248046875
            ],
            [
              0.3564453125,
              0.865234375,
              -0.351806640625,
              -0.06829833984375
            ],
            [
              -0.49755859375,
              0.49462890625,
              0.71240234375,
              -0.1976318359375
            ]
          ]
        ]
      },
      {
        "psnr": 27.196979522705078,
        "distortion": 0.015200141817331314,
        "rotation_rmse": 0.015356728807091713,
        "translation_rmse_100": 0.02224726788699627,
        "t_final": [
          [
            [
              0.791015625,
              -0.0784912109375,
              0.60693359375,
              -0.248046875
            ],
            [
              0.3564453125,
              0.86572265625,
              -0.35205078125,
              -0.06842041015625
            ],
            [
              -0.497802734375,
              0.494873046875,
              0.71240234375,
              -0.1973876953125
            ]
          ]
        ]
      },
      {
        "psnr": 11.247892379760742,
        "distortion": 0.18767862021923065,
        "rotation_rmse": 1.1474422216415405,
        "translation_rmse_100": 80.8055191040039,
        "t_final": [
          [
            [
              0.77880859375,
              -0.07666015625,
              0.6220703125,
              0.6865234375
            ],
            [
              0.371337890625,
              0.8564453125,
              -0.359130859375,
              0.0694580078125
            ],
            [
              -0.50537109375,
              0.5107421875,
              0.69580078125,
              -1.23046875
            ]
          ]
        ]
      },
      {
        "psnr": 11.106197357177734,
        "distortion": 0.026271993294358253,
        "rotation_rmse": 11.84536075592041,
        "translation_rmse_100": 9.764846801757812,
        "t_final": [
          [
            [
              0.70703125,
              0.113037109375,
              0.6982421875,
              -0.11480712890625
            ],
            [
              0.404052734375,
              0.74560546875,
              -0.52978515625,
              0.0250244140625
            ],
            [
              -0.580078125,
              0.65673828125,
              0.481689453125,
              -0.150146484375
            ]
          ]
        ]
      },
      {
        "psnr": 25.173128128051758,
        "distortion": 0.01965668611228466,
        "rotation_rmse": 0.01595194824039936,
        "translation_rmse_100": 0.01957225240767002,
        "t_final": [
          [
            [
              0.791015625,
              -0.07861328125,
              0.60693359375,
              -0.2479248046875
            ],
            [
              0.3564453125,
              0.865234375,
              -0.3525390625,
              -0.06817626953125
            ],
            [
              -0.497314453125,
              0.4951171875,
              0.71240234375,
              -0.197265625
            ]
          ]
        ]
      },
      {
        "psnr": 10.010133743286133,
        "distortion": 0.02307961694896221,
        "rotation_rmse": 20.618785858154297,
        "translation_rmse_100": 31.215133666992188,
        "t_final": [
          [
            [
              0.88232421875,
              -0.16845703125,
              0.43896484375,
              -0.6484375
            ],
            [
              0.462646484375,
              0.476318359375,
              -0.74755859375,
              0.179931640625
            ],
            [
              -0.0831298828125,
              0.86279296875,
              0.498291015625,
              -0.462158203125
            ]
          ]
        ]
      },
      {
        "psnr": 11.692285537719727,
        "distortion": 0.024298792704939842,
        "rotation_rmse": 11.816173553466797,
        "translation_rmse_100": 7.874670028686523,
        "t_final": [
          [
            [
              0.779296875,
              -0.437255859375,
              0.448974609375,
              -0.13427734375
            ],
            [
              0.5556640625,
              0.81298828125,
              -0.1732177734375,
              -0.143798828125
            ],
            [
              -0.2890625,
              0.384521484375,
              0.87646484375,
              -0.1905517578125
            ]
          ]
        ]
      }
    ]
  }
}