{
  "horns_30_70_even_odd": {
    "best": {
      "psnr": 28.192325592041016,
      "distortion": 0.011136652901768684,
      "rotation_rmse": 0.018992848694324493,
      "translation_rmse_100": 0.01167844794690609,
      "t_final": [
        [
          [
            0.85595703125,
            0.1358642578125,
            0.49853515625,
            -0.043670654296875
          ],
          [
            0.0341796875,
            0.94775390625,
            -0.31689453125,
            0.12890625
          ],
          [
            -0.515625,
            0.288330078125,
            0.806640625,
            -0.237548828125
          ]
        ]
      ]
    },
    "stats_list": [
      {
        "psnr": 8.77897834777832,
        "distortion": 0.055306993424892426,
        "rotation_rmse": 20.67013931274414,
        "translation_rmse_100": 21.38933753967285,
        "t_final": [
          [
            [
              0.96484375,
              -0.2159423828125,
              0.1492919921875,
              -0.058258056640625
            ],
            [
              0.262451171875,
              0.81005859375,
              -0.52392578125,
              -0.055419921875
            ],
            [
              -0.00786590576171875,
              0.544921875,
              0.83837890625,
              -0.55859375
            ]
          ]
        ]
      },
      {
        "psnr": 11.137821197509766,
        "distortion": 0.14951518177986145,
        "rotation_rmse": 24.105730056762695,
        "translation_rmse_100": 47.61297607421875,
        "t_final": [
          [
            [
              0.86865234375,
              -0.1337890625,
              0.477294921875,
              0.435302734375
            ],
            [
              0.434814453125,
              0.66796875,
              -0.60400390625,
              -0.25927734375
            ],
            [
              -0.238037109375,
              0.73193359375,
              0.63818359375,
              0.31005859375
            ]
          ]
        ]
      },
      {
        "psnr": 11.887693405151367,
        "distortion": 0.035994693636894226,
        "rotation_rmse": 23.373538970947266,
        "translation_rmse_100": 23.524751663208008,
        "t_final": [
          [
            [
              0.9580078125,
              -0.282470703125,
              -0.04736328125,
              -0.112548828125
            ],
            [
              0.259033203125,
              0.9248046875,
              -0.27783203125,
              -0.178466796875
            ],
            [
              0.122314453125,
              0.25390625,
              0.95947265625,
              -0.49609375
            ]
          ]
        ]
      },
      {
        "psnr": 11.075336456298828,
        "distortion": 0.09420978277921677,
        "rotation_rmse": 19.423892974853516,
        "translation_rmse_100": 12.611616134643555,
        "t_final": [
          [
            [
              0.86279296875,
              0.195556640625,
              0.4658203125,
              0.09417724609375
            ],
            [
              0.212890625,
              0.69580078125,
              -0.68603515625,
              0.1123046875
            ],
            [
              -0.458251953125,
              0.69140625,
              0.55859375,
              -0.406005859375
            ]
          ]
        ]
      },
      {
        "psnr": 28.192325592041016,
        "distortion": 0.011136652901768684,
        "rotation_rmse": 0.018992848694324493,
        "translation_rmse_100": 0.01167844794690609,
        "t_final": [
          [
            [
              0.85595703125,
              0.1358642578125,
              0.49853515625,
              -0.043670654296875
            ],
            [
              0.0341796875,
              0.94775390625,
              -0.31689453125,
              0.12890625
            ],
            [
              -0.515625,
              0.288330078125,
              0.806640625,
              -0.237548828125
            ]
          ]
        ]
      },
      {
        "psnr": 11.313959121704102,
        "distortion": 0.07152359187602997,
        "rotation_rmse": 9.835539817810059,
        "translation_rmse_100": 57.78077697753906,
        "t_final": [
          [
            [
              0.837890625,
              0.34130859375,
              0.42578125,
              -0.7333984375
            ],
            [
              -0.2012939453125,
              0.9189453125,
              -0.340087890625,
              -0.326416015625
            ],
            [
              -0.50732421875,
              0.19921875,
              0.83837890625,
              0.3271484375
            ]
          ]
        ]
      },
      {
        "psnr": 10.962422370910645,
        "distortion": 0.11352524161338806,
        "rotation_rmse": 17.02762222290039,
        "translation_rmse_100": 29.343557357788086,
        "t_final": [
          [
            [
              0.8701171875,
              0.01342010498046875,
              0.492919921875,
              0.455078125
            ],
            [
              0.29833984375,
              0.78125,
              -0.5478515625,
              0.2144775390625
            ],
            [
              -0.392333984375,
              0.6240234375,
              0.67578125,
              -0.1923828125
            ]
          ]
        ]
      },
      {
        "psnr": 11.689955711364746,
        "distortion": 0.0988241657614708,
        "rotation_rmse": 12.676551818847656,
        "translation_rmse_100": 36.51765441894531,
        "t_final": [
          [
            [
              0.92529296875,
              0.1806640625,
              0.332763671875,
              0.56884765625
            ],
            [
              0.06732177734375,
              0.78662109375,
              -0.6142578125,
              0.1591796875
            ],
            [
              -0.372802734375,
              0.5908203125,
              0.7158203125,
              -0.08349609375
            ]
          ]
        ]
      },
      {
        "psnr": 11.229412078857422,
        "distortion": 0.06575828045606613,
        "rotation_rmse": 14.670222282409668,
        "translation_rmse_100": 19.30058479309082,
        "t_final": [
          [
            [
              0.81982421875,
              0.53125,
              0.2132568359375,
              -0.360107421875
            ],
            [
              -0.318603515625,
              0.73291015625,
              -0.60107421875,
              0.03948974609375
            ],
            [
              -0.4755859375,
              0.425048828125,
              0.77001953125,
              -0.298828125
            ]
          ]
        ]
      },
      {
        "psnr": 12.132133483886719,
        "distortion": 0.04231584444642067,
        "rotation_rmse": 26.54120445251465,
        "translation_rmse_100": 44.23046112060547,
        "t_final": [
          [
            [
              0.9111328125,
              -0.1937255859375,
              0.36376953125,
              -0.4423828125
            ],
            [
              0.40283203125,
              0.60498046875,
              -0.6865234375,
              -0.448974609375
            ],
            [
              -0.087158203125,
              0.7724609375,
              0.62939453125,
              -0.54443359375
            ]
          ]
        ]
      }
    ]
  }
}