{
  "horns_50_50": {
    "best": {
      "psnr": 27.959814071655273,
      "distortion": 0.008479705080389977,
      "rotation_rmse": 0.011981116607785225,
      "translation_rmse_100": 0.01306573860347271,
      "t_final": [
        [
          [
            0.85595703125,
            0.1356201171875,
            0.498779296875,
            -0.043975830078125
          ],
          [
            0.0345458984375,
            0.94775390625,
            -0.31689453125,
            0.128662109375
          ],
          [
            -0.515625,
            0.28857421875,
            0.806640625,
            -0.237548828125
          ]
        ]
      ]
    },
    "stats_list": [
      {
        "psnr": 27.959814071655273,
        "distortion": 0.008479705080389977,
        "rotation_rmse": 0.011981116607785225,
        "translation_rmse_100": 0.01306573860347271,
        "t_final": [
          [
            [
              0.85595703125,
              0.1356201171875,
              0.498779296875,
              -0.043975830078125
            ],
            [
              0.0345458984375,
              0.94775390625,
              -0.31689453125,
              0.128662109375
            ],
            [
              -0.515625,
              0.28857421875,
              0.806640625,
              -0.237548828125
            ]
          ]
        ]
      },
      {
        "psnr": 12.442091941833496,
        "distortion": 0.015591316856443882,
        "rotation_rmse": 23.479772567749023,
        "translation_rmse_100": 6.301629543304443,
        "t_final": [
          [
            [
              0.90869140625,
              -0.2364501953125,
              0.343505859375,
              -0.1309814453125
            ],
            [
              0.405029296875,
              0.69677734375,
              -0.59228515625,
              0.08251953125
            ],
            [
              -0.0992431640625,
              0.67724609375,
              0.72900390625,
              -0.2841796875
            ]
          ]
        ]
      },
      {
        "psnr": 23.7507381439209,
        "distortion": 0.012664619833230972,
        "rotation_rmse": 0.012039853259921074,
        "translation_rmse_100": 0.031354643404483795,
        "t_final": [
          [
            [
              0.85595703125,
              0.1358642578125,
              0.499267578125,
              -0.044403076171875
            ],
            [
              0.034332275390625,
              0.94775390625,
              -0.31689453125,
              0.1287841796875
            ],
            [
              -0.51611328125,
              0.288330078125,
              0.806640625,
              -0.237548828125
            ]
          ]
        ]
      },
      {
        "psnr": 12.065608978271484,
        "distortion": 0.0729701891541481,
        "rotation_rmse": 21.682504653930664,
        "translation_rmse_100": 15.51168441772461,
        "t_final": [
          [
            [
              0.78076171875,
              -0.11700439453125,
              0.61328125,
              0.1663818359375
            ],
            [
              0.4609375,
              0.77099609375,
              -0.439697265625,
              0.09637451171875
            ],
            [
              -0.42138671875,
              0.6259765625,
              0.65576171875,
              -0.401611328125
            ]
          ]
        ]
      },
      {
        "psnr": 8.674942016601562,
        "distortion": 0.025784313678741455,
        "rotation_rmse": 5.729088306427002,
        "translation_rmse_100": 40.700233459472656,
        "t_final": [
          [
            [
              0.84814453125,
              0.006275177001953125,
              0.52978515625,
              -0.6142578125
            ],
            [
              0.174072265625,
              0.94091796875,
              -0.289794921875,
              -0.21240234375
            ],
            [
              -0.50048828125,
              0.338134765625,
              0.796875,
              -0.0026912689208984375
            ]
          ]
        ]
      },
      {
        "psnr": 9.645153999328613,
        "distortion": 0.07908469438552856,
        "rotation_rmse": 20.908203125,
        "translation_rmse_100": 24.286176681518555,
        "t_final": [
          [
            [
              0.85595703125,
              -0.4580078125,
              0.2396240234375,
              0.27880859375
            ],
            [
              0.494140625,
              0.861328125,
              -0.118408203125,
              0.134765625
            ],
            [
              -0.1522216796875,
              0.2197265625,
              0.96337890625,
              -0.50732421875
            ]
          ]
        ]
      },
      {
        "psnr": 21.05306625366211,
        "distortion": 0.015035794116556644,
        "rotation_rmse": 0.033720292150974274,
        "translation_rmse_100": 0.033636435866355896,
        "t_final": [
          [
            [
              0.85546875,
              0.135986328125,
              0.49951171875,
              -0.044403076171875
            ],
            [
              0.034820556640625,
              0.94775390625,
              -0.3173828125,
              0.12890625
            ],
            [
              -0.5166015625,
              0.2890625,
              0.80615234375,
              -0.2373046875
            ]
          ]
        ]
      },
      {
        "psnr": 11.75606632232666,
        "distortion": 0.19094102084636688,
        "rotation_rmse": 7.108556270599365,
        "translation_rmse_100": 80.21675872802734,
        "t_final": [
          [
            [
              0.88525390625,
              0.19482421875,
              0.4228515625,
              1.30859375
            ],
            [
              0.048370361328125,
              0.86474609375,
              -0.499755859375,
              -0.18896484375
            ],
            [
              -0.462890625,
              0.462646484375,
              0.755859375,
              -0.253662109375
            ]
          ]
        ]
      },
      {
        "psnr": 11.14259147644043,
        "distortion": 0.109702929854393,
        "rotation_rmse": 32.52391815185547,
        "translation_rmse_100": 30.267650604248047,
        "t_final": [
          [
            [
              0.88623046875,
              -0.002960205078125,
              0.463134765625,
              -0.2073974609375
            ],
            [
              0.41943359375,
              0.428466796875,
              -0.80029296875,
              0.042236328125
            ],
            [
              -0.1961669921875,
              0.90380859375,
              0.380859375,
              -0.72802734375
            ]
          ]
        ]
      },
      {
        "psnr": 13.492875099182129,
        "distortion": 0.05518154427409172,
        "rotation_rmse": 20.530725479125977,
        "translation_rmse_100": 51.003807067871094,
        "t_final": [
          [
            [
              0.95166015625,
              -0.1500244140625,
              0.26806640625,
              -0.45263671875
            ],
            [
              0.286865234375,
              0.74609375,
              -0.6005859375,
              -0.51416015625
            ],
            [
              -0.1099853515625,
              0.6484375,
              0.75341796875,
              -0.6845703125
            ]
          ]
        ]
      }
    ]
  }
}