{
  "trex_0_100_even_odd_0_1": {
    "best": {
      "psnr": 24.84347915649414,
      "distortion": 0.015804870054125786,
      "rotation_rmse": 0.01040312834084034,
      "translation_rmse_100": 0.0497235432267189,
      "t_final": [
        [
          [
            0.79052734375,
            -0.07861328125,
            0.60693359375,
            -0.24853515625
          ],
          [
            0.3564453125,
            0.86572265625,
            -0.352294921875,
            -0.068359375
          ],
          [
            -0.49755859375,
            0.494873046875,
            0.71240234375,
            -0.197509765625
          ]
        ]
      ]
    },
    "stats_list": [
      {
        "psnr": 12.025073051452637,
        "distortion": 0.06332627683877945,
        "rotation_rmse": 17.41315460205078,
        "translation_rmse_100": 30.545743942260742,
        "t_final": [
          [
            [
              0.78955078125,
              -0.50927734375,
              0.341796875,
              0.1583251953125
            ],
            [
              0.61083984375,
              0.7060546875,
              -0.358642578125,
              -0.392578125
            ],
            [
              -0.058502197265625,
              0.491943359375,
              0.86865234375,
              -0.297119140625
            ]
          ]
        ]
      },
      {
        "psnr": 19.875444412231445,
        "distortion": 0.015996087342500687,
        "rotation_rmse": 0.004495768342167139,
        "translation_rmse_100": 0.03668824955821037,
        "t_final": [
          [
            [
              0.79052734375,
              -0.078857421875,
              0.60693359375,
              -0.248291015625
            ],
            [
              0.356689453125,
              0.86572265625,
              -0.35205078125,
              -0.0684814453125
            ],
            [
              -0.49755859375,
              0.494873046875,
              0.71240234375,
              -0.1973876953125
            ]
          ]
        ]
      },
      {
        "psnr": 12.462982177734375,
        "distortion": 0.24186567962169647,
        "rotation_rmse": 21.747764587402344,
        "translation_rmse_100": 117.05699157714844,
        "t_final": [
          [
            [
              0.98193359375,
              -0.1761474609375,
              0.06732177734375,
              1.701171875
            ],
            [
              0.1744384765625,
              0.71337890625,
              -0.6787109375,
              0.281982421875
            ],
            [
              0.071533203125,
              0.67822265625,
              0.73095703125,
              -0.63330078125
            ]
          ]
        ]
      },
      {
        "psnr": 21.322494506835938,
        "distortion": 0.01954404078423977,
        "rotation_rmse": 0.010339701548218727,
        "translation_rmse_100": 0.009293632581830025,
        "t_final": [
          [
            [
              0.79052734375,
              -0.07891845703125,
              0.60693359375,
              -0.24755859375
            ],
            [
              0.356689453125,
              0.86572265625,
              -0.351806640625,
              -0.06842041015625
            ],
            [
              -0.49755859375,
              0.49462890625,
              0.71240234375,
              -0.1973876953125
            ]
          ]
        ]
      },
      {
        "psnr": 12.309225082397461,
        "distortion": 0.08774124830961227,
        "rotation_rmse": 10.746330261230469,
        "translation_rmse_100": 15.645111083984375,
        "t_final": [
          [
            [
              0.75341796875,
              -0.426025390625,
              0.5009765625,
              -0.218994140625
            ],
            [
              0.552734375,
              0.82275390625,
              -0.1314697265625,
              0.151123046875
            ],
            [
              -0.3564453125,
              0.3759765625,
              0.85546875,
              -0.04107666015625
            ]
          ]
        ]
      },
      {
        "psnr": 24.84347915649414,
        "distortion": 0.015804870054125786,
        "rotation_rmse": 0.01040312834084034,
        "translation_rmse_100": 0.0497235432267189,
        "t_final": [
          [
            [
              0.79052734375,
              -0.07861328125,
              0.60693359375,
              -0.24853515625
            ],
            [
              0.3564453125,
              0.86572265625,
              -0.352294921875,
              -0.068359375
            ],
            [
              -0.49755859375,
              0.494873046875,
              0.71240234375,
              -0.197509765625
            ]
          ]
        ]
      },
      {
        "psnr": 21.966819763183594,
        "distortion": 0.019070781767368317,
        "rotation_rmse": 0.013144888915121555,
        "translation_rmse_100": 0.009210404008626938,
        "t_final": [
          [
            [
              0.791015625,
              -0.07904052734375,
              0.60693359375,
              -0.2476806640625
            ],
            [
              0.35693359375,
              0.865234375,
              -0.35205078125,
              -0.06817626953125
            ],
            [
              -0.497314453125,
              0.4951171875,
              0.71240234375,
              -0.1973876953125
            ]
          ]
        ]
      },
      {
        "psnr": 11.318089485168457,
        "distortion": 0.0305453073233366,
        "rotation_rmse": 8.595266342163086,
        "translation_rmse_100": 9.17789077758789,
        "t_final": [
          [
            [
              0.8564453125,
              0.125244140625,
              0.5009765625,
              -0.394287109375
            ],
            [
              0.143798828125,
              0.8740234375,
              -0.46435546875,
              -0.129150390625
            ],
            [
              -0.495849609375,
              0.4697265625,
              0.73046875,
              -0.188720703125
            ]
          ]
        ]
      },
      {
        "psnr": 10.189159393310547,
        "distortion": 0.036444343626499176,
        "rotation_rmse": 12.198756217956543,
        "translation_rmse_100": 26.36890983581543,
        "t_final": [
          [
            [
              0.55908203125,
              -0.26953125,
              0.7841796875,
              -0.69091796875
            ],
            [
              0.5078125,
              0.85888671875,
              -0.0670166015625,
              -0.0013751983642578125
            ],
            [
              -0.6552734375,
              0.435546875,
              0.6171875,
              -0.284912109375
            ]
          ]
        ]
      },
      {
        "psnr": 23.056255340576172,
        "distortion": 0.021380968391895294,
        "rotation_rmse": 0.007183507550507784,
        "translation_rmse_100": 0.013635651208460331,
        "t_final": [
          [
            [
              0.791015625,
              -0.078857421875,
              0.60693359375,
              -0.247802734375
            ],
            [
              0.3564453125,
              0.865234375,
              -0.35205078125,
              -0.06842041015625
            ],
            [
              -0.49755859375,
              0.494873046875,
              0.71240234375,
              -0.197265625
            ]
          ]
        ]
      }
    ]
  }
}