{
  "lion_30_70_even_odd": {
    "best": {
      "psnr": 31.305879592895508,
      "distortion": 0.0029973185155540705,
      "rotation_rmse": 0.02083735167980194,
      "translation_rmse_100": 0.016280217096209526,
      "t_final": [
        [
          [
            0.92041015625,
            -0.2403564453125,
            0.308837890625,
            0.30435773730278015
          ],
          [
            0.30615234375,
            0.93359375,
            -0.185546875,
            0.18292610347270966
          ],
          [
            -0.2437744140625,
            0.26513671875,
            0.9326171875,
            -0.1189778745174408
          ]
        ]
      ],
      "t0_rotation_rmse": 2.9533848762512207,
      "t0_translation_rmse_100": 2.971428871154785
    },
    "stats_list": [
      {
        "psnr": 31.305879592895508,
        "distortion": 0.0029973185155540705,
        "rotation_rmse": 0.02083735167980194,
        "translation_rmse_100": 0.016280217096209526,
        "t_final": [
          [
            [
              0.92041015625,
              -0.2403564453125,
              0.308837890625,
              0.30435773730278015
            ],
            [
              0.30615234375,
              0.93359375,
              -0.185546875,
              0.18292610347270966
            ],
            [
              -0.2437744140625,
              0.26513671875,
              0.9326171875,
              -0.1189778745174408
            ]
          ]
        ],
        "t0_rotation_rmse": 2.9533848762512207,
        "t0_translation_rmse_100": 2.971428871154785
      }
    ]
  },
  "table_30_70_even_odd": {
    "best": {
      "psnr": 26.4426212310791,
      "distortion": 0.024055257439613342,
      "rotation_rmse": 0.01091237086802721,
      "translation_rmse_100": 0.026088478043675423,
      "t_final": [
        [
          [
            0.98681640625,
            0.044281005859375,
            0.1566162109375,
            -0.056542497128248215
          ],
          [
            0.011505126953125,
            0.94091796875,
            -0.338623046875,
            0.15533843636512756
          ],
          [
            -0.162353515625,
            0.3359375,
            0.92822265625,
            -0.18814165890216827
          ]
        ]
      ],
      "t0_rotation_rmse": 1.248037338256836,
      "t0_translation_rmse_100": 1.0841610431671143
    },
    "stats_list": [
      {
        "psnr": 26.4426212310791,
        "distortion": 0.024055257439613342,
        "rotation_rmse": 0.01091237086802721,
        "translation_rmse_100": 0.026088478043675423,
        "t_final": [
          [
            [
              0.98681640625,
              0.044281005859375,
              0.1566162109375,
              -0.056542497128248215
            ],
            [
              0.011505126953125,
              0.94091796875,
              -0.338623046875,
              0.15533843636512756
            ],
            [
              -0.162353515625,
              0.3359375,
              0.92822265625,
              -0.18814165890216827
            ]
          ]
        ],
        "t0_rotation_rmse": 1.248037338256836,
        "t0_translation_rmse_100": 1.0841610431671143
      }
    ]
  }
}