{
  "trex_30_70_even_odd_0_01": {
    "best": {
      "psnr": 28.92870330810547,
      "distortion": 0.01321722473949194,
      "rotation_rmse": 0.018508102744817734,
      "translation_rmse_100": 0.004228546284139156,
      "t_final": [
        [
          [
            0.791015625,
            -0.07879638671875,
            0.60693359375,
            -0.2476806640625
          ],
          [
            0.356201171875,
            0.865234375,
            -0.35205078125,
            -0.06829833984375
          ],
          [
            -0.49755859375,
            0.494384765625,
            0.71240234375,
            -0.197509765625
          ]
        ]
      ]
    },
    "stats_list": [
      {
        "psnr": 11.635135650634766,
        "distortion": 0.019605252891778946,
        "rotation_rmse": 3.9509527683258057,
        "translation_rmse_100": 12.12740707397461,
        "t_final": [
          [
            [
              0.826171875,
              0.0254364013671875,
              0.56298828125,
              -0.4560546875
            ],
            [
              0.259521484375,
              0.86962890625,
              -0.420166015625,
              -0.0919189453125
            ],
            [
              -0.5,
              0.4931640625,
              0.7119140625,
              -0.1854248046875
            ]
          ]
        ]
      },
      {
        "psnr": 10.628890991210938,
        "distortion": 0.02182055450975895,
        "rotation_rmse": 13.518221855163574,
        "translation_rmse_100": 30.56350326538086,
        "t_final": [
          [
            [
              0.8212890625,
              -0.427001953125,
              0.3779296875,
              -0.490234375
            ],
            [
              0.5009765625,
              0.85693359375,
              -0.1207275390625,
              -0.51513671875
            ],
            [
              -0.272216796875,
              0.288330078125,
              0.91796875,
              -0.344970703125
            ]
          ]
        ]
      },
      {
        "psnr": 10.496752738952637,
        "distortion": 0.03797013312578201,
        "rotation_rmse": 12.175517082214355,
        "translation_rmse_100": 41.76862716674805,
        "t_final": [
          [
            [
              0.8583984375,
              -0.293701171875,
              0.4208984375,
              0.439208984375
            ],
            [
              0.484619140625,
              0.73388671875,
              -0.47607421875,
              0.06005859375
            ],
            [
              -0.1688232421875,
              0.61279296875,
              0.77197265625,
              -0.384765625
            ]
          ]
        ]
      },
      {
        "psnr": 11.268543243408203,
        "distortion": 0.1934618055820465,
        "rotation_rmse": 18.80561637878418,
        "translation_rmse_100": 80.25257873535156,
        "t_final": [
          [
            [
              0.80029296875,
              -0.1414794921875,
              0.58349609375,
              0.841796875
            ],
            [
              0.5625,
              0.5146484375,
              -0.64697265625,
              0.4306640625
            ],
            [
              -0.2088623046875,
              0.84521484375,
              0.491455078125,
              -0.90185546875
            ]
          ]
        ]
      },
      {
        "psnr": 28.92870330810547,
        "distortion": 0.01321722473949194,
        "rotation_rmse": 0.018508102744817734,
        "translation_rmse_100": 0.004228546284139156,
        "t_final": [
          [
            [
              0.791015625,
              -0.07879638671875,
              0.60693359375,
              -0.2476806640625
            ],
            [
              0.356201171875,
              0.865234375,
              -0.35205078125,
              -0.06829833984375
            ],
            [
              -0.49755859375,
              0.494384765625,
              0.71240234375,
              -0.197509765625
            ]
          ]
        ]
      },
      {
        "psnr": 28.53927230834961,
        "distortion": 0.014178910292685032,
        "rotation_rmse": 0.014609838835895061,
        "translation_rmse_100": 0.006020492408424616,
        "t_final": [
          [
            [
              0.79052734375,
              -0.0787353515625,
              0.607421875,
              -0.2476806640625
            ],
            [
              0.356689453125,
              0.865234375,
              -0.352294921875,
              -0.0682373046875
            ],
            [
              -0.49755859375,
              0.4951171875,
              0.71240234375,
              -0.1973876953125
            ]
          ]
        ]
      },
      {
        "psnr": 10.551833152770996,
        "distortion": 0.04176276549696922,
        "rotation_rmse": 18.124956130981445,
        "translation_rmse_100": 22.85551643371582,
        "t_final": [
          [
            [
              0.95947265625,
              -0.177001953125,
              0.2196044921875,
              0.03485107421875
            ],
            [
              0.218505859375,
              0.95849609375,
              -0.181884765625,
              -0.317626953125
            ],
            [
              -0.1783447265625,
              0.222412109375,
              0.95849609375,
              -0.31884765625
            ]
          ]
        ]
      },
      {
        "psnr": 11.923211097717285,
        "distortion": 0.019872406497597694,
        "rotation_rmse": 11.737595558166504,
        "translation_rmse_100": 13.220584869384766,
        "t_final": [
          [
            [
              0.70849609375,
              -0.270263671875,
              0.65185546875,
              -0.075439453125
            ],
            [
              0.3486328125,
              0.9375,
              0.00977325439453125,
              0.07379150390625
            ],
            [
              -0.61328125,
              0.22021484375,
              0.75830078125,
              -0.146728515625
            ]
          ]
        ]
      },
      {
        "psnr": 9.589324951171875,
        "distortion": 0.05131367966532707,
        "rotation_rmse": 23.14382553100586,
        "translation_rmse_100": 32.98178482055664,
        "t_final": [
          [
            [
              0.84130859375,
              -0.486572265625,
              0.23486328125,
              -0.386962890625
            ],
            [
              0.51611328125,
              0.595703125,
              -0.61572265625,
              0.0272064208984375
            ],
            [
              0.1597900390625,
              0.63916015625,
              0.75244140625,
              -0.7431640625
            ]
          ]
        ]
      },
      {
        "psnr": 10.98345947265625,
        "distortion": 0.018064377829432487,
        "rotation_rmse": 14.34172248840332,
        "translation_rmse_100": 20.891698837280273,
        "t_final": [
          [
            [
              0.69873046875,
              -0.40576171875,
              0.5888671875,
              0.0894775390625
            ],
            [
              0.66552734375,
              0.67041015625,
              -0.328125,
              -0.198486328125
            ],
            [
              -0.261474609375,
              0.62158203125,
              0.73828125,
              -0.179443359375
            ]
          ]
        ]
      }
    ]
  }
}