{
  "trex_0_100_even_odd_0_01": {
    "best": {
      "psnr": 28.859142303466797,
      "distortion": 0.015019683167338371,
      "rotation_rmse": 0.014674069359898567,
      "translation_rmse_100": 0.006020492408424616,
      "t_final": [
        [
          [
            0.791015625,
            -0.07928466796875,
            0.60693359375,
            -0.2476806640625
          ],
          [
            0.35693359375,
            0.865234375,
            -0.35205078125,
            -0.0682373046875
          ],
          [
            -0.497314453125,
            0.494873046875,
            0.71240234375,
            -0.1973876953125
          ]
        ]
      ]
    },
    "stats_list": [
      {
        "psnr": 11.409492492675781,
        "distortion": 0.16984234750270844,
        "rotation_rmse": 9.557077407836914,
        "translation_rmse_100": 48.10061264038086,
        "t_final": [
          [
            [
              0.74462890625,
              -0.07366943359375,
              0.66357421875,
              0.4384765625
            ],
            [
              0.247314453125,
              0.95361328125,
              -0.1717529296875,
              0.376220703125
            ],
            [
              -0.6201171875,
              0.2919921875,
              0.72802734375,
              -0.357666015625
            ]
          ]
        ]
      },
      {
        "psnr": 10.296252250671387,
        "distortion": 0.019420577213168144,
        "rotation_rmse": 17.19049644470215,
        "translation_rmse_100": 24.550323486328125,
        "t_final": [
          [
            [
              0.9140625,
              -0.1505126953125,
              0.376220703125,
              -0.359375
            ],
            [
              0.195068359375,
              0.9775390625,
              -0.08294677734375,
              -0.4775390625
            ],
            [
              -0.355224609375,
              0.1492919921875,
              0.9228515625,
              -0.2271728515625
            ]
          ]
        ]
      },
      {
        "psnr": 11.679436683654785,
        "distortion": 0.07664506137371063,
        "rotation_rmse": 10.784258842468262,
        "translation_rmse_100": 31.316757202148438,
        "t_final": [
          [
            [
              0.92919921875,
              -0.11285400390625,
              0.3515625,
              0.1346435546875
            ],
            [
              0.2486572265625,
              0.89501953125,
              -0.369873046875,
              0.31640625
            ],
            [
              -0.27294921875,
              0.43115234375,
              0.85986328125,
              -0.191650390625
            ]
          ]
        ]
      },
      {
        "psnr": 11.518715858459473,
        "distortion": 0.07827170193195343,
        "rotation_rmse": 33.13942337036133,
        "translation_rmse_100": 43.08730697631836,
        "t_final": [
          [
            [
              0.18896484375,
              -0.80078125,
              0.56884765625,
              0.271484375
            ],
            [
              0.958984375,
              0.274658203125,
              0.06781005859375,
              -0.5947265625
            ],
            [
              -0.2103271484375,
              0.53271484375,
              0.81982421875,
              -0.299072265625
            ]
          ]
        ]
      },
      {
        "psnr": 11.809937477111816,
        "distortion": 0.2409220188856125,
        "rotation_rmse": 30.788827896118164,
        "translation_rmse_100": 84.82159423828125,
        "t_final": [
          [
            [
              0.475830078125,
              -0.80517578125,
              0.35400390625,
              1.1328125
            ],
            [
              0.49951171875,
              0.57861328125,
              0.64453125,
              -0.501953125
            ],
            [
              -0.72412109375,
              -0.129638671875,
              0.677734375,
              -0.45166015625
            ]
          ]
        ]
      },
      {
        "psnr": 10.152244567871094,
        "distortion": 0.04383527860045433,
        "rotation_rmse": 51.582576751708984,
        "translation_rmse_100": 28.606107711791992,
        "t_final": [
          [
            [
              0.33837890625,
              0.59228515625,
              0.7314453125,
              -0.342041015625
            ],
            [
              -0.35009765625,
              0.80078125,
              -0.486083984375,
              0.07745361328125
            ],
            [
              -0.87353515625,
              -0.091796875,
              0.478515625,
              0.2666015625
            ]
          ]
        ]
      },
      {
        "psnr": 28.859142303466797,
        "distortion": 0.015019683167338371,
        "rotation_rmse": 0.014674069359898567,
        "translation_rmse_100": 0.006020492408424616,
        "t_final": [
          [
            [
              0.791015625,
              -0.07928466796875,
              0.60693359375,
              -0.2476806640625
            ],
            [
              0.35693359375,
              0.865234375,
              -0.35205078125,
              -0.0682373046875
            ],
            [
              -0.497314453125,
              0.494873046875,
              0.71240234375,
              -0.1973876953125
            ]
          ]
        ]
      },
      {
        "psnr": 12.442500114440918,
        "distortion": 0.034935545176267624,
        "rotation_rmse": 19.441076278686523,
        "translation_rmse_100": 4.154765605926514,
        "t_final": [
          [
            [
              0.469482421875,
              -0.63037109375,
              0.6181640625,
              -0.29638671875
            ],
            [
              0.63720703125,
              0.7265625,
              0.256591796875,
              -0.0156097412109375
            ],
            [
              -0.61083984375,
              0.273681640625,
              0.7431640625,
              -0.20263671875
            ]
          ]
        ]
      },
      {
        "psnr": 11.00107192993164,
        "distortion": 0.07307163625955582,
        "rotation_rmse": 17.121721267700195,
        "translation_rmse_100": 47.853736877441406,
        "t_final": [
          [
            [
              0.94775390625,
              -0.247802734375,
              0.2003173828125,
              -0.3076171875
            ],
            [
              0.318359375,
              0.76416015625,
              -0.5615234375,
              0.37451171875
            ],
            [
              -0.01386260986328125,
              0.595703125,
              0.80322265625,
              -0.8955078125
            ]
          ]
        ]
      },
      {
        "psnr": 28.853313446044922,
        "distortion": 0.012142186053097248,
        "rotation_rmse": 0.018392110243439674,
        "translation_rmse_100": 0.014723486267030239,
        "t_final": [
          [
            [
              0.79052734375,
              -0.07867431640625,
              0.607421875,
              -0.2479248046875
            ],
            [
              0.3564453125,
              0.86572265625,
              -0.351806640625,
              -0.06829833984375
            ],
            [
              -0.498046875,
              0.49462890625,
              0.71240234375,
              -0.1973876953125
            ]
          ]
        ]
      }
    ]
  }
}