{
  "trex_0_100_even_odd_0_2": {
    "best": {
      "psnr": 19.33292579650879,
      "distortion": 0.021602923050522804,
      "rotation_rmse": 0.016468729823827744,
      "translation_rmse_100": 0.03125967085361481,
      "t_final": [
        [
          [
            0.79052734375,
            -0.0794677734375,
            0.60693359375,
            -0.2481689453125
          ],
          [
            0.356689453125,
            0.865234375,
            -0.3515625,
            -0.06854248046875
          ],
          [
            -0.497314453125,
            0.49462890625,
            0.712890625,
            -0.197509765625
          ]
        ]
      ]
    },
    "stats_list": [
      {
        "psnr": 11.097379684448242,
        "distortion": 0.1595289409160614,
        "rotation_rmse": 5.958391189575195,
        "translation_rmse_100": 47.94771194458008,
        "t_final": [
          [
            [
              0.79052734375,
              -0.261962890625,
              0.5537109375,
              0.40478515625
            ],
            [
              0.4345703125,
              0.876953125,
              -0.20556640625,
              0.23828125
            ],
            [
              -0.431884765625,
              0.403076171875,
              0.806640625,
              0.21484375
            ]
          ]
        ]
      },
      {
        "psnr": 19.33292579650879,
        "distortion": 0.021602923050522804,
        "rotation_rmse": 0.016468729823827744,
        "translation_rmse_100": 0.03125967085361481,
        "t_final": [
          [
            [
              0.79052734375,
              -0.0794677734375,
              0.60693359375,
              -0.2481689453125
            ],
            [
              0.356689453125,
              0.865234375,
              -0.3515625,
              -0.06854248046875
            ],
            [
              -0.497314453125,
              0.49462890625,
              0.712890625,
              -0.197509765625
            ]
          ]
        ]
      },
      {
        "psnr": 11.038596153259277,
        "distortion": 0.1610669195652008,
        "rotation_rmse": 25.588499069213867,
        "translation_rmse_100": 63.30952072143555,
        "t_final": [
          [
            [
              0.69091796875,
              -0.67919921875,
              0.2486572265625,
              0.68994140625
            ],
            [
              0.7080078125,
              0.56591796875,
              -0.422119140625,
              0.34912109375
            ],
            [
              0.1458740234375,
              0.4677734375,
              0.87158203125,
              -0.58349609375
            ]
          ]
        ]
      },
      {
        "psnr": 11.774507522583008,
        "distortion": 0.22416065633296967,
        "rotation_rmse": 54.53076171875,
        "translation_rmse_100": 99.25797271728516,
        "t_final": [
          [
            [
              0.56005859375,
              0.454345703125,
              0.69287109375,
              1.291015625
            ],
            [
              -0.58740234375,
              0.80712890625,
              -0.054718017578125,
              0.170166015625
            ],
            [
              -0.583984375,
              -0.37646484375,
              0.71923828125,
              -0.92626953125
            ]
          ]
        ]
      },
      {
        "psnr": 10.596962928771973,
        "distortion": 0.059956178069114685,
        "rotation_rmse": 4.7896199226379395,
        "translation_rmse_100": 32.81361770629883,
        "t_final": [
          [
            [
              0.8330078125,
              -0.005977630615234375,
              0.5537109375,
              -0.0595703125
            ],
            [
              0.33544921875,
              0.80078125,
              -0.49609375,
              0.447509765625
            ],
            [
              -0.4404296875,
              0.5986328125,
              0.6689453125,
              -0.34423828125
            ]
          ]
        ]
      },
      {
        "psnr": 10.273451805114746,
        "distortion": 0.03622910752892494,
        "rotation_rmse": 12.477641105651855,
        "translation_rmse_100": 12.350764274597168,
        "t_final": [
          [
            [
              0.87451171875,
              -0.1680908203125,
              0.454833984375,
              -0.06256103515625
            ],
            [
              0.258056640625,
              0.95556640625,
              -0.143310546875,
              -0.1290283203125
            ],
            [
              -0.410400390625,
              0.2427978515625,
              0.87890625,
              -0.10906982421875
            ]
          ]
        ]
      },
      {
        "psnr": 11.276196479797363,
        "distortion": 0.2037455290555954,
        "rotation_rmse": 13.058632850646973,
        "translation_rmse_100": 94.05329895019531,
        "t_final": [
          [
            [
              0.8046875,
              0.31494140625,
              0.50341796875,
              1.2578125
            ],
            [
              0.0377197265625,
              0.81884765625,
              -0.57275390625,
              -0.1170654296875
            ],
            [
              -0.5927734375,
              0.479736328125,
              0.64697265625,
              -0.81787109375
            ]
          ]
        ]
      },
      {
        "psnr": 11.007074356079102,
        "distortion": 0.051622409373521805,
        "rotation_rmse": 17.119665145874023,
        "translation_rmse_100": 29.234909057617188,
        "t_final": [
          [
            [
              0.88427734375,
              0.1590576171875,
              0.43896484375,
              0.16455078125
            ],
            [
              -0.008636474609375,
              0.94580078125,
              -0.3251953125,
              0.225341796875
            ],
            [
              -0.466796875,
              0.28369140625,
              0.83740234375,
              -0.212646484375
            ]
          ]
        ]
      },
      {
        "psnr": 10.246573448181152,
        "distortion": 0.026060406118631363,
        "rotation_rmse": 19.235445022583008,
        "translation_rmse_100": 14.177001953125,
        "t_final": [
          [
            [
              0.61865234375,
              -0.482177734375,
              0.62060546875,
              -0.2406005859375
            ],
            [
              0.76025390625,
              0.5673828125,
              -0.316650390625,
              -0.1907958984375
            ],
            [
              -0.1993408203125,
              0.66748046875,
              0.71728515625,
              -0.41015625
            ]
          ]
        ]
      },
      {
        "psnr": 11.122499465942383,
        "distortion": 0.04255802184343338,
        "rotation_rmse": 12.108514785766602,
        "translation_rmse_100": 35.86933135986328,
        "t_final": [
          [
            [
              0.8779296875,
              -0.207763671875,
              0.431396484375,
              0.3603515625
            ],
            [
              0.2958984375,
              0.94384765625,
              -0.147705078125,
              -0.1402587890625
            ],
            [
              -0.37646484375,
              0.25732421875,
              0.89013671875,
              -0.092041015625
            ]
          ]
        ]
      }
    ]
  }
}