{
  "trex_30_70_even_odd_0_05": {
    "best": {
      "psnr": 26.816091537475586,
      "distortion": 0.014623026363551617,
      "rotation_rmse": 0.017859140411019325,
      "translation_rmse_100": 0.00911677721887827,
      "t_final": [
        [
          [
            0.79052734375,
            -0.0784912109375,
            0.607421875,
            -0.24755859375
          ],
          [
            0.356201171875,
            0.865234375,
            -0.35205078125,
            -0.0682373046875
          ],
          [
            -0.497802734375,
            0.494873046875,
            0.71240234375,
            -0.1973876953125
          ]
        ]
      ]
    },
    "stats_list": [
      {
        "psnr": 26.816091537475586,
        "distortion": 0.014623026363551617,
        "rotation_rmse": 0.017859140411019325,
        "translation_rmse_100": 0.00911677721887827,
        "t_final": [
          [
            [
              0.79052734375,
              -0.0784912109375,
              0.607421875,
              -0.24755859375
            ],
            [
              0.356201171875,
              0.865234375,
              -0.35205078125,
              -0.0682373046875
            ],
            [
              -0.497802734375,
              0.494873046875,
              0.71240234375,
              -0.1973876953125
            ]
          ]
        ]
      },
      {
        "psnr": 11.351658821105957,
        "distortion": 0.022860437631607056,
        "rotation_rmse": 11.261664390563965,
        "translation_rmse_100": 17.083457946777344,
        "t_final": [
          [
            [
              0.79541015625,
              -0.4111328125,
              0.4453125,
              -0.0916748046875
            ],
            [
              0.5380859375,
              0.81689453125,
              -0.20703125,
              -0.313720703125
            ],
            [
              -0.278564453125,
              0.404296875,
              0.87109375,
              -0.252197265625
            ]
          ]
        ]
      },
      {
        "psnr": 11.724963188171387,
        "distortion": 0.1463228315114975,
        "rotation_rmse": 12.295598983764648,
        "translation_rmse_100": 65.91389465332031,
        "t_final": [
          [
            [
              0.84765625,
              -0.198974609375,
              0.491943359375,
              0.7001953125
            ],
            [
              0.4814453125,
              0.67822265625,
              -0.55517578125,
              0.2042236328125
            ],
            [
              -0.22314453125,
              0.70751953125,
              0.67041015625,
              -0.7724609375
            ]
          ]
        ]
      },
      {
        "psnr": 11.409977912902832,
        "distortion": 0.16958583891391754,
        "rotation_rmse": 16.84757423400879,
        "translation_rmse_100": 55.63162612915039,
        "t_final": [
          [
            [
              0.91015625,
              0.041717529296875,
              0.412109375,
              0.5517578125
            ],
            [
              0.322509765625,
              0.55322265625,
              -0.76806640625,
              -0.035614013671875
            ],
            [
              -0.26025390625,
              0.83203125,
              0.490234375,
              -0.734375
            ]
          ]
        ]
      },
      {
        "psnr": 11.556628227233887,
        "distortion": 0.1905892938375473,
        "rotation_rmse": 4.825293064117432,
        "translation_rmse_100": 86.66580963134766,
        "t_final": [
          [
            [
              0.7099609375,
              -0.0247802734375,
              0.7041015625,
              1.1923828125
            ],
            [
              0.3466796875,
              0.88232421875,
              -0.318603515625,
              0.1849365234375
            ],
            [
              -0.61328125,
              0.470458984375,
              0.634765625,
              -0.537109375
            ]
          ]
        ]
      },
      {
        "psnr": 10.09421157836914,
        "distortion": 0.05745211988687515,
        "rotation_rmse": 17.970218658447266,
        "translation_rmse_100": 35.56797409057617,
        "t_final": [
          [
            [
              0.986328125,
              -0.07354736328125,
              0.1468505859375,
              0.291748046875
            ],
            [
              0.12646484375,
              0.91064453125,
              -0.393798828125,
              0.01312255859375
            ],
            [
              -0.10467529296875,
              0.406982421875,
              0.9072265625,
              -0.483642578125
            ]
          ]
        ]
      },
      {
        "psnr": 25.907052993774414,
        "distortion": 0.017259972169995308,
        "rotation_rmse": 0.008358439430594444,
        "translation_rmse_100": 0.004354989621788263,
        "t_final": [
          [
            [
              0.79052734375,
              -0.07916259765625,
              0.60693359375,
              -0.2476806640625
            ],
            [
              0.356689453125,
              0.865234375,
              -0.35205078125,
              -0.068359375
            ],
            [
              -0.49755859375,
              0.494873046875,
              0.71240234375,
              -0.197509765625
            ]
          ]
        ]
      },
      {
        "psnr": 11.254865646362305,
        "distortion": 0.023416239768266678,
        "rotation_rmse": 12.596185684204102,
        "translation_rmse_100": 7.48820161819458,
        "t_final": [
          [
            [
              0.64599609375,
              -0.292236328125,
              0.705078125,
              -0.1806640625
            ],
            [
              0.36376953125,
              0.93017578125,
              0.05194091796875,
              0.042144775390625
            ],
            [
              -0.6708984375,
              0.2230224609375,
              0.70703125,
              -0.1861572265625
            ]
          ]
        ]
      },
      {
        "psnr": 10.975334167480469,
        "distortion": 0.11298982799053192,
        "rotation_rmse": 36.99726104736328,
        "translation_rmse_100": 37.87450408935547,
        "t_final": [
          [
            [
              0.970703125,
              -0.1715087890625,
              -0.168701171875,
              0.14990234375
            ],
            [
              0.2109375,
              0.94384765625,
              0.254150390625,
              -0.441162109375
            ],
            [
              0.11566162109375,
              -0.2822265625,
              0.9521484375,
              -0.5625
            ]
          ]
        ]
      },
      {
        "psnr": 10.491493225097656,
        "distortion": 0.020367944613099098,
        "rotation_rmse": 9.23274040222168,
        "translation_rmse_100": 28.867143630981445,
        "t_final": [
          [
            [
              0.74169921875,
              -0.387451171875,
              0.54736328125,
              0.18017578125
            ],
            [
              0.5390625,
              0.830078125,
              -0.143310546875,
              -0.319580078125
            ],
            [
              -0.398681640625,
              0.4013671875,
              0.82470703125,
              -0.1357421875
            ]
          ]
        ]
      }
    ]
  }
}