{
  "trex_0_100_even_odd_0_1": {
    "best": {
      "psnr": 25.50774383544922,
      "distortion": 0.016229091212153435,
      "rotation_rmse": 0.011046969331800938,
      "translation_rmse_100": 0.024042554199695587,
      "t_final": [
        [
          [
            0.791015625,
            -0.07879638671875,
            0.60693359375,
            -0.248046875
          ],
          [
            0.3564453125,
            0.865234375,
            -0.352294921875,
            -0.06829833984375
          ],
          [
            -0.497314453125,
            0.494873046875,
            0.71240234375,
            -0.1976318359375
          ]
        ]
      ]
    },
    "stats_list": [
      {
        "psnr": 11.35766887664795,
        "distortion": 0.20305101573467255,
        "rotation_rmse": 4.760496616363525,
        "translation_rmse_100": 77.7931900024414,
        "t_final": [
          [
            [
              0.75537109375,
              0.01554107666015625,
              0.65478515625,
              1.05078125
            ],
            [
              0.273681640625,
              0.90087890625,
              -0.33740234375,
              0.1976318359375
            ],
            [
              -0.59521484375,
              0.43408203125,
              0.67626953125,
              -0.43994140625
            ]
          ]
        ]
      },
      {
        "psnr": 23.979394912719727,
        "distortion": 0.016107959672808647,
        "rotation_rmse": 0.03037506528198719,
        "translation_rmse_100": 0.015785157680511475,
        "t_final": [
          [
            [
              0.791015625,
              -0.0791015625,
              0.6064453125,
              -0.2479248046875
            ],
            [
              0.356689453125,
              0.86572265625,
              -0.35205078125,
              -0.06842041015625
            ],
            [
              -0.4970703125,
              0.49462890625,
              0.712890625,
              -0.197509765625
            ]
          ]
        ]
      },
      {
        "psnr": 11.260980606079102,
        "distortion": 0.13601045310497284,
        "rotation_rmse": 24.144174575805664,
        "translation_rmse_100": 38.591190338134766,
        "t_final": [
          [
            [
              0.84912109375,
              -0.50439453125,
              0.157958984375,
              0.1998291015625
            ],
            [
              0.4892578125,
              0.63623046875,
              -0.59619140625,
              0.3984375
            ],
            [
              0.2003173828125,
              0.58349609375,
              0.787109375,
              -0.028167724609375
            ]
          ]
        ]
      },
      {
        "psnr": 21.73876190185547,
        "distortion": 0.01742950640618801,
        "rotation_rmse": 0.02450808323919773,
        "translation_rmse_100": 0.009867031127214432,
        "t_final": [
          [
            [
              0.791015625,
              -0.07904052734375,
              0.60693359375,
              -0.247802734375
            ],
            [
              0.3564453125,
              0.86572265625,
              -0.351806640625,
              -0.06842041015625
            ],
            [
              -0.49755859375,
              0.494384765625,
              0.712890625,
              -0.197509765625
            ]
          ]
        ]
      },
      {
        "psnr": 25.50774383544922,
        "distortion": 0.016229091212153435,
        "rotation_rmse": 0.011046969331800938,
        "translation_rmse_100": 0.024042554199695587,
        "t_final": [
          [
            [
              0.791015625,
              -0.07879638671875,
              0.60693359375,
              -0.248046875
            ],
            [
              0.3564453125,
              0.865234375,
              -0.352294921875,
              -0.06829833984375
            ],
            [
              -0.497314453125,
              0.494873046875,
              0.71240234375,
              -0.1976318359375
            ]
          ]
        ]
      },
      {
        "psnr": 11.794388771057129,
        "distortion": 0.23677049577236176,
        "rotation_rmse": 19.133787155151367,
        "translation_rmse_100": 116.1235122680664,
        "t_final": [
          [
            [
              0.9833984375,
              -0.08636474609375,
              0.1591796875,
              1.6787109375
            ],
            [
              0.128662109375,
              0.9521484375,
              -0.27783203125,
              0.1737060546875
            ],
            [
              -0.1275634765625,
              0.293701171875,
              0.947265625,
              -0.72265625
            ]
          ]
        ]
      },
      {
        "psnr": 15.203173637390137,
        "distortion": 0.016705643385648727,
        "rotation_rmse": 1.3833385705947876,
        "translation_rmse_100": 0.6506975889205933,
        "t_final": [
          [
            [
              0.7734375,
              -0.11578369140625,
              0.623046875,
              -0.2548828125
            ],
            [
              0.387939453125,
              0.86376953125,
              -0.321044921875,
              -0.059661865234375
            ],
            [
              -0.50146484375,
              0.489990234375,
              0.712890625,
              -0.197265625
            ]
          ]
        ]
      },
      {
        "psnr": 10.811656951904297,
        "distortion": 0.020728711038827896,
        "rotation_rmse": 11.603951454162598,
        "translation_rmse_100": 10.284749031066895,
        "t_final": [
          [
            [
              0.58251953125,
              -0.08642578125,
              0.80810546875,
              -0.1080322265625
            ],
            [
              0.30859375,
              0.943359375,
              -0.12152099609375,
              0.041046142578125
            ],
            [
              -0.751953125,
              0.320068359375,
              0.576171875,
              -0.2138671875
            ]
          ]
        ]
      },
      {
        "psnr": 10.65820598602295,
        "distortion": 0.06731947511434555,
        "rotation_rmse": 47.247859954833984,
        "translation_rmse_100": 24.762853622436523,
        "t_final": [
          [
            [
              0.225341796875,
              -0.63134765625,
              0.7421875,
              -0.142578125
            ],
            [
              0.8330078125,
              -0.2705078125,
              -0.483154296875,
              0.1461181640625
            ],
            [
              0.50634765625,
              0.72705078125,
              0.465087890625,
              -0.5537109375
            ]
          ]
        ]
      },
      {
        "psnr": 25.231855392456055,
        "distortion": 0.015125872567296028,
        "rotation_rmse": 0.010654105804860592,
        "translation_rmse_100": 0.04270729050040245,
        "t_final": [
          [
            [
              0.79052734375,
              -0.07904052734375,
              0.60693359375,
              -0.2484130859375
            ],
            [
              0.35693359375,
              0.865234375,
              -0.35205078125,
              -0.068359375
            ],
            [
              -0.49755859375,
              0.494873046875,
              0.71240234375,
              -0.197509765625
            ]
          ]
        ]
      }
    ]
  }
}