{
  "trex_50_50_0_2": {
    "best": {
      "psnr": 21.560379028320312,
      "distortion": 0.016266515478491783,
      "rotation_rmse": 0.021549541503190994,
      "translation_rmse_100": 0.026431292295455933,
      "t_final": [
        [
          [
            0.79052734375,
            -0.07867431640625,
            0.607421875,
            -0.24755859375
          ],
          [
            0.3564453125,
            0.86572265625,
            -0.3515625,
            -0.0687255859375
          ],
          [
            -0.498046875,
            0.49462890625,
            0.71240234375,
            -0.1976318359375
          ]
        ]
      ]
    },
    "stats_list": [
      {
        "psnr": 20.278196334838867,
        "distortion": 0.026871075853705406,
        "rotation_rmse": 0.026626748964190483,
        "translation_rmse_100": 0.02503342181444168,
        "t_final": [
          [
            [
              0.791015625,
              -0.07965087890625,
              0.60693359375,
              -0.248046875
            ],
            [
              0.357177734375,
              0.865234375,
              -0.351806640625,
              -0.06854248046875
            ],
            [
              -0.4970703125,
              0.4951171875,
              0.71240234375,
              -0.197509765625
            ]
          ]
        ]
      },
      {
        "psnr": 21.298137664794922,
        "distortion": 0.02033403143286705,
        "rotation_rmse": 0.011584993451833725,
        "translation_rmse_100": 0.029076378792524338,
        "t_final": [
          [
            [
              0.79052734375,
              -0.07891845703125,
              0.607421875,
              -0.2481689453125
            ],
            [
              0.356689453125,
              0.86572265625,
              -0.351806640625,
              -0.06842041015625
            ],
            [
              -0.497802734375,
              0.49462890625,
              0.71240234375,
              -0.1973876953125
            ]
          ]
        ]
      },
      {
        "psnr": 14.877952575683594,
        "distortion": 0.033905237913131714,
        "rotation_rmse": 0.46343278884887695,
        "translation_rmse_100": 2.765606641769409,
        "t_final": [
          [
            [
              0.7958984375,
              -0.089111328125,
              0.5986328125,
              -0.199951171875
            ],
            [
              0.3603515625,
              0.86474609375,
              -0.35009765625,
              -0.0718994140625
            ],
            [
              -0.486572265625,
              0.494384765625,
              0.72021484375,
              -0.1954345703125
            ]
          ]
        ]
      },
      {
        "psnr": 11.196390151977539,
        "distortion": 0.05080796778202057,
        "rotation_rmse": 6.619217395782471,
        "translation_rmse_100": 39.158050537109375,
        "t_final": [
          [
            [
              0.89111328125,
              -0.08502197265625,
              0.44580078125,
              -0.46484375
            ],
            [
              0.299072265625,
              0.84912109375,
              -0.435791015625,
              0.55029296875
            ],
            [
              -0.341552734375,
              0.521484375,
              0.78173828125,
              -0.37109375
            ]
          ]
        ]
      },
      {
        "psnr": 21.560379028320312,
        "distortion": 0.016266515478491783,
        "rotation_rmse": 0.021549541503190994,
        "translation_rmse_100": 0.026431292295455933,
        "t_final": [
          [
            [
              0.79052734375,
              -0.07867431640625,
              0.607421875,
              -0.24755859375
            ],
            [
              0.3564453125,
              0.86572265625,
              -0.3515625,
              -0.0687255859375
            ],
            [
              -0.498046875,
              0.49462890625,
              0.71240234375,
              -0.1976318359375
            ]
          ]
        ]
      },
      {
        "psnr": 12.433223724365234,
        "distortion": 0.021026810631155968,
        "rotation_rmse": 3.9881060123443604,
        "translation_rmse_100": 6.952179908752441,
        "t_final": [
          [
            [
              0.85400390625,
              -0.06011962890625,
              0.5166015625,
              -0.366943359375
            ],
            [
              0.30322265625,
              0.86474609375,
              -0.400634765625,
              -0.0521240234375
            ],
            [
              -0.4228515625,
              0.498779296875,
              0.7568359375,
              -0.19384765625
            ]
          ]
        ]
      },
      {
        "psnr": 19.4688777923584,
        "distortion": 0.022133229300379753,
        "rotation_rmse": 0.027383210137486458,
        "translation_rmse_100": 0.029935751110315323,
        "t_final": [
          [
            [
              0.79052734375,
              -0.0784912109375,
              0.607421875,
              -0.2481689453125
            ],
            [
              0.3564453125,
              0.865234375,
              -0.3525390625,
              -0.06817626953125
            ],
            [
              -0.497802734375,
              0.495361328125,
              0.7119140625,
              -0.197509765625
            ]
          ]
        ]
      },
      {
        "psnr": 11.419281959533691,
        "distortion": 0.032989952713251114,
        "rotation_rmse": 15.70026683807373,
        "translation_rmse_100": 5.305043697357178,
        "t_final": [
          [
            [
              0.52783203125,
              -0.365966796875,
              0.76611328125,
              -0.314697265625
            ],
            [
              0.64453125,
              0.759765625,
              -0.081298828125,
              -0.00988006591796875
            ],
            [
              -0.552734375,
              0.53662109375,
              0.63720703125,
              -0.2205810546875
            ]
          ]
        ]
      },
      {
        "psnr": 10.328737258911133,
        "distortion": 0.024938778951764107,
        "rotation_rmse": 19.783031463623047,
        "translation_rmse_100": 20.404321670532227,
        "t_final": [
          [
            [
              0.806640625,
              -0.418701171875,
              0.41796875,
              -0.42529296875
            ],
            [
              0.591796875,
              0.56201171875,
              -0.578125,
              -0.037933349609375
            ],
            [
              0.007183074951171875,
              0.71337890625,
              0.70068359375,
              -0.50146484375
            ]
          ]
        ]
      },
      {
        "psnr": 9.419129371643066,
        "distortion": 0.023286351934075356,
        "rotation_rmse": 5.763578414916992,
        "translation_rmse_100": 27.704044342041016,
        "t_final": [
          [
            [
              0.72802734375,
              -0.264404296875,
              0.63232421875,
              0.224609375
            ],
            [
              0.47216796875,
              0.8623046875,
              -0.183349609375,
              -0.1268310546875
            ],
            [
              -0.49658203125,
              0.43212890625,
              0.7529296875,
              -0.135986328125
            ]
          ]
        ]
      }
    ]
  }
}