{
  "trex_50_50_0_05": {
    "best": {
      "psnr": 25.680450439453125,
      "distortion": 0.01325265597552061,
      "rotation_rmse": 0.009572234936058521,
      "translation_rmse_100": 0.014760296791791916,
      "t_final": [
        [
          [
            0.791015625,
            -0.07867431640625,
            0.60693359375,
            -0.2479248046875
          ],
          [
            0.356689453125,
            0.865234375,
            -0.352294921875,
            -0.068359375
          ],
          [
            -0.49755859375,
            0.4951171875,
            0.71240234375,
            -0.1973876953125
          ]
        ]
      ]
    },
    "stats_list": [
      {
        "psnr": 10.37271785736084,
        "distortion": 0.023669064044952393,
        "rotation_rmse": 11.8447904586792,
        "translation_rmse_100": 20.60529899597168,
        "t_final": [
          [
            [
              0.69580078125,
              -0.38525390625,
              0.60595703125,
              -0.17626953125
            ],
            [
              0.630859375,
              0.73095703125,
              -0.259765625,
              -0.41796875
            ],
            [
              -0.3427734375,
              0.56298828125,
              0.751953125,
              -0.202392578125
            ]
          ]
        ]
      },
      {
        "psnr": 22.478225708007812,
        "distortion": 0.015744389966130257,
        "rotation_rmse": 0.009682617150247097,
        "translation_rmse_100": 0.004354989621788263,
        "t_final": [
          [
            [
              0.791015625,
              -0.07916259765625,
              0.60693359375,
              -0.2476806640625
            ],
            [
              0.356689453125,
              0.865234375,
              -0.351806640625,
              -0.068359375
            ],
            [
              -0.49755859375,
              0.49462890625,
              0.71240234375,
              -0.197509765625
            ]
          ]
        ]
      },
      {
        "psnr": 9.724660873413086,
        "distortion": 0.022807642817497253,
        "rotation_rmse": 12.276698112487793,
        "translation_rmse_100": 36.613677978515625,
        "t_final": [
          [
            [
              0.87109375,
              -0.21630859375,
              0.4404296875,
              0.364990234375
            ],
            [
              0.452880859375,
              0.7001953125,
              -0.55224609375,
              0.0286712646484375
            ],
            [
              -0.1888427734375,
              0.6806640625,
              0.7080078125,
              -0.329345703125
            ]
          ]
        ]
      },
      {
        "psnr": 11.11187744140625,
        "distortion": 0.015916641801595688,
        "rotation_rmse": 7.208321571350098,
        "translation_rmse_100": 3.3571619987487793,
        "t_final": [
          [
            [
              0.8193359375,
              -0.28125,
              0.49951171875,
              -0.2161865234375
            ],
            [
              0.46533203125,
              0.8349609375,
              -0.29345703125,
              -0.09423828125
            ],
            [
              -0.334716796875,
              0.472900390625,
              0.81494140625,
              -0.2388916015625
            ]
          ]
        ]
      },
      {
        "psnr": 11.488635063171387,
        "distortion": 0.04902966693043709,
        "rotation_rmse": 13.325250625610352,
        "translation_rmse_100": 40.68524932861328,
        "t_final": [
          [
            [
              0.7822265625,
              -0.380859375,
              0.4931640625,
              -0.69970703125
            ],
            [
              0.59326171875,
              0.69775390625,
              -0.40185546875,
              0.471435546875
            ],
            [
              -0.19091796875,
              0.60693359375,
              0.771484375,
              -0.2276611328125
            ]
          ]
        ]
      },
      {
        "psnr": 24.721147537231445,
        "distortion": 0.016277235001325607,
        "rotation_rmse": 0.004495768342167139,
        "translation_rmse_100": 0.0035350238904356956,
        "t_final": [
          [
            [
              0.79052734375,
              -0.078857421875,
              0.60693359375,
              -0.2476806640625
            ],
            [
              0.356689453125,
              0.86572265625,
              -0.35205078125,
              -0.06829833984375
            ],
            [
              -0.49755859375,
              0.494873046875,
              0.71240234375,
              -0.1973876953125
            ]
          ]
        ]
      },
      {
        "psnr": 24.768070220947266,
        "distortion": 0.016148703172802925,
        "rotation_rmse": 0.004869421944022179,
        "translation_rmse_100": 0.017627758905291557,
        "t_final": [
          [
            [
              0.79052734375,
              -0.07879638671875,
              0.60693359375,
              -0.2479248046875
            ],
            [
              0.356689453125,
              0.86572265625,
              -0.35205078125,
              -0.06829833984375
            ],
            [
              -0.49755859375,
              0.494873046875,
              0.71240234375,
              -0.197265625
            ]
          ]
        ]
      },
      {
        "psnr": 11.990734100341797,
        "distortion": 0.02249613218009472,
        "rotation_rmse": 9.478083610534668,
        "translation_rmse_100": 7.146628379821777,
        "t_final": [
          [
            [
              0.72802734375,
              -0.304931640625,
              0.6142578125,
              -0.3037109375
            ],
            [
              0.412841796875,
              0.91015625,
              -0.037567138671875,
              0.0408935546875
            ],
            [
              -0.54736328125,
              0.28076171875,
              0.78857421875,
              -0.1815185546875
            ]
          ]
        ]
      },
      {
        "psnr": 10.689301490783691,
        "distortion": 0.11482767015695572,
        "rotation_rmse": 17.890491485595703,
        "translation_rmse_100": 44.09294891357422,
        "t_final": [
          [
            [
              0.953125,
              -0.169189453125,
              0.25048828125,
              0.08074951171875
            ],
            [
              0.21240234375,
              0.96435546875,
              -0.1571044921875,
              0.103271484375
            ],
            [
              -0.2149658203125,
              0.202880859375,
              0.955078125,
              -0.865234375
            ]
          ]
        ]
      },
      {
        "psnr": 25.680450439453125,
        "distortion": 0.01325265597552061,
        "rotation_rmse": 0.009572234936058521,
        "translation_rmse_100": 0.014760296791791916,
        "t_final": [
          [
            [
              0.791015625,
              -0.07867431640625,
              0.60693359375,
              -0.2479248046875
            ],
            [
              0.356689453125,
              0.865234375,
              -0.352294921875,
              -0.068359375
            ],
            [
              -0.49755859375,
              0.4951171875,
              0.71240234375,
              -0.1973876953125
            ]
          ]
        ]
      }
    ]
  }
}