{
  "trex_0_100_even_odd_0_05": {
    "best": {
      "psnr": 29.399917602539062,
      "distortion": 0.011162973940372467,
      "rotation_rmse": 0.004869421944022179,
      "translation_rmse_100": 0.021656876429915428,
      "t_final": [
        [
          [
            0.79052734375,
            -0.07879638671875,
            0.60693359375,
            -0.248046875
          ],
          [
            0.356689453125,
            0.86572265625,
            -0.35205078125,
            -0.068359375
          ],
          [
            -0.49755859375,
            0.494873046875,
            0.71240234375,
            -0.1973876953125
          ]
        ]
      ]
    },
    "stats_list": [
      {
        "psnr": 11.39865493774414,
        "distortion": 0.20835068821907043,
        "rotation_rmse": 7.993041038513184,
        "translation_rmse_100": 88.86751556396484,
        "t_final": [
          [
            [
              0.666015625,
              -0.11334228515625,
              0.7373046875,
              1.2001953125
            ],
            [
              0.46533203125,
              0.83544921875,
              -0.291748046875,
              0.334716796875
            ],
            [
              -0.5830078125,
              0.53759765625,
              0.609375,
              -0.52978515625
            ]
          ]
        ]
      },
      {
        "psnr": 26.931228637695312,
        "distortion": 0.01403670571744442,
        "rotation_rmse": 0.014364003203809261,
        "translation_rmse_100": 0.014941572211682796,
        "t_final": [
          [
            [
              0.79052734375,
              -0.07940673828125,
              0.60693359375,
              -0.2479248046875
            ],
            [
              0.35693359375,
              0.86572265625,
              -0.351806640625,
              -0.068359375
            ],
            [
              -0.49755859375,
              0.49462890625,
              0.71240234375,
              -0.197509765625
            ]
          ]
        ]
      },
      {
        "psnr": 10.468477249145508,
        "distortion": 0.03267211094498634,
        "rotation_rmse": 24.39044189453125,
        "translation_rmse_100": 29.278400421142578,
        "t_final": [
          [
            [
              0.857421875,
              -0.428955078125,
              0.28564453125,
              0.146484375
            ],
            [
              0.489013671875,
              0.501953125,
              -0.71337890625,
              0.1790771484375
            ],
            [
              0.1629638671875,
              0.7509765625,
              0.64013671875,
              -0.39892578125
            ]
          ]
        ]
      },
      {
        "psnr": 29.399917602539062,
        "distortion": 0.011162973940372467,
        "rotation_rmse": 0.004869421944022179,
        "translation_rmse_100": 0.021656876429915428,
        "t_final": [
          [
            [
              0.79052734375,
              -0.07879638671875,
              0.60693359375,
              -0.248046875
            ],
            [
              0.356689453125,
              0.86572265625,
              -0.35205078125,
              -0.068359375
            ],
            [
              -0.49755859375,
              0.494873046875,
              0.71240234375,
              -0.1973876953125
            ]
          ]
        ]
      },
      {
        "psnr": 28.689823150634766,
        "distortion": 0.013459025882184505,
        "rotation_rmse": 0.009674827568233013,
        "translation_rmse_100": 0.028702162206172943,
        "t_final": [
          [
            [
              0.791015625,
              -0.0787353515625,
              0.60693359375,
              -0.2481689453125
            ],
            [
              0.356689453125,
              0.86572265625,
              -0.352294921875,
              -0.06829833984375
            ],
            [
              -0.49755859375,
              0.4951171875,
              0.71240234375,
              -0.197509765625
            ]
          ]
        ]
      },
      {
        "psnr": 27.077722549438477,
        "distortion": 0.016649747267365456,
        "rotation_rmse": 0.013044418767094612,
        "translation_rmse_100": 0.03562795743346214,
        "t_final": [
          [
            [
              0.79052734375,
              -0.07867431640625,
              0.607421875,
              -0.248291015625
            ],
            [
              0.3564453125,
              0.865234375,
              -0.35205078125,
              -0.068359375
            ],
            [
              -0.497802734375,
              0.494873046875,
              0.71240234375,
              -0.1973876953125
            ]
          ]
        ]
      },
      {
        "psnr": 27.050678253173828,
        "distortion": 0.015111730434000492,
        "rotation_rmse": 0.009419477544724941,
        "translation_rmse_100": 0.023727141320705414,
        "t_final": [
          [
            [
              0.791015625,
              -0.0791015625,
              0.60693359375,
              -0.248046875
            ],
            [
              0.356689453125,
              0.865234375,
              -0.35205078125,
              -0.068359375
            ],
            [
              -0.497314453125,
              0.494873046875,
              0.71240234375,
              -0.197265625
            ]
          ]
        ]
      },
      {
        "psnr": 11.683642387390137,
        "distortion": 0.030322030186653137,
        "rotation_rmse": 16.726072311401367,
        "translation_rmse_100": 5.06879186630249,
        "t_final": [
          [
            [
              0.59130859375,
              -0.57958984375,
              0.56103515625,
              -0.32421875
            ],
            [
              0.58154296875,
              0.7880859375,
              0.2010498046875,
              -0.059967041015625
            ],
            [
              -0.55859375,
              0.20751953125,
              0.80322265625,
              -0.2396240234375
            ]
          ]
        ]
      },
      {
        "psnr": 10.654556274414062,
        "distortion": 0.03391946479678154,
        "rotation_rmse": 26.50754165649414,
        "translation_rmse_100": 25.397188186645508,
        "t_final": [
          [
            [
              0.343017578125,
              -0.80859375,
              0.47802734375,
              -0.34765625
            ],
            [
              0.8369140625,
              0.494140625,
              0.235595703125,
              -0.48828125
            ],
            [
              -0.427001953125,
              0.319091796875,
              0.845703125,
              -0.281982421875
            ]
          ]
        ]
      },
      {
        "psnr": 11.271574020385742,
        "distortion": 0.02337423898279667,
        "rotation_rmse": 9.015205383300781,
        "translation_rmse_100": 26.199609756469727,
        "t_final": [
          [
            [
              0.73193359375,
              -0.37939453125,
              0.56591796875,
              0.1923828125
            ],
            [
              0.52294921875,
              0.845703125,
              -0.109619140625,
              -0.1396484375
            ],
            [
              -0.436767578125,
              0.3759765625,
              0.8173828125,
              -0.1126708984375
            ]
          ]
        ]
      }
    ]
  }
}