{
  "trex_50_50_0_01": {
    "best": {
      "psnr": 27.985239028930664,
      "distortion": 0.012773438356816769,
      "rotation_rmse": 0.013687318190932274,
      "translation_rmse_100": 0.012097761034965515,
      "t_final": [
        [
          [
            0.79052734375,
            -0.0789794921875,
            0.607421875,
            -0.2476806640625
          ],
          [
            0.356689453125,
            0.865234375,
            -0.35205078125,
            -0.0682373046875
          ],
          [
            -0.497802734375,
            0.494873046875,
            0.71240234375,
            -0.1976318359375
          ]
        ]
      ]
    },
    "stats_list": [
      {
        "psnr": 11.161918640136719,
        "distortion": 0.1492091715335846,
        "rotation_rmse": 14.069723129272461,
        "translation_rmse_100": 36.63154983520508,
        "t_final": [
          [
            [
              0.89013671875,
              -0.327880859375,
              0.315673828125,
              0.0726318359375
            ],
            [
              0.4443359375,
              0.7763671875,
              -0.44677734375,
              0.478515625
            ],
            [
              -0.09869384765625,
              0.5380859375,
              0.8369140625,
              -0.1669921875
            ]
          ]
        ]
      },
      {
        "psnr": 10.114078521728516,
        "distortion": 0.035635750740766525,
        "rotation_rmse": 5.610247611999512,
        "translation_rmse_100": 33.23844528198242,
        "t_final": [
          [
            [
              0.77587890625,
              0.03546142578125,
              0.6298828125,
              -0.72607421875
            ],
            [
              0.24169921875,
              0.90576171875,
              -0.348388671875,
              -0.30517578125
            ],
            [
              -0.5830078125,
              0.422607421875,
              0.6943359375,
              0.0181427001953125
            ]
          ]
        ]
      },
      {
        "psnr": 11.496140480041504,
        "distortion": 0.1979500651359558,
        "rotation_rmse": 22.362234115600586,
        "translation_rmse_100": 75.4889907836914,
        "t_final": [
          [
            [
              0.91015625,
              0.1558837890625,
              0.384521484375,
              0.9140625
            ],
            [
              0.29833984375,
              0.398193359375,
              -0.8671875,
              -0.06268310546875
            ],
            [
              -0.288330078125,
              0.90380859375,
              0.31591796875,
              -0.79736328125
            ]
          ]
        ]
      },
      {
        "psnr": 10.483317375183105,
        "distortion": 0.0857091099023819,
        "rotation_rmse": 23.18380355834961,
        "translation_rmse_100": 37.84181594848633,
        "t_final": [
          [
            [
              0.71728515625,
              -0.6533203125,
              0.2430419921875,
              0.06640625
            ],
            [
              0.6943359375,
              0.640625,
              -0.32763671875,
              -0.0858154296875
            ],
            [
              0.0582275390625,
              0.40380859375,
              0.9130859375,
              -0.7724609375
            ]
          ]
        ]
      },
      {
        "psnr": 11.099408149719238,
        "distortion": 0.04094192013144493,
        "rotation_rmse": 21.264907836914062,
        "translation_rmse_100": 15.940223693847656,
        "t_final": [
          [
            [
              0.9287109375,
              0.041015625,
              0.36865234375,
              -0.353759765625
            ],
            [
              0.00873565673828125,
              0.9912109375,
              -0.13232421875,
              -0.321044921875
            ],
            [
              -0.370849609375,
              0.1260986328125,
              0.919921875,
              -0.230712890625
            ]
          ]
        ]
      },
      {
        "psnr": 10.808777809143066,
        "distortion": 0.07606970518827438,
        "rotation_rmse": 14.784690856933594,
        "translation_rmse_100": 27.169811248779297,
        "t_final": [
          [
            [
              0.9267578125,
              -0.20068359375,
              0.318115234375,
              -0.64404296875
            ],
            [
              0.267822265625,
              0.94580078125,
              -0.183349609375,
              -0.31103515625
            ],
            [
              -0.26416015625,
              0.255126953125,
              0.93017578125,
              -0.271240234375
            ]
          ]
        ]
      },
      {
        "psnr": 12.666973114013672,
        "distortion": 0.016232209280133247,
        "rotation_rmse": 1.2865506410598755,
        "translation_rmse_100": 4.576044082641602,
        "t_final": [
          [
            [
              0.78759765625,
              -0.0771484375,
              0.61181640625,
              -0.3203125
            ],
            [
              0.341552734375,
              0.880859375,
              -0.328369140625,
              -0.10003662109375
            ],
            [
              -0.51318359375,
              0.467529296875,
              0.7197265625,
              -0.1966552734375
            ]
          ]
        ]
      },
      {
        "psnr": 12.457223892211914,
        "distortion": 0.027072113007307053,
        "rotation_rmse": 11.32051944732666,
        "translation_rmse_100": 7.525816440582275,
        "t_final": [
          [
            [
              0.82861328125,
              -0.291748046875,
              0.478271484375,
              -0.319580078125
            ],
            [
              0.373779296875,
              0.923828125,
              -0.0843505859375,
              0.0389404296875
            ],
            [
              -0.4169921875,
              0.2486572265625,
              0.8740234375,
              -0.1796875
            ]
          ]
        ]
      },
      {
        "psnr": 9.583884239196777,
        "distortion": 0.018866611644625664,
        "rotation_rmse": 19.001449584960938,
        "translation_rmse_100": 18.11305809020996,
        "t_final": [
          [
            [
              0.841796875,
              -0.375244140625,
              0.3876953125,
              -0.1751708984375
            ],
            [
              0.53955078125,
              0.5859375,
              -0.6044921875,
              -0.047332763671875
            ],
            [
              -0.00046753883361816406,
              0.71826171875,
              0.69580078125,
              -0.501953125
            ]
          ]
        ]
      },
      {
        "psnr": 27.985239028930664,
        "distortion": 0.012773438356816769,
        "rotation_rmse": 0.013687318190932274,
        "translation_rmse_100": 0.012097761034965515,
        "t_final": [
          [
            [
              0.79052734375,
              -0.0789794921875,
              0.607421875,
              -0.2476806640625
            ],
            [
              0.356689453125,
              0.865234375,
              -0.35205078125,
              -0.0682373046875
            ],
            [
              -0.497802734375,
              0.494873046875,
              0.71240234375,
              -0.1976318359375
            ]
          ]
        ]
      }
    ]
  }
}