{
  "trex_30_70_even_odd_0_1": {
    "best": {
      "psnr": 23.63775062561035,
      "distortion": 0.01487168949097395,
      "rotation_rmse": 0.013044419698417187,
      "translation_rmse_100": 0.03622966632246971,
      "t_final": [
        [
          [
            0.79052734375,
            -0.07867431640625,
            0.607421875,
            -0.2470703125
          ],
          [
            0.3564453125,
            0.865234375,
            -0.35205078125,
            -0.06817626953125
          ],
          [
            -0.497802734375,
            0.494873046875,
            0.71240234375,
            -0.1973876953125
          ]
        ]
      ]
    },
    "stats_list": [
      {
        "psnr": 23.576967239379883,
        "distortion": 0.01644653081893921,
        "rotation_rmse": 0.030202222988009453,
        "translation_rmse_100": 0.008127330802381039,
        "t_final": [
          [
            [
              0.79052734375,
              -0.078125,
              0.607421875,
              -0.247802734375
            ],
            [
              0.35595703125,
              0.86572265625,
              -0.352294921875,
              -0.068359375
            ],
            [
              -0.498046875,
              0.49462890625,
              0.71240234375,
              -0.1973876953125
            ]
          ]
        ]
      },
      {
        "psnr": 23.252788543701172,
        "distortion": 0.019039124250411987,
        "rotation_rmse": 0.016296500340104103,
        "translation_rmse_100": 0.015613679774105549,
        "t_final": [
          [
            [
              0.79052734375,
              -0.0791015625,
              0.607421875,
              -0.2479248046875
            ],
            [
              0.35693359375,
              0.865234375,
              -0.351806640625,
              -0.06842041015625
            ],
            [
              -0.497802734375,
              0.494873046875,
              0.71240234375,
              -0.1973876953125
            ]
          ]
        ]
      },
      {
        "psnr": 10.340276718139648,
        "distortion": 0.19380606710910797,
        "rotation_rmse": 20.832189559936523,
        "translation_rmse_100": 77.4814682006836,
        "t_final": [
          [
            [
              0.90185546875,
              -0.411376953125,
              0.1329345703125,
              0.892578125
            ],
            [
              0.41943359375,
              0.7587890625,
              -0.49853515625,
              -0.024993896484375
            ],
            [
              0.10430908203125,
              0.50537109375,
              0.8564453125,
              -0.90380859375
            ]
          ]
        ]
      },
      {
        "psnr": 23.63775062561035,
        "distortion": 0.01487168949097395,
        "rotation_rmse": 0.013044419698417187,
        "translation_rmse_100": 0.03622966632246971,
        "t_final": [
          [
            [
              0.79052734375,
              -0.07867431640625,
              0.607421875,
              -0.2470703125
            ],
            [
              0.3564453125,
              0.865234375,
              -0.35205078125,
              -0.06817626953125
            ],
            [
              -0.497802734375,
              0.494873046875,
              0.71240234375,
              -0.1973876953125
            ]
          ]
        ]
      },
      {
        "psnr": 10.525432586669922,
        "distortion": 0.02177192084491253,
        "rotation_rmse": 10.12119197845459,
        "translation_rmse_100": 22.906837463378906,
        "t_final": [
          [
            [
              0.7919921875,
              -0.36572265625,
              0.4892578125,
              -0.470703125
            ],
            [
              0.470947265625,
              0.87548828125,
              -0.10791015625,
              -0.39453125
            ],
            [
              -0.388916015625,
              0.31591796875,
              0.86572265625,
              -0.2330322265625
            ]
          ]
        ]
      },
      {
        "psnr": 11.03805160522461,
        "distortion": 0.15551508963108063,
        "rotation_rmse": 26.834522247314453,
        "translation_rmse_100": 41.13492202758789,
        "t_final": [
          [
            [
              0.97265625,
              0.20263671875,
              -0.112060546875,
              0.08154296875
            ],
            [
              -0.2236328125,
              0.69580078125,
              -0.6826171875,
              -0.2978515625
            ],
            [
              -0.060272216796875,
              0.68896484375,
              0.72216796875,
              -0.7861328125
            ]
          ]
        ]
      },
      {
        "psnr": 15.373636245727539,
        "distortion": 0.0172728318721056,
        "rotation_rmse": 1.090246558189392,
        "translation_rmse_100": 0.8702265024185181,
        "t_final": [
          [
            [
              0.77783203125,
              -0.10882568359375,
              0.61865234375,
              -0.255126953125
            ],
            [
              0.382080078125,
              0.86376953125,
              -0.328369140625,
              -0.0552978515625
            ],
            [
              -0.498779296875,
              0.49169921875,
              0.7138671875,
              -0.196044921875
            ]
          ]
        ]
      },
      {
        "psnr": 10.408103942871094,
        "distortion": 0.033969782292842865,
        "rotation_rmse": 17.157102584838867,
        "translation_rmse_100": 13.142739295959473,
        "t_final": [
          [
            [
              0.440673828125,
              -0.211669921875,
              0.87255859375,
              -0.208984375
            ],
            [
              0.3681640625,
              0.9287109375,
              0.03955078125,
              0.15234375
            ],
            [
              -0.81884765625,
              0.3037109375,
              0.4873046875,
              -0.1571044921875
            ]
          ]
        ]
      },
      {
        "psnr": 11.51006031036377,
        "distortion": 0.22422043979167938,
        "rotation_rmse": 26.805551528930664,
        "translation_rmse_100": 73.59036254882812,
        "t_final": [
          [
            [
              0.98876953125,
              -0.1375732421875,
              -0.05560302734375,
              0.53759765625
            ],
            [
              0.1278076171875,
              0.97998046875,
              -0.152587890625,
              -0.045257568359375
            ],
            [
              0.07550048828125,
              0.143798828125,
              0.98681640625,
              -1.201171875
            ]
          ]
        ]
      },
      {
        "psnr": 10.535073280334473,
        "distortion": 0.023188279941678047,
        "rotation_rmse": 8.646798133850098,
        "translation_rmse_100": 34.1017951965332,
        "t_final": [
          [
            [
              0.72705078125,
              -0.36474609375,
              0.58203125,
              0.32958984375
            ],
            [
              0.509765625,
              0.85400390625,
              -0.10162353515625,
              -0.1478271484375
            ],
            [
              -0.4599609375,
              0.37060546875,
              0.80712890625,
              -0.10089111328125
            ]
          ]
        ]
      }
    ]
  }
}