{
  "trex_30_70_even_odd_0_2": {
    "best": {
      "psnr": 22.072431564331055,
      "distortion": 0.0187371838837862,
      "rotation_rmse": 0.010024338960647583,
      "translation_rmse_100": 0.03282671794295311,
      "t_final": [
        [
          [
            0.79052734375,
            -0.07916259765625,
            0.60693359375,
            -0.2481689453125
          ],
          [
            0.35693359375,
            0.86572265625,
            -0.351806640625,
            -0.068603515625
          ],
          [
            -0.49755859375,
            0.494873046875,
            0.71240234375,
            -0.197509765625
          ]
        ]
      ]
    },
    "stats_list": [
      {
        "psnr": 10.811030387878418,
        "distortion": 0.02689450792968273,
        "rotation_rmse": 3.7769620418548584,
        "translation_rmse_100": 13.31207275390625,
        "t_final": [
          [
            [
              0.72216796875,
              -0.08221435546875,
              0.68701171875,
              -0.02606201171875
            ],
            [
              0.3740234375,
              0.88134765625,
              -0.28759765625,
              -0.0165863037109375
            ],
            [
              -0.58203125,
              0.464599609375,
              0.66748046875,
              -0.2344970703125
            ]
          ]
        ]
      },
      {
        "psnr": 18.73891258239746,
        "distortion": 0.021258946508169174,
        "rotation_rmse": 0.017201539129018784,
        "translation_rmse_100": 0.009578925557434559,
        "t_final": [
          [
            [
              0.79052734375,
              -0.0794677734375,
              0.60693359375,
              -0.24755859375
            ],
            [
              0.35693359375,
              0.865234375,
              -0.351806640625,
              -0.06842041015625
            ],
            [
              -0.497314453125,
              0.494873046875,
              0.71240234375,
              -0.197509765625
            ]
          ]
        ]
      },
      {
        "psnr": 10.611042976379395,
        "distortion": 0.08159670978784561,
        "rotation_rmse": 19.62864112854004,
        "translation_rmse_100": 39.413272857666016,
        "t_final": [
          [
            [
              0.90185546875,
              -0.407470703125,
              0.1446533203125,
              0.2490234375
            ],
            [
              0.4296875,
              0.80615234375,
              -0.4072265625,
              -0.146484375
            ],
            [
              0.049407958984375,
              0.429443359375,
              0.90185546875,
              -0.6591796875
            ]
          ]
        ]
      },
      {
        "psnr": 11.008371353149414,
        "distortion": 0.20637305080890656,
        "rotation_rmse": 10.661261558532715,
        "translation_rmse_100": 101.67646789550781,
        "t_final": [
          [
            [
              0.61767578125,
              0.09246826171875,
              0.78125,
              1.19140625
            ],
            [
              0.331298828125,
              0.86962890625,
              -0.365234375,
              0.491943359375
            ],
            [
              -0.71337890625,
              0.484375,
              0.5068359375,
              -1.0439453125
            ]
          ]
        ]
      },
      {
        "psnr": 21.0350341796875,
        "distortion": 0.01755703240633011,
        "rotation_rmse": 0.014077444560825825,
        "translation_rmse_100": 0.02179168350994587,
        "t_final": [
          [
            [
              0.79052734375,
              -0.07855224609375,
              0.607421875,
              -0.247314453125
            ],
            [
              0.3564453125,
              0.865234375,
              -0.35205078125,
              -0.0682373046875
            ],
            [
              -0.497802734375,
              0.494873046875,
              0.71240234375,
              -0.1973876953125
            ]
          ]
        ]
      },
      {
        "psnr": 21.442821502685547,
        "distortion": 0.019622676074504852,
        "rotation_rmse": 0.01993538998067379,
        "translation_rmse_100": 0.017318401485681534,
        "t_final": [
          [
            [
              0.791015625,
              -0.07861328125,
              0.60693359375,
              -0.2479248046875
            ],
            [
              0.3564453125,
              0.86572265625,
              -0.351806640625,
              -0.0684814453125
            ],
            [
              -0.497802734375,
              0.49462890625,
              0.71240234375,
              -0.197509765625
            ]
          ]
        ]
      },
      {
        "psnr": 10.004910469055176,
        "distortion": 0.04414217546582222,
        "rotation_rmse": 16.292675018310547,
        "translation_rmse_100": 22.095352172851562,
        "t_final": [
          [
            [
              0.68212890625,
              -0.142578125,
              0.71728515625,
              -0.27783203125
            ],
            [
              0.61865234375,
              0.6357421875,
              -0.461669921875,
              0.294921875
            ],
            [
              -0.390380859375,
              0.75830078125,
              0.52197265625,
              -0.080810546875
            ]
          ]
        ]
      },
      {
        "psnr": 10.625473022460938,
        "distortion": 0.05416763946413994,
        "rotation_rmse": 9.143904685974121,
        "translation_rmse_100": 23.32012367248535,
        "t_final": [
          [
            [
              0.69775390625,
              -0.2330322265625,
              0.67724609375,
              0.038238525390625
            ],
            [
              0.367919921875,
              0.92822265625,
              -0.059600830078125,
              0.2132568359375
            ],
            [
              -0.61474609375,
              0.290771484375,
              0.7333984375,
              -0.1514892578125
            ]
          ]
        ]
      },
      {
        "psnr": 22.072431564331055,
        "distortion": 0.0187371838837862,
        "rotation_rmse": 0.010024338960647583,
        "translation_rmse_100": 0.03282671794295311,
        "t_final": [
          [
            [
              0.79052734375,
              -0.07916259765625,
              0.60693359375,
              -0.2481689453125
            ],
            [
              0.35693359375,
              0.86572265625,
              -0.351806640625,
              -0.068603515625
            ],
            [
              -0.49755859375,
              0.494873046875,
              0.71240234375,
              -0.197509765625
            ]
          ]
        ]
      },
      {
        "psnr": 10.47872543334961,
        "distortion": 0.03153198957443237,
        "rotation_rmse": 10.122824668884277,
        "translation_rmse_100": 36.297080993652344,
        "t_final": [
          [
            [
              0.69287109375,
              -0.385009765625,
              0.609375,
              0.3701171875
            ],
            [
              0.5947265625,
              0.783203125,
              -0.1817626953125,
              -0.158935546875
            ],
            [
              -0.4072265625,
              0.488525390625,
              0.771484375,
              -0.12420654296875
            ]
          ]
        ]
      }
    ]
  }
}