{
  "trex_50_50_0_1": {
    "best": {
      "psnr": 22.86318588256836,
      "distortion": 0.014906381256878376,
      "rotation_rmse": 0.010339701548218727,
      "translation_rmse_100": 0.015785157680511475,
      "t_final": [
        [
          [
            0.79052734375,
            -0.07891845703125,
            0.60693359375,
            -0.2479248046875
          ],
          [
            0.356689453125,
            0.86572265625,
            -0.351806640625,
            -0.06842041015625
          ],
          [
            -0.49755859375,
            0.49462890625,
            0.71240234375,
            -0.197509765625
          ]
        ]
      ]
    },
    "stats_list": [
      {
        "psnr": 22.86318588256836,
        "distortion": 0.014906381256878376,
        "rotation_rmse": 0.010339701548218727,
        "translation_rmse_100": 0.015785157680511475,
        "t_final": [
          [
            [
              0.79052734375,
              -0.07891845703125,
              0.60693359375,
              -0.2479248046875
            ],
            [
              0.356689453125,
              0.86572265625,
              -0.351806640625,
              -0.06842041015625
            ],
            [
              -0.49755859375,
              0.49462890625,
              0.71240234375,
              -0.197509765625
            ]
          ]
        ]
      },
      {
        "psnr": 11.17094898223877,
        "distortion": 0.06297988444566727,
        "rotation_rmse": 20.070049285888672,
        "translation_rmse_100": 31.230609893798828,
        "t_final": [
          [
            [
              0.634765625,
              -0.68212890625,
              0.36279296875,
              0.2076416015625
            ],
            [
              0.72900390625,
              0.6845703125,
              0.01149749755859375,
              -0.3603515625
            ],
            [
              -0.256103515625,
              0.257080078125,
              0.931640625,
              -0.194091796875
            ]
          ]
        ]
      },
      {
        "psnr": 12.919098854064941,
        "distortion": 0.020023206248879433,
        "rotation_rmse": 5.5177836418151855,
        "translation_rmse_100": 3.682237386703491,
        "t_final": [
          [
            [
              0.72412109375,
              -0.2105712890625,
              0.6572265625,
              -0.2401123046875
            ],
            [
              0.48388671875,
              0.83349609375,
              -0.265869140625,
              -0.005008697509765625
            ],
            [
              -0.491943359375,
              0.51025390625,
              0.70556640625,
              -0.1962890625
            ]
          ]
        ]
      },
      {
        "psnr": 20.887557983398438,
        "distortion": 0.01759028248488903,
        "rotation_rmse": 0.01631622202694416,
        "translation_rmse_100": 0.004228546284139156,
        "t_final": [
          [
            [
              0.791015625,
              -0.07855224609375,
              0.60693359375,
              -0.2476806640625
            ],
            [
              0.3564453125,
              0.86572265625,
              -0.35205078125,
              -0.06829833984375
            ],
            [
              -0.49755859375,
              0.494873046875,
              0.71240234375,
              -0.197509765625
            ]
          ]
        ]
      },
      {
        "psnr": 11.41251277923584,
        "distortion": 0.16808408498764038,
        "rotation_rmse": 15.6817626953125,
        "translation_rmse_100": 31.972780227661133,
        "t_final": [
          [
            [
              0.6484375,
              -0.5703125,
              0.50439453125,
              -0.05413818359375
            ],
            [
              0.69287109375,
              0.716796875,
              -0.079833984375,
              0.30517578125
            ],
            [
              -0.315673828125,
              0.4013671875,
              0.85986328125,
              0.1627197265625
            ]
          ]
        ]
      },
      {
        "psnr": 10.698923110961914,
        "distortion": 0.09409241378307343,
        "rotation_rmse": 14.790064811706543,
        "translation_rmse_100": 44.262657165527344,
        "t_final": [
          [
            [
              0.97265625,
              -0.06976318359375,
              0.2215576171875,
              0.3916015625
            ],
            [
              0.1697998046875,
              0.86474609375,
              -0.47314453125,
              -0.071533203125
            ],
            [
              -0.1585693359375,
              0.497802734375,
              0.8525390625,
              -0.62060546875
            ]
          ]
        ]
      },
      {
        "psnr": 10.733244895935059,
        "distortion": 0.043127093464136124,
        "rotation_rmse": 17.448434829711914,
        "translation_rmse_100": 36.70086669921875,
        "t_final": [
          [
            [
              0.71484375,
              -0.38720703125,
              0.58203125,
              -0.595703125
            ],
            [
              0.351806640625,
              0.9189453125,
              0.1790771484375,
              -0.5322265625
            ],
            [
              -0.60400390625,
              0.0767822265625,
              0.79296875,
              0.0628662109375
            ]
          ]
        ]
      },
      {
        "psnr": 11.633713722229004,
        "distortion": 0.06735876947641373,
        "rotation_rmse": 13.652998924255371,
        "translation_rmse_100": 33.91450119018555,
        "t_final": [
          [
            [
              0.9267578125,
              0.1754150390625,
              0.331787109375,
              -0.1339111328125
            ],
            [
              0.03289794921875,
              0.8427734375,
              -0.53759765625,
              0.4990234375
            ],
            [
              -0.373779296875,
              0.50927734375,
              0.775390625,
              -0.298583984375
            ]
          ]
        ]
      },
      {
        "psnr": 10.64881420135498,
        "distortion": 0.04035693779587746,
        "rotation_rmse": 22.68777847290039,
        "translation_rmse_100": 24.84178352355957,
        "t_final": [
          [
            [
              0.8359375,
              -0.50927734375,
              0.2042236328125,
              -0.423095703125
            ],
            [
              0.52783203125,
              0.64453125,
              -0.55322265625,
              -0.207275390625
            ],
            [
              0.1500244140625,
              0.5703125,
              0.8076171875,
              -0.56494140625
            ]
          ]
        ]
      },
      {
        "psnr": 15.225296020507812,
        "distortion": 0.015322338789701462,
        "rotation_rmse": 1.1657612323760986,
        "translation_rmse_100": 0.7915682792663574,
        "t_final": [
          [
            [
              0.77734375,
              -0.109619140625,
              0.61962890625,
              -0.253173828125
            ],
            [
              0.384033203125,
              0.86279296875,
              -0.329345703125,
              -0.055908203125
            ],
            [
              -0.498291015625,
              0.493896484375,
              0.71240234375,
              -0.195556640625
            ]
          ]
        ]
      }
    ]
  }
}