{
  "table_30_70_even_odd": {
    "best": {
      "psnr": 28.70829963684082,
      "distortion": 0.015585346147418022,
      "rotation_rmse": 0.03168155252933502,
      "translation_rmse_100": 0.01945502497255802,
      "t_final": [
        [
          [
            0.986328125,
            0.044647216796875,
            0.157470703125,
            -0.05676466226577759
          ],
          [
            0.01148223876953125,
            0.94091796875,
            -0.338623046875,
            0.15542107820510864
          ],
          [
            -0.1632080078125,
            0.3359375,
            0.927734375,
            -0.18758025765419006
          ]
        ]
      ]
    },
    "stats_list": [
      {
        "psnr": 28.70829963684082,
        "distortion": 0.015585346147418022,
        "rotation_rmse": 0.03168155252933502,
        "translation_rmse_100": 0.01945502497255802,
        "t_final": [
          [
            [
              0.986328125,
              0.044647216796875,
              0.157470703125,
              -0.05676466226577759
            ],
            [
              0.01148223876953125,
              0.94091796875,
              -0.338623046875,
              0.15542107820510864
            ],
            [
              -0.1632080078125,
              0.3359375,
              0.927734375,
              -0.18758025765419006
            ]
          ]
        ]
      },
      {
        "psnr": 12.31622314453125,
        "distortion": 0.02220083959400654,
        "rotation_rmse": 6.615615367889404,
        "translation_rmse_100": 4.0973591804504395,
        "t_final": [
          [
            [
              0.94140625,
              -0.0176544189453125,
              0.3369140625,
              -0.12468365579843521
            ],
            [
              0.131103515625,
              0.93896484375,
              -0.3173828125,
              0.1394057422876358
            ],
            [
              -0.310791015625,
              0.3427734375,
              0.88671875,
              -0.19906620681285858
            ]
          ]
        ]
      },
      {
        "psnr": 12.574370384216309,
        "distortion": 0.0180885698646307,
        "rotation_rmse": 4.893754959106445,
        "translation_rmse_100": 1.3334230184555054,
        "t_final": [
          [
            [
              0.97705078125,
              -0.09796142578125,
              0.1878662109375,
              -0.07947779446840286
            ],
            [
              0.1556396484375,
              0.93359375,
              -0.32275390625,
              0.15464690327644348
            ],
            [
              -0.1436767578125,
              0.3447265625,
              0.927734375,
              -0.18587395548820496
            ]
          ]
        ]
      },
      {
        "psnr": 11.878290176391602,
        "distortion": 0.017330141738057137,
        "rotation_rmse": 34.771217346191406,
        "translation_rmse_100": 26.6629581451416,
        "t_final": [
          [
            [
              0.5703125,
              -0.40185546875,
              0.71630859375,
              -0.4588637351989746
            ],
            [
              0.76416015625,
              0.57958984375,
              -0.283447265625,
              -0.003344442695379257
            ],
            [
              -0.301513671875,
              0.708984375,
              0.6376953125,
              -0.34947866201400757
            ]
          ]
        ]
      },
      {
        "psnr": 11.3092041015625,
        "distortion": 0.014746559783816338,
        "rotation_rmse": 31.967716217041016,
        "translation_rmse_100": 12.121453285217285,
        "t_final": [
          [
            [
              0.654296875,
              -0.318359375,
              0.68603515625,
              -0.03825325146317482
            ],
            [
              0.69580078125,
              0.60888671875,
              -0.381103515625,
              0.3551272451877594
            ],
            [
              -0.296142578125,
              0.7265625,
              0.6201171875,
              -0.24954679608345032
            ]
          ]
        ]
      },
      {
        "psnr": 11.23721694946289,
        "distortion": 0.015543465502560139,
        "rotation_rmse": 22.48886489868164,
        "translation_rmse_100": 8.3209228515625,
        "t_final": [
          [
            [
              0.72998046875,
              -0.188232421875,
              0.65673828125,
              -0.15547038614749908
            ],
            [
              0.419921875,
              0.8818359375,
              -0.2137451171875,
              0.12980219721794128
            ],
            [
              -0.5390625,
              0.431884765625,
              0.72314453125,
              -0.08612029254436493
            ]
          ]
        ]
      },
      {
        "psnr": 10.34582805633545,
        "distortion": 0.023157551884651184,
        "rotation_rmse": 11.868067741394043,
        "translation_rmse_100": 30.40645980834961,
        "t_final": [
          [
            [
              0.916015625,
              -0.2281494140625,
              0.330810546875,
              -0.43359261751174927
            ],
            [
              0.338623046875,
              0.88134765625,
              -0.330078125,
              -0.07731734216213226
            ],
            [
              -0.216064453125,
              0.4140625,
              0.88427734375,
              -0.4723345637321472
            ]
          ]
        ]
      },
      {
        "psnr": 11.329572677612305,
        "distortion": 0.019558778032660484,
        "rotation_rmse": 6.323416233062744,
        "translation_rmse_100": 13.381518363952637,
        "t_final": [
          [
            [
              0.984375,
              0.05609130859375,
              0.16552734375,
              -0.06627041846513748
            ],
            [
              0.035858154296875,
              0.8623046875,
              -0.50537109375,
              0.38664355874061584
            ],
            [
              -0.1710205078125,
              0.50341796875,
              0.8466796875,
              -0.17701838910579681
            ]
          ]
        ]
      },
      {
        "psnr": 27.16431427001953,
        "distortion": 0.025908850133419037,
        "rotation_rmse": 0.024032974615693092,
        "translation_rmse_100": 0.008716723881661892,
        "t_final": [
          [
            [
              0.986328125,
              0.04449462890625,
              0.1572265625,
              -0.056585486978292465
            ],
            [
              0.01152801513671875,
              0.94091796875,
              -0.33837890625,
              0.1552765965461731
            ],
            [
              -0.1630859375,
              0.335693359375,
              0.927734375,
              -0.18761973083019257
            ]
          ]
        ]
      },
      {
        "psnr": 11.483835220336914,
        "distortion": 0.014155865646898746,
        "rotation_rmse": 14.00755500793457,
        "translation_rmse_100": 22.315841674804688,
        "t_final": [
          [
            [
              0.8681640625,
              -0.11767578125,
              0.48193359375,
              -0.2941043972969055
            ],
            [
              0.299560546875,
              0.89892578125,
              -0.3203125,
              0.4509701430797577
            ],
            [
              -0.3955078125,
              0.42236328125,
              0.8154296875,
              -0.26198551058769226
            ]
          ]
        ]
      }
    ]
  }
}