{
  "table_30_70_even_odd": {
    "best": {
      "psnr": 11.483835220336914,
      "distortion": 0.014155865646898746,
      "rotation_rmse": 14.00755500793457,
      "translation_rmse_100": 22.315841674804688,
      "t_final": [
        [
          [
            0.8681640625,
            -0.11767578125,
            0.48193359375,
            -0.2941043972969055
          ],
          [
            0.299560546875,
            0.89892578125,
            -0.3203125,
            0.4509701430797577
          ],
          [
            -0.3955078125,
            0.42236328125,
            0.8154296875,
            -0.26198551058769226
          ]
        ]
      ]
    },
    "stats_list": [
      {
        "psnr": 11.483835220336914,
        "distortion": 0.014155865646898746,
        "rotation_rmse": 14.00755500793457,
        "translation_rmse_100": 22.315841674804688,
        "t_final": [
          [
            [
              0.8681640625,
              -0.11767578125,
              0.48193359375,
              -0.2941043972969055
            ],
            [
              0.299560546875,
              0.89892578125,
              -0.3203125,
              0.4509701430797577
            ],
            [
              -0.3955078125,
              0.42236328125,
              0.8154296875,
              -0.26198551058769226
            ]
          ]
        ]
      },
      {
        "psnr": 11.483835220336914,
        "distortion": 0.014155865646898746,
        "rotation_rmse": 14.00755500793457,
        "translation_rmse_100": 22.315841674804688,
        "t_final": [
          [
            [
              0.8681640625,
              -0.11767578125,
              0.48193359375,
              -0.2941043972969055
            ],
            [
              0.299560546875,
              0.89892578125,
              -0.3203125,
              0.4509701430797577
            ],
            [
              -0.3955078125,
              0.42236328125,
              0.8154296875,
              -0.26198551058769226
            ]
          ]
        ]
      },
      {
        "psnr": 11.483835220336914,
        "distortion": 0.014155865646898746,
        "rotation_rmse": 14.00755500793457,
        "translation_rmse_100": 22.315841674804688,
        "t_final": [
          [
            [
              0.8681640625,
              -0.11767578125,
              0.48193359375,
              -0.2941043972969055
            ],
            [
              0.299560546875,
              0.89892578125,
              -0.3203125,
              0.4509701430797577
            ],
            [
              -0.3955078125,
              0.42236328125,
              0.8154296875,
              -0.26198551058769226
            ]
          ]
        ]
      },
      {
        "psnr": 11.483835220336914,
        "distortion": 0.014155865646898746,
        "rotation_rmse": 14.00755500793457,
        "translation_rmse_100": 22.315841674804688,
        "t_final": [
          [
            [
              0.8681640625,
              -0.11767578125,
              0.48193359375,
              -0.2941043972969055
            ],
            [
              0.299560546875,
              0.89892578125,
              -0.3203125,
              0.4509701430797577
            ],
            [
              -0.3955078125,
              0.42236328125,
              0.8154296875,
              -0.26198551058769226
            ]
          ]
        ]
      },
      {
        "psnr": 11.483835220336914,
        "distortion": 0.014155865646898746,
        "rotation_rmse": 14.00755500793457,
        "translation_rmse_100": 22.315841674804688,
        "t_final": [
          [
            [
              0.8681640625,
              -0.11767578125,
              0.48193359375,
              -0.2941043972969055
            ],
            [
              0.299560546875,
              0.89892578125,
              -0.3203125,
              0.4509701430797577
            ],
            [
              -0.3955078125,
              0.42236328125,
              0.8154296875,
              -0.26198551058769226
            ]
          ]
        ]
      },
      {
        "psnr": 11.483835220336914,
        "distortion": 0.014155865646898746,
        "rotation_rmse": 14.00755500793457,
        "translation_rmse_100": 22.315841674804688,
        "t_final": [
          [
            [
              0.8681640625,
              -0.11767578125,
              0.48193359375,
              -0.2941043972969055
            ],
            [
              0.299560546875,
              0.89892578125,
              -0.3203125,
              0.4509701430797577
            ],
            [
              -0.3955078125,
              0.42236328125,
              0.8154296875,
              -0.26198551058769226
            ]
          ]
        ]
      },
      {
        "psnr": 11.483835220336914,
        "distortion": 0.014155865646898746,
        "rotation_rmse": 14.00755500793457,
        "translation_rmse_100": 22.315841674804688,
        "t_final": [
          [
            [
              0.8681640625,
              -0.11767578125,
              0.48193359375,
              -0.2941043972969055
            ],
            [
              0.299560546875,
              0.89892578125,
              -0.3203125,
              0.4509701430797577
            ],
            [
              -0.3955078125,
              0.42236328125,
              0.8154296875,
              -0.26198551058769226
            ]
          ]
        ]
      },
      {
        "psnr": 11.483835220336914,
        "distortion": 0.014155865646898746,
        "rotation_rmse": 14.00755500793457,
        "translation_rmse_100": 22.315841674804688,
        "t_final": [
          [
            [
              0.8681640625,
              -0.11767578125,
              0.48193359375,
              -0.2941043972969055
            ],
            [
              0.299560546875,
              0.89892578125,
              -0.3203125,
              0.4509701430797577
            ],
            [
              -0.3955078125,
              0.42236328125,
              0.8154296875,
              -0.26198551058769226
            ]
          ]
        ]
      },
      {
        "psnr": 11.483835220336914,
        "distortion": 0.014155865646898746,
        "rotation_rmse": 14.00755500793457,
        "translation_rmse_100": 22.315841674804688,
        "t_final": [
          [
            [
              0.8681640625,
              -0.11767578125,
              0.48193359375,
              -0.2941043972969055
            ],
            [
              0.299560546875,
              0.89892578125,
              -0.3203125,
              0.4509701430797577
            ],
            [
              -0.3955078125,
              0.42236328125,
              0.8154296875,
              -0.26198551058769226
            ]
          ]
        ]
      },
      {
        "psnr": 11.483835220336914,
        "distortion": 0.014155865646898746,
        "rotation_rmse": 14.00755500793457,
        "translation_rmse_100": 22.315841674804688,
        "t_final": [
          [
            [
              0.8681640625,
              -0.11767578125,
              0.48193359375,
              -0.2941043972969055
            ],
            [
              0.299560546875,
              0.89892578125,
              -0.3203125,
              0.4509701430797577
            ],
            [
              -0.3955078125,
              0.42236328125,
              0.8154296875,
              -0.26198551058769226
            ]
          ]
        ]
      }
    ]
  }
}