{
  "lion_30_70_even_odd": {
    "best": {
      "psnr": 27.63775634765625,
      "distortion": 0.0037823820021003485,
      "rotation_rmse": 0.06599269062280655,
      "translation_rmse_100": 0.044707637280225754,
      "t_final": [
        [
          [
            0.92041015625,
            -0.240234375,
            0.30859375,
            0.3046875
          ],
          [
            0.306396484375,
            0.93310546875,
            -0.1878662109375,
            0.1834716796875
          ],
          [
            -0.2427978515625,
            0.267578125,
            0.9326171875,
            -0.11822509765625
          ]
        ]
      ]
    },
    "stats_list": [
      {
        "psnr": 19.722265243530273,
        "distortion": 0.01149306632578373,
        "rotation_rmse": 25.681055068969727,
        "translation_rmse_100": 27.542390823364258,
        "t_final": [
          [
            [
              0.89306640625,
              -0.30224609375,
              -0.334228515625,
              0.64697265625
            ],
            [
              0.08746337890625,
              0.84375,
              -0.529296875,
              -0.1287841796875
            ],
            [
              0.44189453125,
              0.443115234375,
              0.77978515625,
              -0.00527191162109375
            ]
          ]
        ]
      },
      {
        "psnr": 18.264724731445312,
        "distortion": 0.010308629833161831,
        "rotation_rmse": 23.26434326171875,
        "translation_rmse_100": 32.380943298339844,
        "t_final": [
          [
            [
              0.98876953125,
              0.05157470703125,
              -0.1387939453125,
              0.666015625
            ],
            [
              -0.12939453125,
              0.755859375,
              -0.6416015625,
              -0.181396484375
            ],
            [
              0.07183837890625,
              0.65234375,
              0.75439453125,
              -0.344482421875
            ]
          ]
        ]
      },
      {
        "psnr": 18.001750946044922,
        "distortion": 0.019184142351150513,
        "rotation_rmse": 21.353792190551758,
        "translation_rmse_100": 30.4749755859375,
        "t_final": [
          [
            [
              0.7890625,
              -0.044952392578125,
              0.61279296875,
              0.55029296875
            ],
            [
              0.44970703125,
              0.72216796875,
              -0.52587890625,
              -0.054473876953125
            ],
            [
              -0.418701171875,
              0.6904296875,
              0.58984375,
              0.283203125
            ]
          ]
        ]
      },
      {
        "psnr": 20.434175491333008,
        "distortion": 0.015674283728003502,
        "rotation_rmse": 21.780725479125977,
        "translation_rmse_100": 31.65498924255371,
        "t_final": [
          [
            [
              0.8232421875,
              -0.55517578125,
              -0.117919921875,
              0.40625
            ],
            [
              0.430419921875,
              0.74609375,
              -0.50830078125,
              -0.34814453125
            ],
            [
              0.3701171875,
              0.36767578125,
              0.85302734375,
              -0.02984619140625
            ]
          ]
        ]
      },
      {
        "psnr": 18.5674991607666,
        "distortion": 0.004407152067869902,
        "rotation_rmse": 15.133074760437012,
        "translation_rmse_100": 28.499513626098633,
        "t_final": [
          [
            [
              0.99462890625,
              -0.05438232421875,
              -0.09063720703125,
              0.167724609375
            ],
            [
              0.0369873046875,
              0.982421875,
              -0.1837158203125,
              -0.064453125
            ],
            [
              0.0989990234375,
              0.1793212890625,
              0.97900390625,
              -0.5234375
            ]
          ]
        ]
      },
      {
        "psnr": 18.924591064453125,
        "distortion": 0.04205573350191116,
        "rotation_rmse": 30.015893936157227,
        "translation_rmse_100": 21.607980728149414,
        "t_final": [
          [
            [
              0.408203125,
              -0.6201171875,
              0.669921875,
              0.6279296875
            ],
            [
              0.8642578125,
              0.49853515625,
              -0.06524658203125,
              0.277099609375
            ],
            [
              -0.293701171875,
              0.60595703125,
              0.7392578125,
              -0.281982421875
            ]
          ]
        ]
      },
      {
        "psnr": 18.27024269104004,
        "distortion": 0.07007985562086105,
        "rotation_rmse": 15.777225494384766,
        "translation_rmse_100": 120.3258056640625,
        "t_final": [
          [
            [
              0.84765625,
              -0.293701171875,
              0.44140625,
              0.74072265625
            ],
            [
              0.5009765625,
              0.7158203125,
              -0.486083984375,
              -0.578125
            ],
            [
              -0.17333984375,
              0.63330078125,
              0.75439453125,
              1.771484375
            ]
          ]
        ]
      },
      {
        "psnr": 27.63775634765625,
        "distortion": 0.0037823820021003485,
        "rotation_rmse": 0.06599269062280655,
        "translation_rmse_100": 0.044707637280225754,
        "t_final": [
          [
            [
              0.92041015625,
              -0.240234375,
              0.30859375,
              0.3046875
            ],
            [
              0.306396484375,
              0.93310546875,
              -0.1878662109375,
              0.1834716796875
            ],
            [
              -0.2427978515625,
              0.267578125,
              0.9326171875,
              -0.11822509765625
            ]
          ]
        ]
      },
      {
        "psnr": 19.211532592773438,
        "distortion": 0.003338754642754793,
        "rotation_rmse": 15.21916675567627,
        "translation_rmse_100": 8.768279075622559,
        "t_final": [
          [
            [
              0.6982421875,
              -0.6181640625,
              0.36083984375,
              0.20751953125
            ],
            [
              0.6865234375,
              0.72119140625,
              -0.09344482421875,
              0.291748046875
            ],
            [
              -0.2022705078125,
              0.31298828125,
              0.927734375,
              -0.162353515625
            ]
          ]
        ]
      },
      {
        "psnr": 18.123210906982422,
        "distortion": 0.019753146916627884,
        "rotation_rmse": 24.435503005981445,
        "translation_rmse_100": 22.53312873840332,
        "t_final": [
          [
            [
              0.76904296875,
              -0.638671875,
              -0.02471923828125,
              0.6904296875
            ],
            [
              0.501953125,
              0.626953125,
              -0.595703125,
              0.1778564453125
            ],
            [
              0.396240234375,
              0.44580078125,
              0.802734375,
              -0.061492919921875
            ]
          ]
        ]
      }
    ]
  }
}