{
  "table_30_70_even_odd": {
    "best": {
      "psnr": 11.32040786743164,
      "distortion": 0.04275808110833168,
      "rotation_rmse": 16.48855209350586,
      "translation_rmse_100": 8.785099983215332,
      "t_final": [
        [
          [
            0.857421875,
            -0.409912109375,
            0.311767578125,
            -0.0952005609869957
          ],
          [
            0.415771484375,
            0.908203125,
            0.05078125,
            -0.14633016288280487
          ],
          [
            -0.303955078125,
            0.0860595703125,
            0.94873046875,
            -0.21207846701145172
          ]
        ]
      ]
    },
    "stats_list": [
      {
        "psnr": 10.990840911865234,
        "distortion": 0.1629197597503662,
        "rotation_rmse": 44.58678436279297,
        "translation_rmse_100": 19.43622589111328,
        "t_final": [
          [
            [
              0.76904296875,
              0.59765625,
              0.22705078125,
              -0.09578821808099747
            ],
            [
              -0.580078125,
              0.8017578125,
              -0.1444091796875,
              -0.2055724859237671
            ],
            [
              -0.268310546875,
              -0.0205841064453125,
              0.962890625,
              0.12989668548107147
            ]
          ]
        ]
      },
      {
        "psnr": 11.091614723205566,
        "distortion": 0.1666262447834015,
        "rotation_rmse": 42.35880661010742,
        "translation_rmse_100": 20.441917419433594,
        "t_final": [
          [
            [
              0.80322265625,
              0.5517578125,
              0.22412109375,
              -0.08007543534040451
            ],
            [
              -0.5283203125,
              0.833984375,
              -0.157958984375,
              -0.20205006003379822
            ],
            [
              -0.274169921875,
              0.00843048095703125,
              0.96142578125,
              0.15619298815727234
            ]
          ]
        ]
      },
      {
        "psnr": 11.189701080322266,
        "distortion": 0.16318641602993011,
        "rotation_rmse": 39.45021438598633,
        "translation_rmse_100": 16.42069435119629,
        "t_final": [
          [
            [
              0.90576171875,
              0.394287109375,
              0.1552734375,
              -0.004743678029626608
            ],
            [
              -0.393798828125,
              0.91845703125,
              -0.03558349609375,
              -0.2009599357843399
            ],
            [
              -0.1566162109375,
              -0.0289459228515625,
              0.9873046875,
              0.10571771115064621
            ]
          ]
        ]
      },
      {
        "psnr": 11.208158493041992,
        "distortion": 0.24153625965118408,
        "rotation_rmse": 47.55712890625,
        "translation_rmse_100": 24.70578956604004,
        "t_final": [
          [
            [
              0.591796875,
              0.74462890625,
              0.309326171875,
              -0.04900813847780228
            ],
            [
              -0.6357421875,
              0.66650390625,
              -0.388916015625,
              -0.3261057138442993
            ],
            [
              -0.495849609375,
              0.03338623046875,
              0.8681640625,
              0.21489666402339935
            ]
          ]
        ]
      },
      {
        "psnr": 11.003528594970703,
        "distortion": 0.1679275631904602,
        "rotation_rmse": 43.683937072753906,
        "translation_rmse_100": 17.759428024291992,
        "t_final": [
          [
            [
              0.787109375,
              0.56982421875,
              0.236572265625,
              -0.06698282063007355
            ],
            [
              -0.55517578125,
              0.8212890625,
              -0.131103515625,
              -0.18993693590164185
            ],
            [
              -0.26904296875,
              -0.0281219482421875,
              0.962890625,
              0.1121954545378685
            ]
          ]
        ]
      },
      {
        "psnr": 11.114339828491211,
        "distortion": 0.20707212388515472,
        "rotation_rmse": 44.823951721191406,
        "translation_rmse_100": 21.589664459228516,
        "t_final": [
          [
            [
              0.77197265625,
              0.59814453125,
              0.2147216796875,
              -0.08465390652418137
            ],
            [
              -0.58349609375,
              0.80126953125,
              -0.133544921875,
              -0.19580364227294922
            ],
            [
              -0.251953125,
              -0.022125244140625,
              0.96728515625,
              0.17630109190940857
            ]
          ]
        ]
      },
      {
        "psnr": 11.118629455566406,
        "distortion": 0.17286628484725952,
        "rotation_rmse": 42.55839538574219,
        "translation_rmse_100": 20.423343658447266,
        "t_final": [
          [
            [
              0.80517578125,
              0.55078125,
              0.218994140625,
              -0.0834125503897667
            ],
            [
              -0.53076171875,
              0.83447265625,
              -0.147216796875,
              -0.20128773152828217
            ],
            [
              -0.263916015625,
              0.0023441314697265625,
              0.96484375,
              0.1545783430337906
            ]
          ]
        ]
      },
      {
        "psnr": 11.32040786743164,
        "distortion": 0.04275808110833168,
        "rotation_rmse": 16.48855209350586,
        "translation_rmse_100": 8.785099983215332,
        "t_final": [
          [
            [
              0.857421875,
              -0.409912109375,
              0.311767578125,
              -0.0952005609869957
            ],
            [
              0.415771484375,
              0.908203125,
              0.05078125,
              -0.14633016288280487
            ],
            [
              -0.303955078125,
              0.0860595703125,
              0.94873046875,
              -0.21207846701145172
            ]
          ]
        ]
      },
      {
        "psnr": 11.053903579711914,
        "distortion": 0.1676155924797058,
        "rotation_rmse": 42.931846618652344,
        "translation_rmse_100": 19.531267166137695,
        "t_final": [
          [
            [
              0.810546875,
              0.55126953125,
              0.1988525390625,
              -0.0604565404355526
            ],
            [
              -0.53515625,
              0.83447265625,
              -0.1318359375,
              -0.2016226202249527
            ],
            [
              -0.2386474609375,
              0.00040984153747558594,
              0.97119140625,
              0.14660385251045227
            ]
          ]
        ]
      },
      {
        "psnr": 10.980985641479492,
        "distortion": 0.020461430773139,
        "rotation_rmse": 29.39081573486328,
        "translation_rmse_100": 12.944600105285645,
        "t_final": [
          [
            [
              0.994140625,
              -0.0726318359375,
              0.0775146484375,
              -0.14805158972740173
            ],
            [
              0.07196044921875,
              0.99755859375,
              0.0113067626953125,
              -0.09987399727106094
            ],
            [
              -0.07818603515625,
              -0.005657196044921875,
              0.9970703125,
              -0.2501614987850189
            ]
          ]
        ]
      }
    ]
  }
}