{
  "horns_0_100_even_odd": {
    "best": {
      "psnr": 25.84450912475586,
      "distortion": 0.022346995770931244,
      "rotation_rmse": 0.009684601798653603,
      "translation_rmse_100": 0.029612058773636818,
      "t_final": [
        [
          [
            0.85595703125,
            0.1357421875,
            0.4990234375,
            -0.04437255859375
          ],
          [
            0.0343017578125,
            0.94775390625,
            -0.31689453125,
            0.1287841796875
          ],
          [
            -0.51611328125,
            0.288330078125,
            0.806640625,
            -0.237548828125
          ]
        ]
      ]
    },
    "stats_list": [
      {
        "psnr": 11.235148429870605,
        "distortion": 0.1183767169713974,
        "rotation_rmse": 28.573259353637695,
        "translation_rmse_100": 27.53569221496582,
        "t_final": [
          [
            [
              0.923828125,
              -0.38232421875,
              0.0242767333984375,
              0.1544189453125
            ],
            [
              0.315185546875,
              0.72265625,
              -0.615234375,
              -0.26025390625
            ],
            [
              0.2177734375,
              0.576171875,
              0.7880859375,
              -0.42919921875
            ]
          ]
        ]
      },
      {
        "psnr": 11.398674011230469,
        "distortion": 0.1634761095046997,
        "rotation_rmse": 25.19391441345215,
        "translation_rmse_100": 34.320743560791016,
        "t_final": [
          [
            [
              0.92431640625,
              -0.10980224609375,
              0.3662109375,
              0.2230224609375
            ],
            [
              0.3525390625,
              0.61572265625,
              -0.705078125,
              -0.277099609375
            ],
            [
              -0.14794921875,
              0.7802734375,
              0.607421875,
              -0.580078125
            ]
          ]
        ]
      },
      {
        "psnr": 12.05856990814209,
        "distortion": 0.052104510366916656,
        "rotation_rmse": 17.624372482299805,
        "translation_rmse_100": 20.89225959777832,
        "t_final": [
          [
            [
              0.86181640625,
              -0.282958984375,
              0.421142578125,
              -0.096923828125
            ],
            [
              0.4345703125,
              0.83984375,
              -0.3251953125,
              -0.2138671875
            ],
            [
              -0.26171875,
              0.463134765625,
              0.8466796875,
              -0.3408203125
            ]
          ]
        ]
      },
      {
        "psnr": 24.24945068359375,
        "distortion": 0.027161668986082077,
        "rotation_rmse": 0.0216965414583683,
        "translation_rmse_100": 0.0045552123337984085,
        "t_final": [
          [
            [
              0.85595703125,
              0.1356201171875,
              0.498779296875,
              -0.043853759765625
            ],
            [
              0.034210205078125,
              0.94775390625,
              -0.316650390625,
              0.1287841796875
            ],
            [
              -0.515625,
              0.2880859375,
              0.806640625,
              -0.237548828125
            ]
          ]
        ]
      },
      {
        "psnr": 23.374515533447266,
        "distortion": 0.024934876710176468,
        "rotation_rmse": 0.009302124381065369,
        "translation_rmse_100": 0.2066938877105713,
        "t_final": [
          [
            [
              0.85595703125,
              0.1361083984375,
              0.498779296875,
              -0.040374755859375
            ],
            [
              0.034149169921875,
              0.94775390625,
              -0.317138671875,
              0.129638671875
            ],
            [
              -0.51611328125,
              0.28857421875,
              0.806640625,
              -0.2376708984375
            ]
          ]
        ]
      },
      {
        "psnr": 22.96579360961914,
        "distortion": 0.026731770485639572,
        "rotation_rmse": 0.021043382585048676,
        "translation_rmse_100": 0.0193522609770298,
        "t_final": [
          [
            [
              0.85546875,
              0.1363525390625,
              0.4990234375,
              -0.043548583984375
            ],
            [
              0.03424072265625,
              0.94775390625,
              -0.317626953125,
              0.12890625
            ],
            [
              -0.51611328125,
              0.2890625,
              0.80615234375,
              -0.2374267578125
            ]
          ]
        ]
      },
      {
        "psnr": 24.124561309814453,
        "distortion": 0.03175206109881401,
        "rotation_rmse": 0.011582078412175179,
        "translation_rmse_100": 0.02581966109573841,
        "t_final": [
          [
            [
              0.85595703125,
              0.1358642578125,
              0.499267578125,
              -0.044219970703125
            ],
            [
              0.034393310546875,
              0.94775390625,
              -0.31689453125,
              0.12890625
            ],
            [
              -0.51611328125,
              0.288330078125,
              0.806640625,
              -0.23779296875
            ]
          ]
        ]
      },
      {
        "psnr": 23.85481071472168,
        "distortion": 0.04047873616218567,
        "rotation_rmse": 0.009224358014762402,
        "translation_rmse_100": 0.017253903672099113,
        "t_final": [
          [
            [
              0.85595703125,
              0.1357421875,
              0.4990234375,
              -0.043609619140625
            ],
            [
              0.03448486328125,
              0.94775390625,
              -0.317138671875,
              0.12890625
            ],
            [
              -0.51611328125,
              0.288818359375,
              0.806640625,
              -0.2376708984375
            ]
          ]
        ]
      },
      {
        "psnr": 10.782893180847168,
        "distortion": 0.0984911099076271,
        "rotation_rmse": 21.65898323059082,
        "translation_rmse_100": 30.32550811767578,
        "t_final": [
          [
            [
              0.97802734375,
              -0.1705322265625,
              0.12139892578125,
              0.4072265625
            ],
            [
              0.209228515625,
              0.7744140625,
              -0.59716796875,
              0.0308685302734375
            ],
            [
              0.0078887939453125,
              0.609375,
              0.79296875,
              0.01308441162109375
            ]
          ]
        ]
      },
      {
        "psnr": 25.84450912475586,
        "distortion": 0.022346995770931244,
        "rotation_rmse": 0.009684601798653603,
        "translation_rmse_100": 0.029612058773636818,
        "t_final": [
          [
            [
              0.85595703125,
              0.1357421875,
              0.4990234375,
              -0.04437255859375
            ],
            [
              0.0343017578125,
              0.94775390625,
              -0.31689453125,
              0.1287841796875
            ],
            [
              -0.51611328125,
              0.288330078125,
              0.806640625,
              -0.237548828125
            ]
          ]
        ]
      }
    ]
  }
}