{
  "fern_0_100_even_odd": {
    "best": {
      "psnr": 24.386329650878906,
      "distortion": 0.020016130059957504,
      "rotation_rmse": 0.0511590950191021,
      "translation_rmse_100": 0.06386902183294296,
      "t_final": [
        [
          [
            0.91357421875,
            0.18115234375,
            0.3642578125,
            -0.354248046875
          ],
          [
            0.1058349609375,
            0.7587890625,
            -0.64306640625,
            0.33154296875
          ],
          [
            -0.392578125,
            0.6259765625,
            0.673828125,
            0.07373046875
          ]
        ]
      ]
    },
    "stats_list": [
      {
        "psnr": 22.3646183013916,
        "distortion": 0.020023953169584274,
        "rotation_rmse": 0.057559214532375336,
        "translation_rmse_100": 0.05313439667224884,
        "t_final": [
          [
            [
              0.91357421875,
              0.1810302734375,
              0.364013671875,
              -0.353759765625
            ],
            [
              0.1058349609375,
              0.7587890625,
              -0.642578125,
              0.331298828125
            ],
            [
              -0.392578125,
              0.6259765625,
              0.673828125,
              0.07391357421875
            ]
          ]
        ]
      },
      {
        "psnr": 14.410280227661133,
        "distortion": 0.02125091664493084,
        "rotation_rmse": 5.495864391326904,
        "translation_rmse_100": 4.726107597351074,
        "t_final": [
          [
            [
              0.9091796875,
              0.01364898681640625,
              0.416015625,
              -0.400634765625
            ],
            [
              0.2490234375,
              0.783203125,
              -0.56982421875,
              0.269775390625
            ],
            [
              -0.33349609375,
              0.62158203125,
              0.70849609375,
              0.045379638671875
            ]
          ]
        ]
      },
      {
        "psnr": 9.403940200805664,
        "distortion": 0.16336862742900848,
        "rotation_rmse": 25.65699577331543,
        "translation_rmse_100": 57.13800048828125,
        "t_final": [
          [
            [
              0.6220703125,
              -0.55322265625,
              0.55419921875,
              0.54638671875
            ],
            [
              0.67724609375,
              0.7353515625,
              -0.02606201171875,
              0.306396484375
            ],
            [
              -0.39306640625,
              0.3916015625,
              0.83203125,
              -0.335205078125
            ]
          ]
        ]
      },
      {
        "psnr": 12.110928535461426,
        "distortion": 0.13133655488491058,
        "rotation_rmse": 24.272926330566406,
        "translation_rmse_100": 21.873266220092773,
        "t_final": [
          [
            [
              0.6240234375,
              -0.40576171875,
              0.66796875,
              -0.02972412109375
            ],
            [
              0.45556640625,
              0.88330078125,
              0.11077880859375,
              0.153564453125
            ],
            [
              -0.634765625,
              0.2353515625,
              0.73583984375,
              -0.008575439453125
            ]
          ]
        ]
      },
      {
        "psnr": 24.386329650878906,
        "distortion": 0.020016130059957504,
        "rotation_rmse": 0.0511590950191021,
        "translation_rmse_100": 0.06386902183294296,
        "t_final": [
          [
            [
              0.91357421875,
              0.18115234375,
              0.3642578125,
              -0.354248046875
            ],
            [
              0.1058349609375,
              0.7587890625,
              -0.64306640625,
              0.33154296875
            ],
            [
              -0.392578125,
              0.6259765625,
              0.673828125,
              0.07373046875
            ]
          ]
        ]
      },
      {
        "psnr": 11.839717864990234,
        "distortion": 0.030175546184182167,
        "rotation_rmse": 19.348121643066406,
        "translation_rmse_100": 15.92123031616211,
        "t_final": [
          [
            [
              0.79443359375,
              -0.2247314453125,
              0.564453125,
              -0.442626953125
            ],
            [
              0.5771484375,
              0.5693359375,
              -0.58544921875,
              0.0701904296875
            ],
            [
              -0.189697265625,
              0.791015625,
              0.58203125,
              0.09417724609375
            ]
          ]
        ]
      },
      {
        "psnr": 15.673048973083496,
        "distortion": 0.017312845215201378,
        "rotation_rmse": 6.174539089202881,
        "translation_rmse_100": 9.229804992675781,
        "t_final": [
          [
            [
              0.92919921875,
              -0.01314544677734375,
              0.369384765625,
              -0.468017578125
            ],
            [
              0.22509765625,
              0.81298828125,
              -0.537109375,
              0.270263671875
            ],
            [
              -0.293212890625,
              0.58251953125,
              0.75830078125,
              -0.0202789306640625
            ]
          ]
        ]
      },
      {
        "psnr": 13.483258247375488,
        "distortion": 0.033314816653728485,
        "rotation_rmse": 27.054508209228516,
        "translation_rmse_100": 33.59891128540039,
        "t_final": [
          [
            [
              0.495361328125,
              -0.3935546875,
              0.7744140625,
              -0.642578125
            ],
            [
              0.55810546875,
              0.8271484375,
              0.0633544921875,
              -0.1717529296875
            ],
            [
              -0.66552734375,
              0.40087890625,
              0.62939453125,
              0.130126953125
            ]
          ]
        ]
      },
      {
        "psnr": 11.744763374328613,
        "distortion": 0.023345939815044403,
        "rotation_rmse": 16.302047729492188,
        "translation_rmse_100": 14.941322326660156,
        "t_final": [
          [
            [
              0.9150390625,
              -0.175537109375,
              0.36328125,
              -0.46484375
            ],
            [
              0.25927734375,
              0.94580078125,
              -0.1959228515625,
              0.2384033203125
            ],
            [
              -0.309326171875,
              0.2734375,
              0.91064453125,
              -0.140625
            ]
          ]
        ]
      },
      {
        "psnr": 13.371886253356934,
        "distortion": 0.04503116011619568,
        "rotation_rmse": 36.20845031738281,
        "translation_rmse_100": 37.80698776245117,
        "t_final": [
          [
            [
              0.300537109375,
              -0.51318359375,
              0.80419921875,
              -0.5546875
            ],
            [
              0.73095703125,
              0.6650390625,
              0.1512451171875,
              -0.283935546875
            ],
            [
              -0.61279296875,
              0.54248046875,
              0.5751953125,
              0.1788330078125
            ]
          ]
        ]
      }
    ]
  }
}