{
  "room_0_100_even_odd": {
    "best": {
      "psnr": 30.765878677368164,
      "distortion": 0.0074035655707120895,
      "rotation_rmse": 0.011985600925981998,
      "translation_rmse_100": 0.010643251240253448,
      "t_final": [
        [
          [
            0.99853515625,
            0.019744873046875,
            0.048065185546875,
            -0.1990966796875
          ],
          [
            0.00597381591796875,
            0.87548828125,
            -0.483642578125,
            0.1905517578125
          ],
          [
            -0.0516357421875,
            0.483154296875,
            0.8740234375,
            0.462890625
          ]
        ]
      ]
    },
    "stats_list": [
      {
        "psnr": 27.484638214111328,
        "distortion": 0.011260299012064934,
        "rotation_rmse": 0.006610012613236904,
        "translation_rmse_100": 0.011755289509892464,
        "t_final": [
          [
            [
              0.99853515625,
              0.020111083984375,
              0.04791259765625,
              -0.19921875
            ],
            [
              0.005573272705078125,
              0.875,
              -0.48388671875,
              0.1904296875
            ],
            [
              -0.051666259765625,
              0.4833984375,
              0.8740234375,
              0.463134765625
            ]
          ]
        ]
      },
      {
        "psnr": 12.843478202819824,
        "distortion": 0.11028190702199936,
        "rotation_rmse": 14.25402545928955,
        "translation_rmse_100": 26.95719337463379,
        "t_final": [
          [
            [
              0.908203125,
              -0.36376953125,
              0.2078857421875,
              0.24853515625
            ],
            [
              0.4189453125,
              0.783203125,
              -0.4599609375,
              0.09124755859375
            ],
            [
              0.00447845458984375,
              0.5048828125,
              0.86328125,
              0.55029296875
            ]
          ]
        ]
      },
      {
        "psnr": 12.56665325164795,
        "distortion": 0.09671306610107422,
        "rotation_rmse": 4.565786838531494,
        "translation_rmse_100": 35.50579833984375,
        "t_final": [
          [
            [
              0.9873046875,
              -0.08258056640625,
              0.1363525390625,
              0.1146240234375
            ],
            [
              0.13916015625,
              0.86328125,
              -0.48486328125,
              0.406005859375
            ],
            [
              -0.07769775390625,
              0.49755859375,
              0.86376953125,
              -0.019989013671875
            ]
          ]
        ]
      },
      {
        "psnr": 28.611221313476562,
        "distortion": 0.008273211307823658,
        "rotation_rmse": 0.006367391441017389,
        "translation_rmse_100": 0.01616465300321579,
        "t_final": [
          [
            [
              0.99853515625,
              0.0200958251953125,
              0.047760009765625,
              -0.199462890625
            ],
            [
              0.005512237548828125,
              0.875,
              -0.48388671875,
              0.1904296875
            ],
            [
              -0.051513671875,
              0.4833984375,
              0.8740234375,
              0.463134765625
            ]
          ]
        ]
      },
      {
        "psnr": 12.455617904663086,
        "distortion": 0.14018525183200836,
        "rotation_rmse": 27.596189498901367,
        "translation_rmse_100": 58.30457305908203,
        "t_final": [
          [
            [
              0.671875,
              -0.6669921875,
              0.322021484375,
              0.1378173828125
            ],
            [
              0.73779296875,
              0.640625,
              -0.2135009765625,
              -0.7509765625
            ],
            [
              -0.06396484375,
              0.381103515625,
              0.92236328125,
              0.322265625
            ]
          ]
        ]
      },
      {
        "psnr": 12.674924850463867,
        "distortion": 0.17447872459888458,
        "rotation_rmse": 11.896401405334473,
        "translation_rmse_100": 104.52577209472656,
        "t_final": [
          [
            [
              0.9658203125,
              0.25830078125,
              -0.00949859619140625,
              1.5556640625
            ],
            [
              -0.251708984375,
              0.93212890625,
              -0.2607421875,
              -0.250244140625
            ],
            [
              -0.058502197265625,
              0.254150390625,
              0.96533203125,
              0.402587890625
            ]
          ]
        ]
      },
      {
        "psnr": 27.669532775878906,
        "distortion": 0.011367617174983025,
        "rotation_rmse": 0.0080160116776824,
        "translation_rmse_100": 0.012203728780150414,
        "t_final": [
          [
            [
              0.99853515625,
              0.0200958251953125,
              0.04766845703125,
              -0.199462890625
            ],
            [
              0.005481719970703125,
              0.875,
              -0.483642578125,
              0.1905517578125
            ],
            [
              -0.05145263671875,
              0.483154296875,
              0.8740234375,
              0.462890625
            ]
          ]
        ]
      },
      {
        "psnr": 26.361318588256836,
        "distortion": 0.010549893602728844,
        "rotation_rmse": 0.011635818518698215,
        "translation_rmse_100": 0.012904990464448929,
        "t_final": [
          [
            [
              0.99853515625,
              0.0198974609375,
              0.047698974609375,
              -0.19921875
            ],
            [
              0.00568389892578125,
              0.875,
              -0.48388671875,
              0.1903076171875
            ],
            [
              -0.051361083984375,
              0.483642578125,
              0.87353515625,
              0.462890625
            ]
          ]
        ]
      },
      {
        "psnr": 30.209793090820312,
        "distortion": 0.011688774451613426,
        "rotation_rmse": 0.010607159696519375,
        "translation_rmse_100": 0.005081514362245798,
        "t_final": [
          [
            [
              0.99853515625,
              0.019744873046875,
              0.048004150390625,
              -0.19921875
            ],
            [
              0.005939483642578125,
              0.87548828125,
              -0.483642578125,
              0.1905517578125
            ],
            [
              -0.051544189453125,
              0.483154296875,
              0.8740234375,
              0.462890625
            ]
          ]
        ]
      },
      {
        "psnr": 30.765878677368164,
        "distortion": 0.0074035655707120895,
        "rotation_rmse": 0.011985600925981998,
        "translation_rmse_100": 0.010643251240253448,
        "t_final": [
          [
            [
              0.99853515625,
              0.019744873046875,
              0.048065185546875,
              -0.1990966796875
            ],
            [
              0.00597381591796875,
              0.87548828125,
              -0.483642578125,
              0.1905517578125
            ],
            [
              -0.0516357421875,
              0.483154296875,
              0.8740234375,
              0.462890625
            ]
          ]
        ]
      }
    ]
  }
}