{
  "room_50_50": {
    "best": {
      "psnr": 28.586929321289062,
      "distortion": 0.007960853166878223,
      "rotation_rmse": 0.004743892699480057,
      "translation_rmse_100": 0.015021446160972118,
      "t_final": [
        [
          [
            0.99853515625,
            0.020111083984375,
            0.04779052734375,
            -0.1990966796875
          ],
          [
            0.005527496337890625,
            0.875,
            -0.483642578125,
            0.1904296875
          ],
          [
            -0.05157470703125,
            0.4833984375,
            0.8740234375,
            0.463134765625
          ]
        ]
      ]
    },
    "stats_list": [
      {
        "psnr": 22.601333618164062,
        "distortion": 0.020125506445765495,
        "rotation_rmse": 0.02415355108678341,
        "translation_rmse_100": 0.027960140258073807,
        "t_final": [
          [
            [
              0.99853515625,
              0.019317626953125,
              0.047943115234375,
              -0.19970703125
            ],
            [
              0.00630950927734375,
              0.875,
              -0.48388671875,
              0.1904296875
            ],
            [
              -0.051300048828125,
              0.483642578125,
              0.8740234375,
              0.463134765625
            ]
          ]
        ]
      },
      {
        "psnr": 24.956300735473633,
        "distortion": 0.02445659600198269,
        "rotation_rmse": 0.012636197730898857,
        "translation_rmse_100": 0.011574401520192623,
        "t_final": [
          [
            [
              0.99853515625,
              0.019683837890625,
              0.04803466796875,
              -0.1990966796875
            ],
            [
              0.00600433349609375,
              0.87548828125,
              -0.483642578125,
              0.1904296875
            ],
            [
              -0.05157470703125,
              0.483154296875,
              0.8740234375,
              0.462890625
            ]
          ]
        ]
      },
      {
        "psnr": 11.955156326293945,
        "distortion": 0.04450086131691933,
        "rotation_rmse": 19.621023178100586,
        "translation_rmse_100": 19.618377685546875,
        "t_final": [
          [
            [
              0.85986328125,
              -0.40087890625,
              0.31640625,
              -0.26318359375
            ],
            [
              0.4423828125,
              0.89404296875,
              -0.06878662109375,
              -0.1297607421875
            ],
            [
              -0.25537109375,
              0.1990966796875,
              0.9462890625,
              0.369140625
            ]
          ]
        ]
      },
      {
        "psnr": 28.586929321289062,
        "distortion": 0.007960853166878223,
        "rotation_rmse": 0.004743892699480057,
        "translation_rmse_100": 0.015021446160972118,
        "t_final": [
          [
            [
              0.99853515625,
              0.020111083984375,
              0.04779052734375,
              -0.1990966796875
            ],
            [
              0.005527496337890625,
              0.875,
              -0.483642578125,
              0.1904296875
            ],
            [
              -0.05157470703125,
              0.4833984375,
              0.8740234375,
              0.463134765625
            ]
          ]
        ]
      },
      {
        "psnr": 11.801225662231445,
        "distortion": 0.13862481713294983,
        "rotation_rmse": 23.46378517150879,
        "translation_rmse_100": 41.30491256713867,
        "t_final": [
          [
            [
              0.767578125,
              -0.51708984375,
              0.378662109375,
              0.1705322265625
            ],
            [
              0.58544921875,
              0.80615234375,
              -0.08642578125,
              -0.40966796875
            ],
            [
              -0.260498046875,
              0.287841796875,
              0.92138671875,
              0.341064453125
            ]
          ]
        ]
      },
      {
        "psnr": 12.16163444519043,
        "distortion": 0.1439211219549179,
        "rotation_rmse": 11.173218727111816,
        "translation_rmse_100": 35.28644943237305,
        "t_final": [
          [
            [
              0.9970703125,
              -0.051513671875,
              0.055206298828125,
              0.2939453125
            ],
            [
              0.060150146484375,
              0.98388671875,
              -0.1680908203125,
              0.2100830078125
            ],
            [
              -0.045684814453125,
              0.1708984375,
              0.984375,
              0.1025390625
            ]
          ]
        ]
      },
      {
        "psnr": 25.68048667907715,
        "distortion": 0.025137117132544518,
        "rotation_rmse": 0.011377713643014431,
        "translation_rmse_100": 0.011374660767614841,
        "t_final": [
          [
            [
              0.99853515625,
              0.0198974609375,
              0.048126220703125,
              -0.1993408203125
            ],
            [
              0.005878448486328125,
              0.87548828125,
              -0.483642578125,
              0.1905517578125
            ],
            [
              -0.0517578125,
              0.483154296875,
              0.8740234375,
              0.463134765625
            ]
          ]
        ]
      },
      {
        "psnr": 26.943941116333008,
        "distortion": 0.010902530513703823,
        "rotation_rmse": 0.01598970778286457,
        "translation_rmse_100": 0.015511545352637768,
        "t_final": [
          [
            [
              0.99853515625,
              0.02032470703125,
              0.047515869140625,
              -0.199462890625
            ],
            [
              0.005214691162109375,
              0.875,
              -0.48388671875,
              0.1905517578125
            ],
            [
              -0.051422119140625,
              0.4833984375,
              0.8740234375,
              0.463134765625
            ]
          ]
        ]
      },
      {
        "psnr": 26.82628631591797,
        "distortion": 0.020968563854694366,
        "rotation_rmse": 0.040165193378925323,
        "translation_rmse_100": 0.03824909031391144,
        "t_final": [
          [
            [
              0.99853515625,
              0.019561767578125,
              0.046783447265625,
              -0.1998291015625
            ],
            [
              0.005489349365234375,
              0.87548828125,
              -0.4833984375,
              0.190673828125
            ],
            [
              -0.0504150390625,
              0.48291015625,
              0.8740234375,
              0.462646484375
            ]
          ]
        ]
      },
      {
        "psnr": 28.27462387084961,
        "distortion": 0.012959364801645279,
        "rotation_rmse": 0.03483843803405762,
        "translation_rmse_100": 0.02425193414092064,
        "t_final": [
          [
            [
              0.99853515625,
              0.02001953125,
              0.04681396484375,
              -0.19921875
            ],
            [
              0.005126953125,
              0.87548828125,
              -0.483642578125,
              0.1907958984375
            ],
            [
              -0.0506591796875,
              0.483154296875,
              0.8740234375,
              0.462646484375
            ]
          ]
        ]
      }
    ]
  }
}