{
  "room_30_70_even_odd": {
    "best": {
      "psnr": 28.911792755126953,
      "distortion": 0.007793066091835499,
      "rotation_rmse": 0.02778824232518673,
      "translation_rmse_100": 0.012250342406332493,
      "t_final": [
        [
          [
            0.99853515625,
            0.0206756591796875,
            0.047576904296875,
            -0.1993408203125
          ],
          [
            0.00494384765625,
            0.875,
            -0.484130859375,
            0.1904296875
          ],
          [
            -0.0516357421875,
            0.483642578125,
            0.87353515625,
            0.463134765625
          ]
        ]
      ]
    },
    "stats_list": [
      {
        "psnr": 11.98861312866211,
        "distortion": 0.14997407793998718,
        "rotation_rmse": 22.562101364135742,
        "translation_rmse_100": 51.59099197387695,
        "t_final": [
          [
            [
              0.78564453125,
              -0.564453125,
              0.25390625,
              0.380615234375
            ],
            [
              0.60400390625,
              0.6103515625,
              -0.5126953125,
              -0.37890625
            ],
            [
              0.1341552734375,
              0.55615234375,
              0.8203125,
              0.09149169921875
            ]
          ]
        ]
      },
      {
        "psnr": 11.962095260620117,
        "distortion": 0.1409740149974823,
        "rotation_rmse": 21.441125869750977,
        "translation_rmse_100": 30.979150772094727,
        "t_final": [
          [
            [
              0.7978515625,
              -0.53076171875,
              0.285888671875,
              0.30615234375
            ],
            [
              0.6015625,
              0.66943359375,
              -0.436279296875,
              0.037506103515625
            ],
            [
              0.0404052734375,
              0.52001953125,
              0.853515625,
              0.55810546875
            ]
          ]
        ]
      },
      {
        "psnr": 25.528390884399414,
        "distortion": 0.01782977022230625,
        "rotation_rmse": 0.017333433032035828,
        "translation_rmse_100": 0.01442345418035984,
        "t_final": [
          [
            [
              0.99853515625,
              0.020355224609375,
              0.047698974609375,
              -0.1993408203125
            ],
            [
              0.00525665283203125,
              0.87548828125,
              -0.4833984375,
              0.190673828125
            ],
            [
              -0.051605224609375,
              0.483154296875,
              0.8740234375,
              0.463134765625
            ]
          ]
        ]
      },
      {
        "psnr": 26.616607666015625,
        "distortion": 0.006855834275484085,
        "rotation_rmse": 0.02287602797150612,
        "translation_rmse_100": 0.026733597740530968,
        "t_final": [
          [
            [
              0.99853515625,
              0.0202484130859375,
              0.0484619140625,
              -0.1990966796875
            ],
            [
              0.005756378173828125,
              0.875,
              -0.48388671875,
              0.1904296875
            ],
            [
              -0.052215576171875,
              0.4833984375,
              0.8740234375,
              0.46337890625
            ]
          ]
        ]
      },
      {
        "psnr": 12.116374969482422,
        "distortion": 0.0873466208577156,
        "rotation_rmse": 21.06954574584961,
        "translation_rmse_100": 35.85127258300781,
        "t_final": [
          [
            [
              0.810546875,
              -0.372314453125,
              0.45263671875,
              -0.0220184326171875
            ],
            [
              0.453857421875,
              0.88720703125,
              -0.082763671875,
              -0.392578125
            ],
            [
              -0.37060546875,
              0.2724609375,
              0.8876953125,
              0.58203125
            ]
          ]
        ]
      },
      {
        "psnr": 12.168135643005371,
        "distortion": 0.07951100170612335,
        "rotation_rmse": 12.119421005249023,
        "translation_rmse_100": 24.447195053100586,
        "t_final": [
          [
            [
              0.986328125,
              -0.0161285400390625,
              0.1632080078125,
              0.1976318359375
            ],
            [
              0.040924072265625,
              0.98779296875,
              -0.149658203125,
              0.1588134765625
            ],
            [
              -0.1588134765625,
              0.154296875,
              0.97509765625,
              0.31884765625
            ]
          ]
        ]
      },
      {
        "psnr": 12.767049789428711,
        "distortion": 0.1297011822462082,
        "rotation_rmse": 26.172649383544922,
        "translation_rmse_100": 36.2985725402832,
        "t_final": [
          [
            [
              0.755859375,
              -0.53271484375,
              0.381103515625,
              0.16357421875
            ],
            [
              0.53466796875,
              0.837890625,
              0.11077880859375,
              -0.322509765625
            ],
            [
              -0.378173828125,
              0.1201171875,
              0.91796875,
              0.483642578125
            ]
          ]
        ]
      },
      {
        "psnr": 25.129241943359375,
        "distortion": 0.01775522716343403,
        "rotation_rmse": 0.01300276629626751,
        "translation_rmse_100": 0.024328816682100296,
        "t_final": [
          [
            [
              0.99853515625,
              0.019775390625,
              0.04815673828125,
              -0.1995849609375
            ],
            [
              0.005992889404296875,
              0.875,
              -0.48388671875,
              0.1903076171875
            ],
            [
              -0.05169677734375,
              0.4833984375,
              0.8740234375,
              0.463134765625
            ]
          ]
        ]
      },
      {
        "psnr": 27.403987884521484,
        "distortion": 0.016473310068249702,
        "rotation_rmse": 0.02061447687447071,
        "translation_rmse_100": 0.010786980390548706,
        "t_final": [
          [
            [
              0.99853515625,
              0.020355224609375,
              0.04736328125,
              -0.1993408203125
            ],
            [
              0.005092620849609375,
              0.875,
              -0.48388671875,
              0.190673828125
            ],
            [
              -0.051300048828125,
              0.4833984375,
              0.8740234375,
              0.462890625
            ]
          ]
        ]
      },
      {
        "psnr": 28.911792755126953,
        "distortion": 0.007793066091835499,
        "rotation_rmse": 0.02778824232518673,
        "translation_rmse_100": 0.012250342406332493,
        "t_final": [
          [
            [
              0.99853515625,
              0.0206756591796875,
              0.047576904296875,
              -0.1993408203125
            ],
            [
              0.00494384765625,
              0.875,
              -0.484130859375,
              0.1904296875
            ],
            [
              -0.0516357421875,
              0.483642578125,
              0.87353515625,
              0.463134765625
            ]
          ]
        ]
      }
    ]
  }
}