{
  "room_50_50": {
    "best": {
      "psnr": 31.39741325378418,
      "distortion": 0.005372249521315098,
      "rotation_rmse": 0.016373401507735252,
      "translation_rmse_100": 0.027505384758114815,
      "t_final": [
        [
          [
            0.99853515625,
            0.020416259765625,
            0.047821044921875,
            -0.1988525390625
          ],
          [
            0.005275726318359375,
            0.875,
            -0.48388671875,
            0.190673828125
          ],
          [
            -0.051727294921875,
            0.483642578125,
            0.8740234375,
            0.463134765625
          ]
        ]
      ]
    },
    "stats_list": [
      {
        "psnr": 29.97463607788086,
        "distortion": 0.00548966322094202,
        "rotation_rmse": 0.012744338251650333,
        "translation_rmse_100": 0.01949833706021309,
        "t_final": [
          [
            [
              0.99853515625,
              0.01983642578125,
              0.0474853515625,
              -0.1995849609375
            ],
            [
              0.005619049072265625,
              0.875,
              -0.483642578125,
              0.1904296875
            ],
            [
              -0.0511474609375,
              0.4833984375,
              0.8740234375,
              0.462890625
            ]
          ]
        ]
      },
      {
        "psnr": 12.379474639892578,
        "distortion": 0.14093540608882904,
        "rotation_rmse": 10.114230155944824,
        "translation_rmse_100": 27.565340042114258,
        "t_final": [
          [
            [
              0.95556640625,
              -0.2763671875,
              0.1026611328125,
              0.269775390625
            ],
            [
              0.2919921875,
              0.83740234375,
              -0.4619140625,
              0.12237548828125
            ],
            [
              0.041717529296875,
              0.47119140625,
              0.880859375,
              0.5205078125
            ]
          ]
        ]
      },
      {
        "psnr": 12.057819366455078,
        "distortion": 0.020278876647353172,
        "rotation_rmse": 12.9945707321167,
        "translation_rmse_100": 12.877840995788574,
        "t_final": [
          [
            [
              0.98779296875,
              -0.0153045654296875,
              0.1546630859375,
              -0.2484130859375
            ],
            [
              0.0343017578125,
              0.9921875,
              -0.1209716796875,
              0.328125
            ],
            [
              -0.151611328125,
              0.12481689453125,
              0.98046875,
              0.29443359375
            ]
          ]
        ]
      },
      {
        "psnr": 12.472953796386719,
        "distortion": 0.12278851866722107,
        "rotation_rmse": 13.466584205627441,
        "translation_rmse_100": 17.426950454711914,
        "t_final": [
          [
            [
              0.9638671875,
              -0.261474609375,
              -0.0526123046875,
              0.0880126953125
            ],
            [
              0.2421875,
              0.9404296875,
              -0.2386474609375,
              0.26904296875
            ],
            [
              0.11187744140625,
              0.21728515625,
              0.9697265625,
              0.413818359375
            ]
          ]
        ]
      },
      {
        "psnr": 11.564595222473145,
        "distortion": 0.046175435185432434,
        "rotation_rmse": 14.211373329162598,
        "translation_rmse_100": 38.84119415283203,
        "t_final": [
          [
            [
              0.93408203125,
              -0.255615234375,
              0.24853515625,
              -0.44091796875
            ],
            [
              0.301513671875,
              0.9384765625,
              -0.168212890625,
              -0.420166015625
            ],
            [
              -0.1903076171875,
              0.2320556640625,
              0.9541015625,
              0.317138671875
            ]
          ]
        ]
      },
      {
        "psnr": 12.390140533447266,
        "distortion": 0.06502724438905716,
        "rotation_rmse": 5.317264556884766,
        "translation_rmse_100": 31.11862564086914,
        "t_final": [
          [
            [
              0.99072265625,
              0.1226806640625,
              -0.057373046875,
              -0.2305908203125
            ],
            [
              -0.1353759765625,
              0.89306640625,
              -0.42919921875,
              0.495361328125
            ],
            [
              -0.0014162063598632812,
              0.432861328125,
              0.9013671875,
              0.019561767578125
            ]
          ]
        ]
      },
      {
        "psnr": 24.570568084716797,
        "distortion": 0.009917088784277439,
        "rotation_rmse": 0.007406890392303467,
        "translation_rmse_100": 0.016069095581769943,
        "t_final": [
          [
            [
              0.99853515625,
              0.0200653076171875,
              0.04766845703125,
              -0.19921875
            ],
            [
              0.005523681640625,
              0.875,
              -0.48388671875,
              0.1903076171875
            ],
            [
              -0.051422119140625,
              0.4833984375,
              0.8740234375,
              0.463134765625
            ]
          ]
        ]
      },
      {
        "psnr": 29.564260482788086,
        "distortion": 0.00558660039678216,
        "rotation_rmse": 0.011578415520489216,
        "translation_rmse_100": 0.015021446160972118,
        "t_final": [
          [
            [
              0.99853515625,
              0.019989013671875,
              0.048187255859375,
              -0.1990966796875
            ],
            [
              0.00582122802734375,
              0.875,
              -0.483642578125,
              0.1904296875
            ],
            [
              -0.051849365234375,
              0.4833984375,
              0.8740234375,
              0.463134765625
            ]
          ]
        ]
      },
      {
        "psnr": 27.197172164916992,
        "distortion": 0.008398235775530338,
        "rotation_rmse": 0.014255193993449211,
        "translation_rmse_100": 0.017156722024083138,
        "t_final": [
          [
            [
              0.99853515625,
              0.0201568603515625,
              0.047515869140625,
              -0.1993408203125
            ],
            [
              0.005340576171875,
              0.87548828125,
              -0.483642578125,
              0.1907958984375
            ],
            [
              -0.05133056640625,
              0.483154296875,
              0.8740234375,
              0.462890625
            ]
          ]
        ]
      },
      {
        "psnr": 31.39741325378418,
        "distortion": 0.005372249521315098,
        "rotation_rmse": 0.016373401507735252,
        "translation_rmse_100": 0.027505384758114815,
        "t_final": [
          [
            [
              0.99853515625,
              0.020416259765625,
              0.047821044921875,
              -0.1988525390625
            ],
            [
              0.005275726318359375,
              0.875,
              -0.48388671875,
              0.190673828125
            ],
            [
              -0.051727294921875,
              0.483642578125,
              0.8740234375,
              0.463134765625
            ]
          ]
        ]
      }
    ]
  }
}