{
  "horns_0_100_even_odd": {
    "best": {
      "psnr": 31.213481903076172,
      "distortion": 0.012370754964649677,
      "rotation_rmse": 0.011065231636166573,
      "translation_rmse_100": 0.012056211940944195,
      "t_final": [
        [
          [
            0.85595703125,
            0.1358642578125,
            0.498779296875,
            -0.0440673828125
          ],
          [
            0.03448486328125,
            0.94775390625,
            -0.3173828125,
            0.12890625
          ],
          [
            -0.51611328125,
            0.288818359375,
            0.806640625,
            -0.237548828125
          ]
        ]
      ]
    },
    "stats_list": [
      {
        "psnr": 11.751983642578125,
        "distortion": 0.10615961253643036,
        "rotation_rmse": 29.27809715270996,
        "translation_rmse_100": 14.685134887695312,
        "t_final": [
          [
            [
              0.6728515625,
              0.22314453125,
              0.70556640625,
              0.004718780517578125
            ],
            [
              0.3984375,
              0.6943359375,
              -0.599609375,
              -0.05267333984375
            ],
            [
              -0.62353515625,
              0.68408203125,
              0.378173828125,
              -0.408935546875
            ]
          ]
        ]
      },
      {
        "psnr": 31.213481903076172,
        "distortion": 0.012370754964649677,
        "rotation_rmse": 0.011065231636166573,
        "translation_rmse_100": 0.012056211940944195,
        "t_final": [
          [
            [
              0.85595703125,
              0.1358642578125,
              0.498779296875,
              -0.0440673828125
            ],
            [
              0.03448486328125,
              0.94775390625,
              -0.3173828125,
              0.12890625
            ],
            [
              -0.51611328125,
              0.288818359375,
              0.806640625,
              -0.237548828125
            ]
          ]
        ]
      },
      {
        "psnr": 12.585837364196777,
        "distortion": 0.06944897770881653,
        "rotation_rmse": 31.210268020629883,
        "translation_rmse_100": 19.04657745361328,
        "t_final": [
          [
            [
              0.76318359375,
              -0.57470703125,
              0.295166015625,
              -0.165771484375
            ],
            [
              0.6396484375,
              0.60791015625,
              -0.470458984375,
              -0.1776123046875
            ],
            [
              0.0908203125,
              0.5478515625,
              0.83154296875,
              -0.230712890625
            ]
          ]
        ]
      },
      {
        "psnr": 11.560662269592285,
        "distortion": 0.11747948080301285,
        "rotation_rmse": 37.92876052856445,
        "translation_rmse_100": 21.04607582092285,
        "t_final": [
          [
            [
              0.78857421875,
              -0.50439453125,
              0.351806640625,
              0.2120361328125
            ],
            [
              0.56396484375,
              0.365478515625,
              -0.740234375,
              0.1942138671875
            ],
            [
              0.2447509765625,
              0.7822265625,
              0.57275390625,
              -0.48876953125
            ]
          ]
        ]
      },
      {
        "psnr": 27.045316696166992,
        "distortion": 0.01940453052520752,
        "rotation_rmse": 0.01722513698041439,
        "translation_rmse_100": 0.015104271471500397,
        "t_final": [
          [
            [
              0.85595703125,
              0.1357421875,
              0.49853515625,
              -0.043609619140625
            ],
            [
              0.034271240234375,
              0.94775390625,
              -0.31689453125,
              0.12890625
            ],
            [
              -0.515625,
              0.288330078125,
              0.806640625,
              -0.237548828125
            ]
          ]
        ]
      },
      {
        "psnr": 11.148609161376953,
        "distortion": 0.21538662910461426,
        "rotation_rmse": 7.939231872558594,
        "translation_rmse_100": 73.63124084472656,
        "t_final": [
          [
            [
              0.890625,
              0.3212890625,
              0.3212890625,
              0.93798828125
            ],
            [
              -0.152099609375,
              0.87744140625,
              -0.455322265625,
              0.60595703125
            ],
            [
              -0.42822265625,
              0.356689453125,
              0.830078125,
              0.421875
            ]
          ]
        ]
      },
      {
        "psnr": 29.42119789123535,
        "distortion": 0.011463770642876625,
        "rotation_rmse": 0.013992230407893658,
        "translation_rmse_100": 0.010269313119351864,
        "t_final": [
          [
            [
              0.85595703125,
              0.1357421875,
              0.49853515625,
              -0.04400634765625
            ],
            [
              0.034454345703125,
              0.94775390625,
              -0.317138671875,
              0.12890625
            ],
            [
              -0.515625,
              0.28857421875,
              0.806640625,
              -0.2374267578125
            ]
          ]
        ]
      },
      {
        "psnr": 11.938459396362305,
        "distortion": 0.2396801859140396,
        "rotation_rmse": 21.042808532714844,
        "translation_rmse_100": 119.21074676513672,
        "t_final": [
          [
            [
              0.97119140625,
              -0.2310791015625,
              0.055511474609375,
              1.3623046875
            ],
            [
              0.231689453125,
              0.8681640625,
              -0.43896484375,
              1.35546875
            ],
            [
              0.053253173828125,
              0.439208984375,
              0.89697265625,
              0.646484375
            ]
          ]
        ]
      },
      {
        "psnr": 11.106014251708984,
        "distortion": 0.03636587783694267,
        "rotation_rmse": 24.818233489990234,
        "translation_rmse_100": 11.360162734985352,
        "t_final": [
          [
            [
              0.95166015625,
              -0.3017578125,
              0.0550537109375,
              0.12493896484375
            ],
            [
              0.2802734375,
              0.7822265625,
              -0.556640625,
              0.096923828125
            ],
            [
              0.12493896484375,
              0.54541015625,
              0.82861328125,
              -0.1416015625
            ]
          ]
        ]
      },
      {
        "psnr": 11.88716983795166,
        "distortion": 0.015128561295568943,
        "rotation_rmse": 5.756318092346191,
        "translation_rmse_100": 25.04034996032715,
        "t_final": [
          [
            [
              0.85888671875,
              0.09912109375,
              0.501953125,
              -0.46484375
            ],
            [
              -0.00792694091796875,
              0.9833984375,
              -0.1805419921875,
              0.2264404296875
            ],
            [
              -0.51171875,
              0.151123046875,
              0.845703125,
              -0.2744140625
            ]
          ]
        ]
      }
    ]
  }
}