{
  "trex_30_70_even_odd": {
    "best": {
      "psnr": 28.679594039916992,
      "distortion": 0.011390716768801212,
      "rotation_rmse": 0.006442713085561991,
      "translation_rmse_100": 0.009500430896878242,
      "t_final": [
        [
          [
            0.79052734375,
            -0.0791015625,
            0.60693359375,
            -0.2476806640625
          ],
          [
            0.356689453125,
            0.86572265625,
            -0.351806640625,
            -0.0684814453125
          ],
          [
            -0.49755859375,
            0.494873046875,
            0.71240234375,
            -0.1973876953125
          ]
        ]
      ]
    },
    "stats_list": [
      {
        "psnr": 11.460601806640625,
        "distortion": 0.10643185675144196,
        "rotation_rmse": 79.393798828125,
        "translation_rmse_100": 40.80179214477539,
        "t_final": [
          [
            [
              -0.279541015625,
              0.95849609375,
              -0.053802490234375,
              -0.8133101463317871
            ],
            [
              -0.96044921875,
              -0.279296875,
              0.011749267578125,
              -0.21114328503608704
            ],
            [
              -0.0037384033203125,
              0.054931640625,
              0.99853515625,
              0.20142945647239685
            ]
          ]
        ],
        "t0_rotation_rmse": 80.26315307617188,
        "t0_translation_rmse_100": 41.7746467590332
      },
      {
        "psnr": 26.71102523803711,
        "distortion": 0.01971137709915638,
        "rotation_rmse": 0.02662648633122444,
        "translation_rmse_100": 0.01699182391166687,
        "t_final": [
          [
            [
              0.791015625,
              -0.0791015625,
              0.60693359375,
              -0.2474365234375
            ],
            [
              0.3564453125,
              0.86572265625,
              -0.351806640625,
              -0.0684814453125
            ],
            [
              -0.497314453125,
              0.494384765625,
              0.712890625,
              -0.197509765625
            ]
          ]
        ]
      },
      {
        "psnr": 12.055387496948242,
        "distortion": 0.17975682020187378,
        "rotation_rmse": 11.7160005569458,
        "translation_rmse_100": 81.85440063476562,
        "t_final": [
          [
            [
              0.9033203125,
              0.1337890625,
              0.407470703125,
              0.94482421875
            ],
            [
              0.2080078125,
              0.6943359375,
              -0.68896484375,
              -0.306640625
            ],
            [
              -0.375,
              0.70703125,
              0.599609375,
              -0.92626953125
            ]
          ]
        ]
      },
      {
        "psnr": 28.679594039916992,
        "distortion": 0.011390716768801212,
        "rotation_rmse": 0.006442713085561991,
        "translation_rmse_100": 0.009500430896878242,
        "t_final": [
          [
            [
              0.79052734375,
              -0.0791015625,
              0.60693359375,
              -0.2476806640625
            ],
            [
              0.356689453125,
              0.86572265625,
              -0.351806640625,
              -0.0684814453125
            ],
            [
              -0.49755859375,
              0.494873046875,
              0.71240234375,
              -0.1973876953125
            ]
          ]
        ]
      },
      {
        "psnr": 11.4107084274292,
        "distortion": 0.17505906522274017,
        "rotation_rmse": 14.571866989135742,
        "translation_rmse_100": 81.25162506103516,
        "t_final": [
          [
            [
              0.7255859375,
              -0.1458740234375,
              0.67236328125,
              0.7431640625
            ],
            [
              0.2236328125,
              0.97412109375,
              -0.029937744140625,
              -0.01322174072265625
            ],
            [
              -0.65087890625,
              0.172119140625,
              0.73974609375,
              -1.1953125
            ]
          ]
        ]
      },
      {
        "psnr": 10.990987777709961,
        "distortion": 0.21384647488594055,
        "rotation_rmse": 15.259428024291992,
        "translation_rmse_100": 102.73065185546875,
        "t_final": [
          [
            [
              0.9287109375,
              0.08636474609375,
              0.360595703125,
              1.416015625
            ],
            [
              0.048126220703125,
              0.93603515625,
              -0.348388671875,
              -0.25
            ],
            [
              -0.36767578125,
              0.341064453125,
              0.865234375,
              -0.8017578125
            ]
          ]
        ]
      },
      {
        "psnr": 10.987506866455078,
        "distortion": 0.015379917807877064,
        "rotation_rmse": 7.27517032623291,
        "translation_rmse_100": 5.4959611892700195,
        "t_final": [
          [
            [
              0.8193359375,
              -0.285888671875,
              0.496826171875,
              -0.157470703125
            ],
            [
              0.45263671875,
              0.8544921875,
              -0.2548828125,
              -0.08953857421875
            ],
            [
              -0.3515625,
              0.43359375,
              0.82958984375,
              -0.1756591796875
            ]
          ]
        ]
      },
      {
        "psnr": 11.968496322631836,
        "distortion": 0.023126542568206787,
        "rotation_rmse": 11.77686882019043,
        "translation_rmse_100": 3.125009775161743,
        "t_final": [
          [
            [
              0.86474609375,
              -0.18798828125,
              0.466064453125,
              -0.2054443359375
            ],
            [
              0.281494140625,
              0.94921875,
              -0.1396484375,
              -0.039886474609375
            ],
            [
              -0.416015625,
              0.251953125,
              0.87353515625,
              -0.1790771484375
            ]
          ]
        ]
      },
      {
        "psnr": 10.124614715576172,
        "distortion": 0.09306471794843674,
        "rotation_rmse": 42.56723403930664,
        "translation_rmse_100": 46.99814224243164,
        "t_final": [
          [
            [
              0.395751953125,
              -0.84765625,
              0.35302734375,
              -0.427978515625
            ],
            [
              0.7333984375,
              0.06036376953125,
              -0.67724609375,
              0.0933837890625
            ],
            [
              0.552734375,
              0.52734375,
              0.6455078125,
              -0.974609375
            ]
          ]
        ]
      },
      {
        "psnr": 28.481443405151367,
        "distortion": 0.013762976974248886,
        "rotation_rmse": 0.01104007288813591,
        "translation_rmse_100": 0.004354989621788263,
        "t_final": [
          [
            [
              0.79052734375,
              -0.07855224609375,
              0.60693359375,
              -0.2476806640625
            ],
            [
              0.3564453125,
              0.86572265625,
              -0.35205078125,
              -0.068359375
            ],
            [
              -0.497802734375,
              0.494873046875,
              0.71240234375,
              -0.197509765625
            ]
          ]
        ]
      }
    ]
  }
}