{
  "trex_0_100_even_odd": {
    "best": {
      "psnr": 29.969585418701172,
      "distortion": 0.015631690621376038,
      "rotation_rmse": 0.012220497243106365,
      "translation_rmse": 7.251962961163372e-05,
      "t_final": [
        [
          [
            0.79052734375,
            -0.07891845703125,
            0.607421875,
            -0.24773377180099487
          ],
          [
            0.356689453125,
            0.865234375,
            -0.35205078125,
            -0.06839004158973694
          ],
          [
            -0.49755859375,
            0.4951171875,
            0.71240234375,
            -0.1973499059677124
          ]
        ]
      ]
    },
    "stats_list": [
      {
        "psnr": 11.39844036102295,
        "distortion": 0.04775940254330635,
        "rotation_rmse": 12.618823051452637,
        "translation_rmse": 0.21683646738529205,
        "t_final": [
          [
            [
              0.71630859375,
              -0.403076171875,
              0.56982421875,
              0.10693742334842682
            ],
            [
              0.63623046875,
              0.712890625,
              -0.295166015625,
              -0.19202247262001038
            ],
            [
              -0.287109375,
              0.57421875,
              0.76708984375,
              -0.1988091617822647
            ]
          ]
        ]
      },
      {
        "psnr": 10.171499252319336,
        "distortion": 0.042003244161605835,
        "rotation_rmse": 18.580921173095703,
        "translation_rmse": 0.167605921626091,
        "t_final": [
          [
            [
              0.84619140625,
              0.393798828125,
              0.359130859375,
              -0.38571611046791077
            ],
            [
              -0.11614990234375,
              0.7939453125,
              -0.59716796875,
              0.09336666762828827
            ],
            [
              -0.52001953125,
              0.46337890625,
              0.71728515625,
              0.00023417267948389053
            ]
          ]
        ]
      },
      {
        "psnr": 11.19587516784668,
        "distortion": 0.19590768218040466,
        "rotation_rmse": 10.999961853027344,
        "translation_rmse": 0.6149823069572449,
        "t_final": [
          [
            [
              0.8935546875,
              -0.1619873046875,
              0.418212890625,
              0.7767369747161865
            ],
            [
              0.274169921875,
              0.935546875,
              -0.2235107421875,
              0.01425149105489254
            ],
            [
              -0.35498046875,
              0.314453125,
              0.88037109375,
              -0.47738173604011536
            ]
          ]
        ]
      },
      {
        "psnr": 11.165948867797852,
        "distortion": 0.030031869187951088,
        "rotation_rmse": 16.8670597076416,
        "translation_rmse": 0.1396956890821457,
        "t_final": [
          [
            [
              0.689453125,
              -0.48291015625,
              0.5400390625,
              -0.12750694155693054
            ],
            [
              0.70263671875,
              0.626953125,
              -0.33642578125,
              -0.25267744064331055
            ],
            [
              -0.1759033203125,
              0.611328125,
              0.771484375,
              -0.2980322539806366
            ]
          ]
        ]
      },
      {
        "psnr": 29.969585418701172,
        "distortion": 0.015631690621376038,
        "rotation_rmse": 0.012220497243106365,
        "translation_rmse": 7.251962961163372e-05,
        "t_final": [
          [
            [
              0.79052734375,
              -0.07891845703125,
              0.607421875,
              -0.24773377180099487
            ],
            [
              0.356689453125,
              0.865234375,
              -0.35205078125,
              -0.06839004158973694
            ],
            [
              -0.49755859375,
              0.4951171875,
              0.71240234375,
              -0.1973499059677124
            ]
          ]
        ]
      },
      {
        "psnr": 10.796894073486328,
        "distortion": 0.05649524927139282,
        "rotation_rmse": 17.7091007232666,
        "translation_rmse": 0.21738304197788239,
        "t_final": [
          [
            [
              0.97900390625,
              -0.1522216796875,
              0.13720703125,
              0.10544012486934662
            ],
            [
              0.1976318359375,
              0.87841796875,
              -0.435546875,
              -0.01623501256108284
            ],
            [
              -0.05413818359375,
              0.453369140625,
              0.8896484375,
              -0.3172787129878998
            ]
          ]
        ]
      },
      {
        "psnr": 25.505395889282227,
        "distortion": 0.013896063901484013,
        "rotation_rmse": 0.01104007288813591,
        "translation_rmse": 0.00017248146468773484,
        "t_final": [
          [
            [
              0.79052734375,
              -0.07855224609375,
              0.60693359375,
              -0.2474052608013153
            ],
            [
              0.3564453125,
              0.86572265625,
              -0.35205078125,
              -0.06830750405788422
            ],
            [
              -0.497802734375,
              0.494873046875,
              0.71240234375,
              -0.197319895029068
            ]
          ]
        ]
      },
      {
        "psnr": 11.102229118347168,
        "distortion": 0.022144731134176254,
        "rotation_rmse": 9.340277671813965,
        "translation_rmse": 0.1103215366601944,
        "t_final": [
          [
            [
              0.91357421875,
              0.022674560546875,
              0.40576171875,
              -0.4326350688934326
            ],
            [
              0.2421875,
              0.771484375,
              -0.58837890625,
              -0.07436180114746094
            ],
            [
              -0.326416015625,
              0.63623046875,
              0.69921875,
              -0.24505189061164856
            ]
          ]
        ]
      },
      {
        "psnr": 11.776968002319336,
        "distortion": 0.029474839568138123,
        "rotation_rmse": 13.282194137573242,
        "translation_rmse": 0.06497631967067719,
        "t_final": [
          [
            [
              0.568359375,
              -0.397705078125,
              0.720703125,
              -0.34281015396118164
            ],
            [
              0.49072265625,
              0.86669921875,
              0.09149169921875,
              -0.0878954827785492
            ],
            [
              -0.66064453125,
              0.301513671875,
              0.6875,
              -0.25429749488830566
            ]
          ]
        ]
      },
      {
        "psnr": 12.066244125366211,
        "distortion": 0.04392943158745766,
        "rotation_rmse": 17.03680992126465,
        "translation_rmse": 0.20682908594608307,
        "t_final": [
          [
            [
              0.62109375,
              -0.6142578125,
              0.48681640625,
              0.10627720504999161
            ],
            [
              0.71044921875,
              0.70361328125,
              -0.017578125,
              -0.08796487003564835
            ],
            [
              -0.331787109375,
              0.356689453125,
              0.87353515625,
              -0.1458146572113037
            ]
          ]
        ]
      }
    ]
  }
}