{
  "fern_0_100_even_odd": {
    "best": {
      "psnr": 24.016437530517578,
      "distortion": 0.019787168130278587,
      "rotation_rmse": 0.08385834097862244,
      "translation_rmse_100": 0.07215157151222229,
      "t_final": [
        [
          [
            0.91357421875,
            0.1820068359375,
            0.363525390625,
            -0.35400390625
          ],
          [
            0.1048583984375,
            0.75830078125,
            -0.64306640625,
            0.331787109375
          ],
          [
            -0.392822265625,
            0.6259765625,
            0.673828125,
            0.07391357421875
          ]
        ]
      ]
    },
    "stats_list": [
      {
        "psnr": 22.399477005004883,
        "distortion": 0.018108045682311058,
        "rotation_rmse": 0.01329224742949009,
        "translation_rmse_100": 0.04377187043428421,
        "t_final": [
          [
            [
              0.91357421875,
              0.180419921875,
              0.36474609375,
              -0.353759765625
            ],
            [
              0.10699462890625,
              0.75830078125,
              -0.64306640625,
              0.330810546875
            ],
            [
              -0.392578125,
              0.62646484375,
              0.67333984375,
              0.07379150390625
            ]
          ]
        ]
      },
      {
        "psnr": 23.004196166992188,
        "distortion": 0.01884940080344677,
        "rotation_rmse": 0.026591481640934944,
        "translation_rmse_100": 0.044225532561540604,
        "t_final": [
          [
            [
              0.91357421875,
              0.1805419921875,
              0.364501953125,
              -0.3544921875
            ],
            [
              0.1065673828125,
              0.75830078125,
              -0.64306640625,
              0.3310546875
            ],
            [
              -0.392333984375,
              0.62646484375,
              0.673828125,
              0.07379150390625
            ]
          ]
        ]
      },
      {
        "psnr": 10.715804100036621,
        "distortion": 0.17813123762607574,
        "rotation_rmse": 26.654613494873047,
        "translation_rmse_100": 29.914819717407227,
        "t_final": [
          [
            [
              0.6796875,
              -0.5302734375,
              0.5068359375,
              0.0545654296875
            ],
            [
              0.51708984375,
              0.83642578125,
              0.1817626953125,
              0.06549072265625
            ],
            [
              -0.5205078125,
              0.138427734375,
              0.8427734375,
              -0.10186767578125
            ]
          ]
        ]
      },
      {
        "psnr": 22.348173141479492,
        "distortion": 0.0192466638982296,
        "rotation_rmse": 0.08163493871688843,
        "translation_rmse_100": 0.09874270856380463,
        "t_final": [
          [
            [
              0.9140625,
              0.1812744140625,
              0.36279296875,
              -0.35302734375
            ],
            [
              0.105224609375,
              0.7578125,
              -0.64404296875,
              0.331787109375
            ],
            [
              -0.3916015625,
              0.626953125,
              0.67333984375,
              0.07391357421875
            ]
          ]
        ]
      },
      {
        "psnr": 10.84792423248291,
        "distortion": 0.084775909781456,
        "rotation_rmse": 30.19239616394043,
        "translation_rmse_100": 52.55088806152344,
        "t_final": [
          [
            [
              0.87646484375,
              -0.197509765625,
              0.43896484375,
              -0.1378173828125
            ],
            [
              0.1107177734375,
              0.97021484375,
              0.215576171875,
              -0.2509765625
            ],
            [
              -0.468505859375,
              -0.1402587890625,
              0.8720703125,
              0.740234375
            ]
          ]
        ]
      },
      {
        "psnr": 9.602745056152344,
        "distortion": 0.1558237373828888,
        "rotation_rmse": 23.475675582885742,
        "translation_rmse_100": 49.816314697265625,
        "t_final": [
          [
            [
              0.79150390625,
              -0.361572265625,
              0.4931640625,
              0.2451171875
            ],
            [
              0.611328125,
              0.455810546875,
              -0.64697265625,
              -0.00843048095703125
            ],
            [
              0.0090484619140625,
              0.8134765625,
              0.58154296875,
              -0.445556640625
            ]
          ]
        ]
      },
      {
        "psnr": 12.572187423706055,
        "distortion": 0.036721207201480865,
        "rotation_rmse": 15.666800498962402,
        "translation_rmse_100": 9.040128707885742,
        "t_final": [
          [
            [
              0.73486328125,
              -0.009063720703125,
              0.67822265625,
              -0.408447265625
            ],
            [
              0.45654296875,
              0.74658203125,
              -0.484375,
              0.20654296875
            ],
            [
              -0.501953125,
              0.66552734375,
              0.55224609375,
              0.1529541015625
            ]
          ]
        ]
      },
      {
        "psnr": 10.950699806213379,
        "distortion": 0.04250675439834595,
        "rotation_rmse": 12.018136978149414,
        "translation_rmse_100": 48.90669250488281,
        "t_final": [
          [
            [
              0.82861328125,
              -0.1048583984375,
              0.5498046875,
              0.07080078125
            ],
            [
              0.311279296875,
              0.90283203125,
              -0.297119140625,
              -0.40087890625
            ],
            [
              -0.465087890625,
              0.41748046875,
              0.78076171875,
              0.032012939453125
            ]
          ]
        ]
      },
      {
        "psnr": 24.016437530517578,
        "distortion": 0.019787168130278587,
        "rotation_rmse": 0.08385834097862244,
        "translation_rmse_100": 0.07215157151222229,
        "t_final": [
          [
            [
              0.91357421875,
              0.1820068359375,
              0.363525390625,
              -0.35400390625
            ],
            [
              0.1048583984375,
              0.75830078125,
              -0.64306640625,
              0.331787109375
            ],
            [
              -0.392822265625,
              0.6259765625,
              0.673828125,
              0.07391357421875
            ]
          ]
        ]
      },
      {
        "psnr": 12.682395935058594,
        "distortion": 0.037601206451654434,
        "rotation_rmse": 22.298370361328125,
        "translation_rmse_100": 32.756893157958984,
        "t_final": [
          [
            [
              0.60205078125,
              -0.31201171875,
              0.73486328125,
              -0.5615234375
            ],
            [
              0.54443359375,
              0.83349609375,
              -0.09210205078125,
              -0.1971435546875
            ],
            [
              -0.583984375,
              0.455810546875,
              0.671875,
              0.093505859375
            ]
          ]
        ]
      }
    ]
  }
}