{
  "fern_0_100_even_odd": {
    "best": {
      "psnr": 23.273401260375977,
      "distortion": 0.01930793933570385,
      "rotation_rmse": 0.04304336756467819,
      "translation_rmse": 0.000371379719581455,
      "t_final": [
        [
          [
            0.91357421875,
            0.1807861328125,
            0.36474609375,
            -0.35423263907432556
          ],
          [
            0.10638427734375,
            0.7587890625,
            -0.642578125,
            0.33103856444358826
          ],
          [
            -0.39306640625,
            0.62548828125,
            0.673828125,
            0.07386728376150131
          ]
        ]
      ]
    },
    "stats_list": [
      {
        "psnr": 15.846305847167969,
        "distortion": 0.02009766362607479,
        "rotation_rmse": 3.029921770095825,
        "translation_rmse": 0.0297857578843832,
        "t_final": [
          [
            [
              0.92138671875,
              0.08447265625,
              0.3798828125,
              -0.38396382331848145
            ],
            [
              0.176025390625,
              0.7802734375,
              -0.60009765625,
              0.29838797450065613
            ],
            [
              -0.34716796875,
              0.61962890625,
              0.7041015625,
              0.04724698141217232
            ]
          ]
        ]
      },
      {
        "psnr": 21.782236099243164,
        "distortion": 0.01999499648809433,
        "rotation_rmse": 0.03293606638908386,
        "translation_rmse": 0.0005009900778532028,
        "t_final": [
          [
            [
              0.91357421875,
              0.1806640625,
              0.36474609375,
              -0.35410091280937195
            ],
            [
              0.1065673828125,
              0.7587890625,
              -0.642578125,
              0.3310389518737793
            ],
            [
              -0.392822265625,
              0.6259765625,
              0.673828125,
              0.07361086457967758
            ]
          ]
        ]
      },
      {
        "psnr": 9.133415222167969,
        "distortion": 0.19987806677818298,
        "rotation_rmse": 23.314748764038086,
        "translation_rmse": 0.4242956042289734,
        "t_final": [
          [
            [
              0.79541015625,
              -0.51806640625,
              0.31396484375,
              0.12584225833415985
            ],
            [
              0.587890625,
              0.7861328125,
              -0.191650390625,
              0.012381777167320251
            ],
            [
              -0.1474609375,
              0.3369140625,
              0.93017578125,
              -0.3820614814758301
            ]
          ]
        ]
      },
      {
        "psnr": 11.95203685760498,
        "distortion": 0.02607460878789425,
        "rotation_rmse": 27.678531646728516,
        "translation_rmse": 0.28304579854011536,
        "t_final": [
          [
            [
              0.875,
              -0.394287109375,
              0.280517578125,
              -0.5939114093780518
            ],
            [
              0.364013671875,
              0.91845703125,
              0.15576171875,
              0.09989478439092636
            ],
            [
              -0.319091796875,
              -0.034210205078125,
              0.947265625,
              -0.28568530082702637
            ]
          ]
        ]
      },
      {
        "psnr": 11.022109031677246,
        "distortion": 0.13007158041000366,
        "rotation_rmse": 23.35956382751465,
        "translation_rmse": 0.20657293498516083,
        "t_final": [
          [
            [
              0.8076171875,
              -0.287841796875,
              0.5146484375,
              -0.09191163629293442
            ],
            [
              0.286865234375,
              0.9541015625,
              0.08319091796875,
              0.1862899214029312
            ],
            [
              -0.51513671875,
              0.08056640625,
              0.853515625,
              -0.12152308225631714
            ]
          ]
        ]
      },
      {
        "psnr": 13.122715950012207,
        "distortion": 0.031630739569664,
        "rotation_rmse": 19.593387603759766,
        "translation_rmse": 0.1529378890991211,
        "t_final": [
          [
            [
              0.66015625,
              -0.1934814453125,
              0.72607421875,
              -0.4582173526287079
            ],
            [
              0.54833984375,
              0.78466796875,
              -0.2890625,
              0.09004643559455872
            ],
            [
              -0.513671875,
              0.5888671875,
              0.6240234375,
              0.11265740543603897
            ]
          ]
        ]
      },
      {
        "psnr": 16.740219116210938,
        "distortion": 0.01810949668288231,
        "rotation_rmse": 3.568132162094116,
        "translation_rmse": 0.047551073133945465,
        "t_final": [
          [
            [
              0.916015625,
              0.06878662109375,
              0.394775390625,
              -0.4187726676464081
            ],
            [
              0.1922607421875,
              0.78955078125,
              -0.5830078125,
              0.29444876313209534
            ],
            [
              -0.351806640625,
              0.6103515625,
              0.7099609375,
              0.03824736922979355
            ]
          ]
        ]
      },
      {
        "psnr": 23.273401260375977,
        "distortion": 0.01930793933570385,
        "rotation_rmse": 0.04304336756467819,
        "translation_rmse": 0.000371379719581455,
        "t_final": [
          [
            [
              0.91357421875,
              0.1807861328125,
              0.36474609375,
              -0.35423263907432556
            ],
            [
              0.10638427734375,
              0.7587890625,
              -0.642578125,
              0.33103856444358826
            ],
            [
              -0.39306640625,
              0.62548828125,
              0.673828125,
              0.07386728376150131
            ]
          ]
        ]
      },
      {
        "psnr": 10.632025718688965,
        "distortion": 0.19253213703632355,
        "rotation_rmse": 30.479415893554688,
        "translation_rmse": 0.3303997218608856,
        "t_final": [
          [
            [
              0.787109375,
              -0.4404296875,
              0.431884765625,
              0.04304094240069389
            ],
            [
              0.33056640625,
              0.892578125,
              0.307373046875,
              0.01737368106842041
            ],
            [
              -0.52099609375,
              -0.0989990234375,
              0.84765625,
              -0.1930970400571823
            ]
          ]
        ]
      },
      {
        "psnr": 13.169317245483398,
        "distortion": 0.03170290216803551,
        "rotation_rmse": 21.199373245239258,
        "translation_rmse": 0.2265106737613678,
        "t_final": [
          [
            [
              0.63671875,
              -0.224365234375,
              0.73779296875,
              -0.5613939166069031
            ],
            [
              0.587890625,
              0.76025390625,
              -0.276123046875,
              -0.0005132835358381271
            ],
            [
              -0.4990234375,
              0.60986328125,
              0.61572265625,
              0.11086781322956085
            ]
          ]
        ]
      }
    ]
  }
}