{
  "horns_50_50": {
    "best": {
      "psnr": 22.793743133544922,
      "distortion": 0.01589270867407322,
      "rotation_rmse": 0.01833951845765114,
      "translation_rmse": 0.00032486082636751235,
      "t_final": [
        [
          [
            0.85595703125,
            0.135498046875,
            0.499267578125,
            -0.04441621154546738
          ],
          [
            0.034576416015625,
            0.94775390625,
            -0.316650390625,
            0.12879301607608795
          ],
          [
            -0.51611328125,
            0.2880859375,
            0.806640625,
            -0.2374284416437149
          ]
        ]
      ]
    },
    "stats_list": [
      {
        "psnr": 11.995600700378418,
        "distortion": 0.21976310014724731,
        "rotation_rmse": 15.858729362487793,
        "translation_rmse": 1.0709037780761719,
        "t_final": [
          [
            [
              0.97607421875,
              0.1429443359375,
              0.1646728515625,
              1.571874976158142
            ],
            [
              -0.004009246826171875,
              0.76708984375,
              -0.6416015625,
              -0.2356232851743698
            ],
            [
              -0.218017578125,
              0.62548828125,
              0.7490234375,
              0.5973649024963379
            ]
          ]
        ]
      },
      {
        "psnr": 10.992230415344238,
        "distortion": 0.19522275030612946,
        "rotation_rmse": 12.057703018188477,
        "translation_rmse": 0.9368723630905151,
        "t_final": [
          [
            [
              0.91455078125,
              0.279541015625,
              0.291748046875,
              0.7610982060432434
            ],
            [
              -0.032318115234375,
              0.7705078125,
              -0.63671875,
              -1.1310250759124756
            ],
            [
              -0.402587890625,
              0.5732421875,
              0.7138671875,
              0.39328229427337646
            ]
          ]
        ]
      },
      {
        "psnr": 11.098335266113281,
        "distortion": 0.05218168720602989,
        "rotation_rmse": 21.479103088378906,
        "translation_rmse": 0.18018049001693726,
        "t_final": [
          [
            [
              0.91259765625,
              -0.357666015625,
              0.198486328125,
              0.02334468811750412
            ],
            [
              0.408203125,
              0.82763671875,
              -0.385498046875,
              -0.14312134683132172
            ],
            [
              -0.026336669921875,
              0.432861328125,
              0.9013671875,
              -0.3750194311141968
            ]
          ]
        ]
      },
      {
        "psnr": 9.494579315185547,
        "distortion": 0.08783543854951859,
        "rotation_rmse": 26.117443084716797,
        "translation_rmse": 0.15524563193321228,
        "t_final": [
          [
            [
              0.8388671875,
              -0.348876953125,
              0.418212890625,
              0.09415079653263092
            ],
            [
              0.5361328125,
              0.6650390625,
              -0.52001953125,
              -0.00016623223200440407
            ],
            [
              -0.0965576171875,
              0.66015625,
              0.74462890625,
              -0.4288559556007385
            ]
          ]
        ]
      },
      {
        "psnr": 22.793743133544922,
        "distortion": 0.01589270867407322,
        "rotation_rmse": 0.01833951845765114,
        "translation_rmse": 0.00032486082636751235,
        "t_final": [
          [
            [
              0.85595703125,
              0.135498046875,
              0.499267578125,
              -0.04441621154546738
            ],
            [
              0.034576416015625,
              0.94775390625,
              -0.316650390625,
              0.12879301607608795
            ],
            [
              -0.51611328125,
              0.2880859375,
              0.806640625,
              -0.2374284416437149
            ]
          ]
        ]
      },
      {
        "psnr": 22.21652603149414,
        "distortion": 0.015408821403980255,
        "rotation_rmse": 0.01370900496840477,
        "translation_rmse": 0.00013839297753293067,
        "t_final": [
          [
            [
              0.85595703125,
              0.1361083984375,
              0.4990234375,
              -0.04377293586730957
            ],
            [
              0.034088134765625,
              0.94775390625,
              -0.317138671875,
              0.12864157557487488
            ],
            [
              -0.51611328125,
              0.288330078125,
              0.806640625,
              -0.23756816983222961
            ]
          ]
        ]
      },
      {
        "psnr": 10.922456741333008,
        "distortion": 0.09614115208387375,
        "rotation_rmse": 25.5428466796875,
        "translation_rmse": 0.2840306758880615,
        "t_final": [
          [
            [
              0.97705078125,
              -0.145751953125,
              0.1558837890625,
              0.31380710005760193
            ],
            [
              0.2132568359375,
              0.638671875,
              -0.7392578125,
              -0.026924867182970047
            ],
            [
              0.0081024169921875,
              0.75537109375,
              0.6552734375,
              0.06217903271317482
            ]
          ]
        ]
      },
      {
        "psnr": 21.181657791137695,
        "distortion": 0.019624078646302223,
        "rotation_rmse": 0.03564473241567612,
        "translation_rmse": 0.00028816433041356504,
        "t_final": [
          [
            [
              0.85546875,
              0.1361083984375,
              0.49951171875,
              -0.044343963265419006
            ],
            [
              0.0347900390625,
              0.94775390625,
              -0.317626953125,
              0.12899838387966156
            ],
            [
              -0.5166015625,
              0.2890625,
              0.80615234375,
              -0.23749840259552002
            ]
          ]
        ]
      },
      {
        "psnr": 11.122804641723633,
        "distortion": 0.10659220069646835,
        "rotation_rmse": 13.866305351257324,
        "translation_rmse": 0.22828340530395508,
        "t_final": [
          [
            [
              0.880859375,
              -0.051025390625,
              0.47119140625,
              0.11439147591590881
            ],
            [
              0.29052734375,
              0.84375,
              -0.451416015625,
              -0.11046592891216278
            ],
            [
              -0.37451171875,
              0.5341796875,
              0.7578125,
              -0.5095879435539246
            ]
          ]
        ]
      },
      {
        "psnr": 9.295796394348145,
        "distortion": 0.03635463863611221,
        "rotation_rmse": 30.299072265625,
        "translation_rmse": 0.3315466046333313,
        "t_final": [
          [
            [
              0.6865234375,
              -0.403076171875,
              0.60498046875,
              -0.23263120651245117
            ],
            [
              0.69189453125,
              0.6181640625,
              -0.37353515625,
              -0.34062036871910095
            ],
            [
              -0.223388671875,
              0.6748046875,
              0.703125,
              -0.5090512633323669
            ]
          ]
        ]
      }
    ]
  }
}