{
  "fern_30_70_even_odd": {
    "best": {
      "psnr": 23.460662841796875,
      "distortion": 0.02030719444155693,
      "rotation_rmse": 0.06882870197296143,
      "translation_rmse_100": 0.07087504118680954,
      "t_final": [
        [
          [
            0.91357421875,
            0.181396484375,
            0.363525390625,
            -0.353515625
          ],
          [
            0.10528564453125,
            0.75830078125,
            -0.64306640625,
            0.33154296875
          ],
          [
            -0.392578125,
            0.6259765625,
            0.673828125,
            0.07391357421875
          ]
        ]
      ]
    },
    "stats_list": [
      {
        "psnr": 22.657560348510742,
        "distortion": 0.018467474728822708,
        "rotation_rmse": 0.04722084477543831,
        "translation_rmse_100": 0.04065962880849838,
        "t_final": [
          [
            [
              0.91357421875,
              0.18115234375,
              0.36376953125,
              -0.35400390625
            ],
            [
              0.1058349609375,
              0.7578125,
              -0.6435546875,
              0.331298828125
            ],
            [
              -0.392333984375,
              0.62646484375,
              0.67333984375,
              0.07421875
            ]
          ]
        ]
      },
      {
        "psnr": 23.243410110473633,
        "distortion": 0.018477212637662888,
        "rotation_rmse": 0.04411083459854126,
        "translation_rmse_100": 0.041245490312576294,
        "t_final": [
          [
            [
              0.91357421875,
              0.1806640625,
              0.364013671875,
              -0.354248046875
            ],
            [
              0.1060791015625,
              0.75830078125,
              -0.64306640625,
              0.3310546875
            ],
            [
              -0.392333984375,
              0.6259765625,
              0.673828125,
              0.07379150390625
            ]
          ]
        ]
      },
      {
        "psnr": 22.697751998901367,
        "distortion": 0.019176997244358063,
        "rotation_rmse": 0.07666787505149841,
        "translation_rmse_100": 0.07234308123588562,
        "t_final": [
          [
            [
              0.9140625,
              0.18115234375,
              0.363525390625,
              -0.3544921875
            ],
            [
              0.10552978515625,
              0.7587890625,
              -0.64306640625,
              0.33154296875
            ],
            [
              -0.39208984375,
              0.6259765625,
              0.67431640625,
              0.07354736328125
            ]
          ]
        ]
      },
      {
        "psnr": 22.484357833862305,
        "distortion": 0.02028927579522133,
        "rotation_rmse": 0.03822588548064232,
        "translation_rmse_100": 0.024254819378256798,
        "t_final": [
          [
            [
              0.91357421875,
              0.1810302734375,
              0.364013671875,
              -0.354248046875
            ],
            [
              0.10614013671875,
              0.75830078125,
              -0.64306640625,
              0.3310546875
            ],
            [
              -0.392578125,
              0.62646484375,
              0.67333984375,
              0.074462890625
            ]
          ]
        ]
      },
      {
        "psnr": 23.460662841796875,
        "distortion": 0.02030719444155693,
        "rotation_rmse": 0.06882870197296143,
        "translation_rmse_100": 0.07087504118680954,
        "t_final": [
          [
            [
              0.91357421875,
              0.181396484375,
              0.363525390625,
              -0.353515625
            ],
            [
              0.10528564453125,
              0.75830078125,
              -0.64306640625,
              0.33154296875
            ],
            [
              -0.392578125,
              0.6259765625,
              0.673828125,
              0.07391357421875
            ]
          ]
        ]
      },
      {
        "psnr": 10.042547225952148,
        "distortion": 0.11277619749307632,
        "rotation_rmse": 16.360536575317383,
        "translation_rmse_100": 46.69057083129883,
        "t_final": [
          [
            [
              0.818359375,
              -0.087646484375,
              0.568359375,
              0.14404296875
            ],
            [
              0.495849609375,
              0.60693359375,
              -0.62109375,
              -0.22119140625
            ],
            [
              -0.29052734375,
              0.7900390625,
              0.5400390625,
              -0.2437744140625
            ]
          ]
        ]
      },
      {
        "psnr": 22.678314208984375,
        "distortion": 0.019635705277323723,
        "rotation_rmse": 0.0897286981344223,
        "translation_rmse_100": 0.08386934548616409,
        "t_final": [
          [
            [
              0.9140625,
              0.1815185546875,
              0.363037109375,
              -0.353271484375
            ],
            [
              0.10498046875,
              0.75830078125,
              -0.64306640625,
              0.33154296875
            ],
            [
              -0.39208984375,
              0.6259765625,
              0.673828125,
              0.07373046875
            ]
          ]
        ]
      },
      {
        "psnr": 23.079195022583008,
        "distortion": 0.01962827891111374,
        "rotation_rmse": 0.0735105499625206,
        "translation_rmse_100": 0.06392093747854233,
        "t_final": [
          [
            [
              0.91357421875,
              0.181396484375,
              0.363525390625,
              -0.353759765625
            ],
            [
              0.10516357421875,
              0.75830078125,
              -0.64306640625,
              0.33154296875
            ],
            [
              -0.392333984375,
              0.6259765625,
              0.673828125,
              0.07391357421875
            ]
          ]
        ]
      },
      {
        "psnr": 13.195046424865723,
        "distortion": 0.027141718193888664,
        "rotation_rmse": 16.38985824584961,
        "translation_rmse_100": 7.947011947631836,
        "t_final": [
          [
            [
              0.6875,
              0.4990234375,
              0.52734375,
              -0.404052734375
            ],
            [
              -0.0855712890625,
              0.77734375,
              -0.62353515625,
              0.395751953125
            ],
            [
              -0.72119140625,
              0.383544921875,
              0.5771484375,
              0.1849365234375
            ]
          ]
        ]
      },
      {
        "psnr": 23.204513549804688,
        "distortion": 0.02043866366147995,
        "rotation_rmse": 0.06022286415100098,
        "translation_rmse_100": 0.04626646265387535,
        "t_final": [
          [
            [
              0.91357421875,
              0.1810302734375,
              0.364013671875,
              -0.354248046875
            ],
            [
              0.10565185546875,
              0.7587890625,
              -0.642578125,
              0.331298828125
            ],
            [
              -0.392578125,
              0.6259765625,
              0.673828125,
              0.07391357421875
            ]
          ]
        ]
      }
    ]
  }
}