{
  "trex_50_50": {
    "best": {
      "psnr": 27.70990562438965,
      "distortion": 0.012547401711344719,
      "rotation_rmse": 0.005612034350633621,
      "translation_rmse_100": 0.0036853391211479902,
      "t_final": [
        [
          [
            0.79052734375,
            -0.07891845703125,
            0.607421875,
            -0.2476806640625
          ],
          [
            0.356689453125,
            0.86572265625,
            -0.351806640625,
            -0.068359375
          ],
          [
            -0.49755859375,
            0.494873046875,
            0.71240234375,
            -0.1973876953125
          ]
        ]
      ]
    },
    "stats_list": [
      {
        "psnr": 26.01242446899414,
        "distortion": 0.012923523783683777,
        "rotation_rmse": 0.006425890605896711,
        "translation_rmse_100": 0.023690441623330116,
        "t_final": [
          [
            [
              0.79052734375,
              -0.07916259765625,
              0.60693359375,
              -0.247314453125
            ],
            [
              0.3564453125,
              0.865234375,
              -0.351806640625,
              -0.06829833984375
            ],
            [
              -0.49755859375,
              0.49462890625,
              0.71240234375,
              -0.1976318359375
            ]
          ]
        ]
      },
      {
        "psnr": 10.345911026000977,
        "distortion": 0.02574843540787697,
        "rotation_rmse": 5.423349380493164,
        "translation_rmse_100": 34.522804260253906,
        "t_final": [
          [
            [
              0.75634765625,
              -0.197998046875,
              0.62353515625,
              -0.646484375
            ],
            [
              0.382568359375,
              0.90673828125,
              -0.1761474609375,
              -0.484619140625
            ],
            [
              -0.53076171875,
              0.371826171875,
              0.76171875,
              -0.0386962890625
            ]
          ]
        ]
      },
      {
        "psnr": 10.890170097351074,
        "distortion": 0.12068230658769608,
        "rotation_rmse": 28.220064163208008,
        "translation_rmse_100": 47.23121643066406,
        "t_final": [
          [
            [
              0.73388671875,
              -0.62060546875,
              0.2763671875,
              0.5078125
            ],
            [
              0.6220703125,
              0.451171875,
              -0.6396484375,
              0.2044677734375
            ],
            [
              0.2724609375,
              0.6416015625,
              0.71728515625,
              -0.3525390625
            ]
          ]
        ]
      },
      {
        "psnr": 11.317211151123047,
        "distortion": 0.06380708515644073,
        "rotation_rmse": 26.29384994506836,
        "translation_rmse_100": 28.398836135864258,
        "t_final": [
          [
            [
              0.7763671875,
              -0.5791015625,
              0.2493896484375,
              0.1329345703125
            ],
            [
              0.58544921875,
              0.515625,
              -0.62548828125,
              0.12237548828125
            ],
            [
              0.2337646484375,
              0.63134765625,
              0.73974609375,
              -0.44384765625
            ]
          ]
        ]
      },
      {
        "psnr": 27.341293334960938,
        "distortion": 0.013494020327925682,
        "rotation_rmse": 0.01324292179197073,
        "translation_rmse_100": 0.012170216999948025,
        "t_final": [
          [
            [
              0.791015625,
              -0.0787353515625,
              0.60693359375,
              -0.247802734375
            ],
            [
              0.3564453125,
              0.86572265625,
              -0.35205078125,
              -0.0684814453125
            ],
            [
              -0.49755859375,
              0.494873046875,
              0.71240234375,
              -0.197509765625
            ]
          ]
        ]
      },
      {
        "psnr": 27.34624481201172,
        "distortion": 0.012147917412221432,
        "rotation_rmse": 0.014189650304615498,
        "translation_rmse_100": 0.008452082984149456,
        "t_final": [
          [
            [
              0.791015625,
              -0.07855224609375,
              0.60693359375,
              -0.247802734375
            ],
            [
              0.3564453125,
              0.86572265625,
              -0.35205078125,
              -0.068359375
            ],
            [
              -0.497802734375,
              0.494873046875,
              0.71240234375,
              -0.197509765625
            ]
          ]
        ]
      },
      {
        "psnr": 12.141608238220215,
        "distortion": 0.03405909240245819,
        "rotation_rmse": 9.1245698928833,
        "translation_rmse_100": 3.6745409965515137,
        "t_final": [
          [
            [
              0.84814453125,
              -0.292724609375,
              0.441650390625,
              -0.19580078125
            ],
            [
              0.423583984375,
              0.87548828125,
              -0.23291015625,
              -0.08038330078125
            ],
            [
              -0.318603515625,
              0.384521484375,
              0.8662109375,
              -0.16259765625
            ]
          ]
        ]
      },
      {
        "psnr": 11.701194763183594,
        "distortion": 0.014764807187020779,
        "rotation_rmse": 9.981146812438965,
        "translation_rmse_100": 12.513652801513672,
        "t_final": [
          [
            [
              0.78173828125,
              -0.1307373046875,
              0.609375,
              -0.07086181640625
            ],
            [
              0.26611328125,
              0.9541015625,
              -0.1365966796875,
              0.045257568359375
            ],
            [
              -0.56396484375,
              0.26904296875,
              0.78076171875,
              -0.1444091796875
            ]
          ]
        ]
      },
      {
        "psnr": 11.07567310333252,
        "distortion": 0.18216657638549805,
        "rotation_rmse": 19.043251037597656,
        "translation_rmse_100": 48.332855224609375,
        "t_final": [
          [
            [
              0.91796875,
              -0.36376953125,
              0.157958984375,
              0.44189453125
            ],
            [
              0.390869140625,
              0.8974609375,
              -0.2052001953125,
              0.3056640625
            ],
            [
              -0.067138671875,
              0.25,
              0.9658203125,
              -0.48974609375
            ]
          ]
        ]
      },
      {
        "psnr": 27.70990562438965,
        "distortion": 0.012547401711344719,
        "rotation_rmse": 0.005612034350633621,
        "translation_rmse_100": 0.0036853391211479902,
        "t_final": [
          [
            [
              0.79052734375,
              -0.07891845703125,
              0.607421875,
              -0.2476806640625
            ],
            [
              0.356689453125,
              0.86572265625,
              -0.351806640625,
              -0.068359375
            ],
            [
              -0.49755859375,
              0.494873046875,
              0.71240234375,
              -0.1973876953125
            ]
          ]
        ]
      }
    ]
  }
}