{
  "trex_0_100_even_odd": {
    "best": {
      "psnr": 29.517852783203125,
      "distortion": 0.016608817502856255,
      "rotation_rmse": 0.008831209503114223,
      "translation_rmse_100": 0.008127330802381039,
      "t_final": [
        [
          [
            0.79052734375,
            -0.07928466796875,
            0.60693359375,
            -0.247802734375
          ],
          [
            0.356689453125,
            0.865234375,
            -0.351806640625,
            -0.068359375
          ],
          [
            -0.49755859375,
            0.49462890625,
            0.71240234375,
            -0.1973876953125
          ]
        ]
      ]
    },
    "stats_list": [
      {
        "psnr": 28.094932556152344,
        "distortion": 0.015361464582383633,
        "rotation_rmse": 0.014675233513116837,
        "translation_rmse_100": 0.006285087205469608,
        "t_final": [
          [
            [
              0.791015625,
              -0.07891845703125,
              0.60693359375,
              -0.2476806640625
            ],
            [
              0.356689453125,
              0.86572265625,
              -0.351806640625,
              -0.06842041015625
            ],
            [
              -0.49755859375,
              0.49462890625,
              0.71240234375,
              -0.1973876953125
            ]
          ]
        ]
      },
      {
        "psnr": 11.223959922790527,
        "distortion": 0.029027704149484634,
        "rotation_rmse": 13.298378944396973,
        "translation_rmse_100": 24.500017166137695,
        "t_final": [
          [
            [
              0.7900390625,
              -0.382080078125,
              0.479248046875,
              -0.341064453125
            ],
            [
              0.42822265625,
              0.9033203125,
              0.01444244384765625,
              -0.4765625
            ],
            [
              -0.438720703125,
              0.19384765625,
              0.87744140625,
              -0.12890625
            ]
          ]
        ]
      },
      {
        "psnr": 10.731270790100098,
        "distortion": 0.036642756313085556,
        "rotation_rmse": 19.026744842529297,
        "translation_rmse_100": 18.168354034423828,
        "t_final": [
          [
            [
              0.99072265625,
              -0.06024169921875,
              0.12042236328125,
              -0.06964111328125
            ],
            [
              0.125732421875,
              0.73388671875,
              -0.66796875,
              0.1279296875
            ],
            [
              -0.048126220703125,
              0.6767578125,
              0.734375,
              -0.3671875
            ]
          ]
        ]
      },
      {
        "psnr": 10.87247371673584,
        "distortion": 0.048202838748693466,
        "rotation_rmse": 18.782865524291992,
        "translation_rmse_100": 25.251331329345703,
        "t_final": [
          [
            [
              0.69287109375,
              -0.55810546875,
              0.456787109375,
              0.1522216796875
            ],
            [
              0.71484375,
              0.6162109375,
              -0.3310546875,
              -0.231689453125
            ],
            [
              -0.09649658203125,
              0.5556640625,
              0.82568359375,
              -0.265869140625
            ]
          ]
        ]
      },
      {
        "psnr": 11.642022132873535,
        "distortion": 0.22759559750556946,
        "rotation_rmse": 27.651756286621094,
        "translation_rmse_100": 90.38351440429688,
        "t_final": [
          [
            [
              0.65283203125,
              -0.63916015625,
              0.40625,
              1.3017578125
            ],
            [
              0.425537109375,
              0.75341796875,
              0.50146484375,
              -0.2320556640625
            ],
            [
              -0.626953125,
              -0.1544189453125,
              0.76416015625,
              -0.045135498046875
            ]
          ]
        ]
      },
      {
        "psnr": 10.501415252685547,
        "distortion": 0.05534786731004715,
        "rotation_rmse": 24.095020294189453,
        "translation_rmse_100": 16.31305694580078,
        "t_final": [
          [
            [
              0.99365234375,
              0.03045654296875,
              0.1085205078125,
              -0.020538330078125
            ],
            [
              -0.0096282958984375,
              0.982421875,
              -0.1875,
              -0.0091552734375
            ],
            [
              -0.1123046875,
              0.185302734375,
              0.97607421875,
              -0.354736328125
            ]
          ]
        ]
      },
      {
        "psnr": 29.517852783203125,
        "distortion": 0.016608817502856255,
        "rotation_rmse": 0.008831209503114223,
        "translation_rmse_100": 0.008127330802381039,
        "t_final": [
          [
            [
              0.79052734375,
              -0.07928466796875,
              0.60693359375,
              -0.247802734375
            ],
            [
              0.356689453125,
              0.865234375,
              -0.351806640625,
              -0.068359375
            ],
            [
              -0.49755859375,
              0.49462890625,
              0.71240234375,
              -0.1973876953125
            ]
          ]
        ]
      },
      {
        "psnr": 11.745124816894531,
        "distortion": 0.022333109751343727,
        "rotation_rmse": 10.82333755493164,
        "translation_rmse_100": 8.08059310913086,
        "t_final": [
          [
            [
              0.85205078125,
              -0.15087890625,
              0.5009765625,
              -0.284912109375
            ],
            [
              0.263916015625,
              0.95068359375,
              -0.1627197265625,
              0.06390380859375
            ],
            [
              -0.45166015625,
              0.27099609375,
              0.85009765625,
              -0.170654296875
            ]
          ]
        ]
      },
      {
        "psnr": 10.858238220214844,
        "distortion": 0.1881415694952011,
        "rotation_rmse": 23.83404541015625,
        "translation_rmse_100": 49.77018356323242,
        "t_final": [
          [
            [
              0.84521484375,
              -0.453125,
              0.283203125,
              0.43505859375
            ],
            [
              0.395263671875,
              0.88671875,
              0.2391357421875,
              -0.194091796875
            ],
            [
              -0.359619140625,
              -0.09027099609375,
              0.9287109375,
              -0.70849609375
            ]
          ]
        ]
      },
      {
        "psnr": 29.276622772216797,
        "distortion": 0.013327104970812798,
        "rotation_rmse": 0.014029361307621002,
        "translation_rmse_100": 0.03562795743346214,
        "t_final": [
          [
            [
              0.79052734375,
              -0.07904052734375,
              0.607421875,
              -0.248291015625
            ],
            [
              0.35693359375,
              0.865234375,
              -0.35205078125,
              -0.068359375
            ],
            [
              -0.49755859375,
              0.494873046875,
              0.71240234375,
              -0.1973876953125
            ]
          ]
        ]
      }
    ]
  }
}