{
  "room_30_70_even_odd": {
    "best": {
      "psnr": 31.345394134521484,
      "distortion": 0.007307060528546572,
      "rotation_rmse": 0.004142992664128542,
      "translation_rmse_100": 0.01616465300321579,
      "t_final": [
        [
          [
            0.99853515625,
            0.02008056640625,
            0.04779052734375,
            -0.199462890625
          ],
          [
            0.005535125732421875,
            0.875,
            -0.483642578125,
            0.1904296875
          ],
          [
            -0.051544189453125,
            0.4833984375,
            0.8740234375,
            0.463134765625
          ]
        ]
      ]
    },
    "stats_list": [
      {
        "psnr": 12.122957229614258,
        "distortion": 0.1537606567144394,
        "rotation_rmse": 19.173675537109375,
        "translation_rmse_100": 53.08551788330078,
        "t_final": [
          [
            [
              0.8466796875,
              -0.5009765625,
              0.1787109375,
              0.51904296875
            ],
            [
              0.5322265625,
              0.794921875,
              -0.291259765625,
              -0.227294921875
            ],
            [
              0.0038547515869140625,
              0.341796875,
              0.93994140625,
              0.06939697265625
            ]
          ]
        ]
      },
      {
        "psnr": 28.998228073120117,
        "distortion": 0.007444704417139292,
        "rotation_rmse": 0.016219977289438248,
        "translation_rmse_100": 0.022365469485521317,
        "t_final": [
          [
            [
              0.99853515625,
              0.01953125,
              0.048004150390625,
              -0.1995849609375
            ],
            [
              0.0061187744140625,
              0.87548828125,
              -0.483642578125,
              0.1903076171875
            ],
            [
              -0.05145263671875,
              0.483154296875,
              0.8740234375,
              0.462890625
            ]
          ]
        ]
      },
      {
        "psnr": 12.509732246398926,
        "distortion": 0.13045863807201385,
        "rotation_rmse": 5.659814834594727,
        "translation_rmse_100": 44.507293701171875,
        "t_final": [
          [
            [
              0.984375,
              -0.1376953125,
              0.11053466796875,
              0.37158203125
            ],
            [
              0.1741943359375,
              0.8603515625,
              -0.478759765625,
              0.08929443359375
            ],
            [
              -0.0291595458984375,
              0.490478515625,
              0.87109375,
              -0.045135498046875
            ]
          ]
        ]
      },
      {
        "psnr": 29.36818504333496,
        "distortion": 0.007639346644282341,
        "rotation_rmse": 0.00887722335755825,
        "translation_rmse_100": 0.020308665931224823,
        "t_final": [
          [
            [
              0.99853515625,
              0.0202178955078125,
              0.047882080078125,
              -0.198974609375
            ],
            [
              0.005489349365234375,
              0.875,
              -0.48388671875,
              0.1904296875
            ],
            [
              -0.05169677734375,
              0.4833984375,
              0.8740234375,
              0.463134765625
            ]
          ]
        ]
      },
      {
        "psnr": 12.788578987121582,
        "distortion": 0.051126282662153244,
        "rotation_rmse": 24.251792907714844,
        "translation_rmse_100": 34.72395706176758,
        "t_final": [
          [
            [
              0.73876953125,
              -0.4453125,
              0.505859375,
              -0.1427001953125
            ],
            [
              0.560546875,
              0.82275390625,
              -0.093994140625,
              -0.39599609375
            ],
            [
              -0.37451171875,
              0.35302734375,
              0.857421875,
              0.58349609375
            ]
          ]
        ]
      },
      {
        "psnr": 28.43636703491211,
        "distortion": 0.008308693766593933,
        "rotation_rmse": 0.028214996680617332,
        "translation_rmse_100": 0.011374660767614841,
        "t_final": [
          [
            [
              0.99853515625,
              0.0207366943359375,
              0.047760009765625,
              -0.1993408203125
            ],
            [
              0.004985809326171875,
              0.875,
              -0.484130859375,
              0.1905517578125
            ],
            [
              -0.05181884765625,
              0.483642578125,
              0.87353515625,
              0.463134765625
            ]
          ]
        ]
      },
      {
        "psnr": 28.810287475585938,
        "distortion": 0.008826597593724728,
        "rotation_rmse": 0.02471778728067875,
        "translation_rmse_100": 0.01400542538613081,
        "t_final": [
          [
            [
              0.99853515625,
              0.0207061767578125,
              0.047760009765625,
              -0.19921875
            ],
            [
              0.004978179931640625,
              0.875,
              -0.48388671875,
              0.190673828125
            ],
            [
              -0.05181884765625,
              0.4833984375,
              0.8740234375,
              0.463134765625
            ]
          ]
        ]
      },
      {
        "psnr": 29.38794708251953,
        "distortion": 0.007829101756215096,
        "rotation_rmse": 0.009275292977690697,
        "translation_rmse_100": 0.012203728780150414,
        "t_final": [
          [
            [
              0.99853515625,
              0.0197601318359375,
              0.04791259765625,
              -0.199462890625
            ],
            [
              0.00588226318359375,
              0.87548828125,
              -0.483642578125,
              0.1905517578125
            ],
            [
              -0.051483154296875,
              0.483154296875,
              0.8740234375,
              0.462890625
            ]
          ]
        ]
      },
      {
        "psnr": 26.713253021240234,
        "distortion": 0.010448936372995377,
        "rotation_rmse": 0.01914188638329506,
        "translation_rmse_100": 0.011755289509892464,
        "t_final": [
          [
            [
              0.99853515625,
              0.0203094482421875,
              0.048065185546875,
              -0.19921875
            ],
            [
              0.0055084228515625,
              0.875,
              -0.484130859375,
              0.1904296875
            ],
            [
              -0.0518798828125,
              0.483642578125,
              0.87353515625,
              0.463134765625
            ]
          ]
        ]
      },
      {
        "psnr": 31.345394134521484,
        "distortion": 0.007307060528546572,
        "rotation_rmse": 0.004142992664128542,
        "translation_rmse_100": 0.01616465300321579,
        "t_final": [
          [
            [
              0.99853515625,
              0.02008056640625,
              0.04779052734375,
              -0.199462890625
            ],
            [
              0.005535125732421875,
              0.875,
              -0.483642578125,
              0.1904296875
            ],
            [
              -0.051544189453125,
              0.4833984375,
              0.8740234375,
              0.463134765625
            ]
          ]
        ]
      }
    ]
  }
}