{
  "horns_30_70_even_odd": {
    "best": {
      "psnr": 26.185287475585938,
      "distortion": 0.01084292121231556,
      "rotation_rmse": 0.0184321366250515,
      "translation_rmse_100": 0.006892773788422346,
      "t_final": [
        [
          [
            0.85595703125,
            0.135986328125,
            0.498779296875,
            -0.043914794921875
          ],
          [
            0.03411865234375,
            0.94775390625,
            -0.31689453125,
            0.12890625
          ],
          [
            -0.515625,
            0.288330078125,
            0.806640625,
            -0.2374267578125
          ]
        ]
      ]
    },
    "stats_list": [
      {
        "psnr": 10.761445999145508,
        "distortion": 0.18279173970222473,
        "rotation_rmse": 25.77678680419922,
        "translation_rmse_100": 40.093441009521484,
        "t_final": [
          [
            [
              0.94873046875,
              -0.31396484375,
              -0.04071044921875,
              0.394287109375
            ],
            [
              0.25341796875,
              0.830078125,
              -0.496826171875,
              -0.27490234375
            ],
            [
              0.189697265625,
              0.4609375,
              0.86669921875,
              -0.59423828125
            ]
          ]
        ]
      },
      {
        "psnr": 12.340946197509766,
        "distortion": 0.0684286504983902,
        "rotation_rmse": 35.675357818603516,
        "translation_rmse_100": 21.325475692749023,
        "t_final": [
          [
            [
              0.99560546875,
              -0.013031005859375,
              0.09466552734375,
              0.0231475830078125
            ],
            [
              0.09442138671875,
              0.2841796875,
              -0.9541015625,
              -0.2027587890625
            ],
            [
              -0.014404296875,
              0.95849609375,
              0.283935546875,
              -0.08929443359375
            ]
          ]
        ]
      },
      {
        "psnr": 12.393197059631348,
        "distortion": 0.034386035054922104,
        "rotation_rmse": 27.814023971557617,
        "translation_rmse_100": 17.951650619506836,
        "t_final": [
          [
            [
              0.88623046875,
              -0.41357421875,
              0.20849609375,
              -0.1492919921875
            ],
            [
              0.451416015625,
              0.6708984375,
              -0.587890625,
              -0.16357421875
            ],
            [
              0.10321044921875,
              0.615234375,
              0.78173828125,
              -0.244384765625
            ]
          ]
        ]
      },
      {
        "psnr": 11.732413291931152,
        "distortion": 0.1473197042942047,
        "rotation_rmse": 26.36370849609375,
        "translation_rmse_100": 22.786178588867188,
        "t_final": [
          [
            [
              0.87646484375,
              -0.2666015625,
              0.400634765625,
              0.27783203125
            ],
            [
              0.47265625,
              0.63330078125,
              -0.61279296875,
              0.2158203125
            ],
            [
              -0.09063720703125,
              0.7265625,
              0.68115234375,
              -0.448974609375
            ]
          ]
        ]
      },
      {
        "psnr": 23.975143432617188,
        "distortion": 0.01872875913977623,
        "rotation_rmse": 0.013638158328831196,
        "translation_rmse_100": 0.01338499877601862,
        "t_final": [
          [
            [
              0.85595703125,
              0.1356201171875,
              0.4990234375,
              -0.04364013671875
            ],
            [
              0.03460693359375,
              0.94775390625,
              -0.317138671875,
              0.12890625
            ],
            [
              -0.51611328125,
              0.288818359375,
              0.806640625,
              -0.237548828125
            ]
          ]
        ]
      },
      {
        "psnr": 10.371416091918945,
        "distortion": 0.22756491601467133,
        "rotation_rmse": 41.05454635620117,
        "translation_rmse_100": 77.46451568603516,
        "t_final": [
          [
            [
              0.494140625,
              0.5224609375,
              0.69482421875,
              1.1279296875
            ],
            [
              -0.61376953125,
              0.77587890625,
              -0.1468505859375,
              0.404541015625
            ],
            [
              -0.61572265625,
              -0.35400390625,
              0.7041015625,
              -0.830078125
            ]
          ]
        ]
      },
      {
        "psnr": 11.138691902160645,
        "distortion": 0.05350077524781227,
        "rotation_rmse": 14.512255668640137,
        "translation_rmse_100": 13.734786033630371,
        "t_final": [
          [
            [
              0.76220703125,
              0.57177734375,
              0.3037109375,
              -0.10272216796875
            ],
            [
              -0.25390625,
              0.6953125,
              -0.67236328125,
              -0.1015625
            ],
            [
              -0.595703125,
              0.435302734375,
              0.67529296875,
              -0.2315673828125
            ]
          ]
        ]
      },
      {
        "psnr": 11.393560409545898,
        "distortion": 0.037520576268434525,
        "rotation_rmse": 29.60250473022461,
        "translation_rmse_100": 14.187447547912598,
        "t_final": [
          [
            [
              0.71875,
              -0.61865234375,
              0.317138671875,
              -0.09942626953125
            ],
            [
              0.69482421875,
              0.65966796875,
              -0.28759765625,
              0.347900390625
            ],
            [
              -0.031341552734375,
              0.427001953125,
              0.90380859375,
              -0.1409912109375
            ]
          ]
        ]
      },
      {
        "psnr": 26.185287475585938,
        "distortion": 0.01084292121231556,
        "rotation_rmse": 0.0184321366250515,
        "translation_rmse_100": 0.006892773788422346,
        "t_final": [
          [
            [
              0.85595703125,
              0.135986328125,
              0.498779296875,
              -0.043914794921875
            ],
            [
              0.03411865234375,
              0.94775390625,
              -0.31689453125,
              0.12890625
            ],
            [
              -0.515625,
              0.288330078125,
              0.806640625,
              -0.2374267578125
            ]
          ]
        ]
      },
      {
        "psnr": 11.048197746276855,
        "distortion": 0.026910224929451942,
        "rotation_rmse": 5.335834980010986,
        "translation_rmse_100": 23.329378128051758,
        "t_final": [
          [
            [
              0.8017578125,
              0.033905029296875,
              0.5966796875,
              -0.430908203125
            ],
            [
              0.146728515625,
              0.95654296875,
              -0.251708984375,
              0.243408203125
            ],
            [
              -0.57958984375,
              0.289306640625,
              0.76171875,
              -0.25634765625
            ]
          ]
        ]
      }
    ]
  }
}