{
  "room_0_100_even_odd": {
    "best": {
      "psnr": 32.21159744262695,
      "distortion": 0.006134457886219025,
      "rotation_rmse": 0.009806282818317413,
      "translation_rmse_100": 0.01949833706021309,
      "t_final": [
        [
          [
            0.99853515625,
            0.0196990966796875,
            0.0477294921875,
            -0.1995849609375
          ],
          [
            0.00585174560546875,
            0.875,
            -0.483642578125,
            0.1904296875
          ],
          [
            -0.051300048828125,
            0.4833984375,
            0.8740234375,
            0.462890625
          ]
        ]
      ]
    },
    "stats_list": [
      {
        "psnr": 12.898344993591309,
        "distortion": 0.20503291487693787,
        "rotation_rmse": 35.30775833129883,
        "translation_rmse_100": 64.87428283691406,
        "t_final": [
          [
            [
              0.6044921875,
              -0.7958984375,
              -0.03314208984375,
              0.6923828125
            ],
            [
              0.79638671875,
              0.6044921875,
              0.023590087890625,
              -0.356689453125
            ],
            [
              0.0012607574462890625,
              -0.040679931640625,
              0.99951171875,
              0.05291748046875
            ]
          ]
        ]
      },
      {
        "psnr": 29.39360237121582,
        "distortion": 0.00889505073428154,
        "rotation_rmse": 0.015173976309597492,
        "translation_rmse_100": 0.01701904833316803,
        "t_final": [
          [
            [
              0.99853515625,
              0.019561767578125,
              0.047637939453125,
              -0.199462890625
            ],
            [
              0.00592041015625,
              0.875,
              -0.483642578125,
              0.1903076171875
            ],
            [
              -0.0511474609375,
              0.4833984375,
              0.8740234375,
              0.462890625
            ]
          ]
        ]
      },
      {
        "psnr": 30.952159881591797,
        "distortion": 0.007751222234219313,
        "rotation_rmse": 0.010169655084609985,
        "translation_rmse_100": 0.015511545352637768,
        "t_final": [
          [
            [
              0.99853515625,
              0.0201416015625,
              0.0477294921875,
              -0.199462890625
            ],
            [
              0.005481719970703125,
              0.875,
              -0.48388671875,
              0.1905517578125
            ],
            [
              -0.051513671875,
              0.483642578125,
              0.8740234375,
              0.463134765625
            ]
          ]
        ]
      },
      {
        "psnr": 30.799713134765625,
        "distortion": 0.00701518077403307,
        "rotation_rmse": 0.011519738472998142,
        "translation_rmse_100": 0.010221295990049839,
        "t_final": [
          [
            [
              0.99853515625,
              0.019866943359375,
              0.047576904296875,
              -0.19921875
            ],
            [
              0.005626678466796875,
              0.87548828125,
              -0.483642578125,
              0.190673828125
            ],
            [
              -0.051239013671875,
              0.483154296875,
              0.8740234375,
              0.462890625
            ]
          ]
        ]
      },
      {
        "psnr": 12.712352752685547,
        "distortion": 0.1634882539510727,
        "rotation_rmse": 8.256667137145996,
        "translation_rmse_100": 43.72871398925781,
        "t_final": [
          [
            [
              0.986328125,
              0.1259765625,
              0.10430908203125,
              0.51416015625
            ],
            [
              -0.08984375,
              0.9501953125,
              -0.298095703125,
              -0.0634765625
            ],
            [
              -0.13671875,
              0.28466796875,
              0.94873046875,
              0.47607421875
            ]
          ]
        ]
      },
      {
        "psnr": 29.461423873901367,
        "distortion": 0.00906674936413765,
        "rotation_rmse": 0.0071289497427642345,
        "translation_rmse_100": 0.024635421112179756,
        "t_final": [
          [
            [
              0.99853515625,
              0.020111083984375,
              0.0477294921875,
              -0.1988525390625
            ],
            [
              0.0054931640625,
              0.875,
              -0.48388671875,
              0.1904296875
            ],
            [
              -0.051483154296875,
              0.4833984375,
              0.8740234375,
              0.462890625
            ]
          ]
        ]
      },
      {
        "psnr": 29.213525772094727,
        "distortion": 0.008545206859707832,
        "rotation_rmse": 0.0068429759703576565,
        "translation_rmse_100": 0.011755289509892464,
        "t_final": [
          [
            [
              0.99853515625,
              0.02008056640625,
              0.0479736328125,
              -0.19921875
            ],
            [
              0.005649566650390625,
              0.875,
              -0.48388671875,
              0.1904296875
            ],
            [
              -0.05169677734375,
              0.4833984375,
              0.8740234375,
              0.463134765625
            ]
          ]
        ]
      },
      {
        "psnr": 29.621652603149414,
        "distortion": 0.00880629662424326,
        "rotation_rmse": 0.024237338453531265,
        "translation_rmse_100": 0.01859228126704693,
        "t_final": [
          [
            [
              0.99853515625,
              0.0202484130859375,
              0.0479736328125,
              -0.1990966796875
            ],
            [
              0.005519866943359375,
              0.875,
              -0.484375,
              0.1903076171875
            ],
            [
              -0.051788330078125,
              0.48388671875,
              0.87353515625,
              0.463134765625
            ]
          ]
        ]
      },
      {
        "psnr": 29.76639175415039,
        "distortion": 0.011654944159090519,
        "rotation_rmse": 0.007986107841134071,
        "translation_rmse_100": 0.01593724638223648,
        "t_final": [
          [
            [
              0.99853515625,
              0.0197906494140625,
              0.047760009765625,
              -0.1990966796875
            ],
            [
              0.0057830810546875,
              0.875,
              -0.48388671875,
              0.1903076171875
            ],
            [
              -0.051361083984375,
              0.4833984375,
              0.8740234375,
              0.462890625
            ]
          ]
        ]
      },
      {
        "psnr": 32.21159744262695,
        "distortion": 0.006134457886219025,
        "rotation_rmse": 0.009806282818317413,
        "translation_rmse_100": 0.01949833706021309,
        "t_final": [
          [
            [
              0.99853515625,
              0.0196990966796875,
              0.0477294921875,
              -0.1995849609375
            ],
            [
              0.00585174560546875,
              0.875,
              -0.483642578125,
              0.1904296875
            ],
            [
              -0.051300048828125,
              0.4833984375,
              0.8740234375,
              0.462890625
            ]
          ]
        ]
      }
    ]
  }
}