{
  "fern_30_70_even_odd": {
    "best": {
      "psnr": 22.141691207885742,
      "distortion": 0.022408319637179375,
      "rotation_rmse": 0.10214965045452118,
      "translation_rmse": 0.0008849739097058773,
      "t_final": [
        [
          [
            0.9140625,
            0.18115234375,
            0.36279296875,
            -0.3539853096008301
          ],
          [
            0.1048583984375,
            0.7587890625,
            -0.64306640625,
            0.331768661737442
          ],
          [
            -0.3916015625,
            0.6259765625,
            0.67431640625,
            0.0733584314584732
          ]
        ]
      ]
    },
    "stats_list": [
      {
        "psnr": 21.44699478149414,
        "distortion": 0.018745239824056625,
        "rotation_rmse": 0.04175421968102455,
        "translation_rmse": 0.0004842541820835322,
        "t_final": [
          [
            [
              0.91357421875,
              0.1806640625,
              0.3642578125,
              -0.35464438796043396
            ],
            [
              0.10626220703125,
              0.7587890625,
              -0.64306640625,
              0.33114388585090637
            ],
            [
              -0.392333984375,
              0.6259765625,
              0.673828125,
              0.07385698705911636
            ]
          ]
        ]
      },
      {
        "psnr": 21.42045021057129,
        "distortion": 0.017843319103121758,
        "rotation_rmse": 0.06951839476823807,
        "translation_rmse": 0.0006343239801935852,
        "t_final": [
          [
            [
              0.9140625,
              0.179931640625,
              0.36328125,
              -0.35376957058906555
            ],
            [
              0.10626220703125,
              0.75830078125,
              -0.64306640625,
              0.3308519721031189
            ],
            [
              -0.391357421875,
              0.62646484375,
              0.67431640625,
              0.07339240610599518
            ]
          ]
        ]
      },
      {
        "psnr": 10.816929817199707,
        "distortion": 0.06343378126621246,
        "rotation_rmse": 9.623165130615234,
        "translation_rmse": 0.6325183510780334,
        "t_final": [
          [
            [
              0.8994140625,
              0.0760498046875,
              0.43115234375,
              -0.05106312409043312
            ],
            [
              0.29052734375,
              0.63330078125,
              -0.71728515625,
              -0.6928304433822632
            ],
            [
              -0.32763671875,
              0.77001953125,
              0.54736328125,
              -0.17227327823638916
            ]
          ]
        ]
      },
      {
        "psnr": 21.47467041015625,
        "distortion": 0.02137276530265808,
        "rotation_rmse": 0.12482018768787384,
        "translation_rmse": 0.0007499829516746104,
        "t_final": [
          [
            [
              0.91259765625,
              0.18212890625,
              0.365234375,
              -0.35318052768707275
            ],
            [
              0.10491943359375,
              0.759765625,
              -0.6416015625,
              0.33112019300460815
            ],
            [
              -0.39453125,
              0.6240234375,
              0.67431640625,
              0.07374777644872665
            ]
          ]
        ]
      },
      {
        "psnr": 11.156976699829102,
        "distortion": 0.06958553194999695,
        "rotation_rmse": 13.34410572052002,
        "translation_rmse": 0.8094400763511658,
        "t_final": [
          [
            [
              0.85302734375,
              -0.0687255859375,
              0.517578125,
              -0.05602681636810303
            ],
            [
              0.432373046875,
              0.6494140625,
              -0.6259765625,
              -1.0378942489624023
            ],
            [
              -0.29296875,
              0.75732421875,
              0.58349609375,
              0.013021137565374374
            ]
          ]
        ]
      },
      {
        "psnr": 15.435060501098633,
        "distortion": 0.01920420676469803,
        "rotation_rmse": 3.9208993911743164,
        "translation_rmse": 0.038287024945020676,
        "t_final": [
          [
            [
              0.873046875,
              0.1461181640625,
              0.46533203125,
              -0.4034983515739441
            ],
            [
              0.1929931640625,
              0.7724609375,
              -0.60498046875,
              0.29542410373687744
            ],
            [
              -0.447998046875,
              0.61767578125,
              0.646484375,
              0.10136070102453232
            ]
          ]
        ]
      },
      {
        "psnr": 10.484672546386719,
        "distortion": 0.054421328008174896,
        "rotation_rmse": 9.58203411102295,
        "translation_rmse": 0.4300919473171234,
        "t_final": [
          [
            [
              0.8857421875,
              -0.061126708984375,
              0.4599609375,
              -0.37593501806259155
            ],
            [
              0.2568359375,
              0.89013671875,
              -0.37646484375,
              -0.4090365767478943
            ],
            [
              -0.386474609375,
              0.45166015625,
              0.80419921875,
              -0.011276757344603539
            ]
          ]
        ]
      },
      {
        "psnr": 10.027308464050293,
        "distortion": 0.058666057884693146,
        "rotation_rmse": 14.16476058959961,
        "translation_rmse": 0.4870525598526001,
        "t_final": [
          [
            [
              0.7998046875,
              -0.183837890625,
              0.57177734375,
              0.1197240948677063
            ],
            [
              0.37939453125,
              0.892578125,
              -0.2437744140625,
              -0.3629022240638733
            ],
            [
              -0.46533203125,
              0.411865234375,
              0.783203125,
              -0.003313720226287842
            ]
          ]
        ]
      },
      {
        "psnr": 10.324844360351562,
        "distortion": 0.0409722775220871,
        "rotation_rmse": 24.144676208496094,
        "translation_rmse": 0.40298619866371155,
        "t_final": [
          [
            [
              0.90869140625,
              -0.153076171875,
              0.388427734375,
              0.07318366318941116
            ],
            [
              0.1484375,
              0.98779296875,
              0.042327880859375,
              -0.18538354337215424
            ],
            [
              -0.39013671875,
              0.0191802978515625,
              0.92041015625,
              -0.12117363512516022
            ]
          ]
        ]
      },
      {
        "psnr": 22.141691207885742,
        "distortion": 0.022408319637179375,
        "rotation_rmse": 0.10214965045452118,
        "translation_rmse": 0.0008849739097058773,
        "t_final": [
          [
            [
              0.9140625,
              0.18115234375,
              0.36279296875,
              -0.3539853096008301
            ],
            [
              0.1048583984375,
              0.7587890625,
              -0.64306640625,
              0.331768661737442
            ],
            [
              -0.3916015625,
              0.6259765625,
              0.67431640625,
              0.0733584314584732
            ]
          ]
        ]
      }
    ]
  }
}