{
  "fern_0_100_even_odd": {
    "psnr": 20.069475173950195,
    "distortion": 0.02005702070891857,
    "rotation_rmse": 0.05559896305203438,
    "translation_rmse": 0.0001544006954645738
  },
  "fern_30_70_even_odd": {
    "psnr": 19.059473037719727,
    "distortion": 0.018017305061221123,
    "rotation_rmse": 0.36075448989868164,
    "translation_rmse": 0.0025821293238550425
  },
  "fern_50_50": {
    "psnr": 17.418222427368164,
    "distortion": 0.025462502613663673,
    "rotation_rmse": 0.17493414878845215,
    "translation_rmse": 0.0013540860963985324
  },
  "fortress_0_100_even_odd": {
    "psnr": 26.00963020324707,
    "distortion": 0.012657907791435719,
    "rotation_rmse": 0.1608308106660843,
    "translation_rmse": 0.0010420855833217502
  },
  "fortress_30_70_even_odd": {
    "psnr": 24.278484344482422,
    "distortion": 0.011469856835901737,
    "rotation_rmse": 0.2662305235862732,
    "translation_rmse": 0.0016887779347598553
  },
  "fortress_50_50": {
    "psnr": 21.56976318359375,
    "distortion": 0.004762947093695402,
    "rotation_rmse": 0.1365334689617157,
    "translation_rmse": 0.0002827673451974988
  },
  "horns_0_100_even_odd": {
    "psnr": 23.96480369567871,
    "distortion": 0.0316956602036953,
    "rotation_rmse": 0.03213264048099518,
    "translation_rmse": 0.0005498813115991652
  },
  "horns_30_70_even_odd": {
    "psnr": 21.356613159179688,
    "distortion": 0.032468751072883606,
    "rotation_rmse": 0.05453178286552429,
    "translation_rmse": 0.0003732246987055987
  },
  "horns_50_50": {
    "psnr": 18.04325294494629,
    "distortion": 0.040126025676727295,
    "rotation_rmse": 0.12784844636917114,
    "translation_rmse": 0.0013699010014533997
  },
  "room_0_100_even_odd": {
    "psnr": 21.433731079101562,
    "distortion": 0.02431199513375759,
    "rotation_rmse": 0.10142352432012558,
    "translation_rmse": 0.00019501995120663196
  },
  "room_30_70_even_odd": {
    "psnr": 21.27396011352539,
    "distortion": 0.019204746931791306,
    "rotation_rmse": 0.03720714524388313,
    "translation_rmse": 0.0008880829554982483
  },
  "room_50_50": {
    "psnr": 19.764495849609375,
    "distortion": 0.033994585275650024,
    "rotation_rmse": 0.14891566336154938,
    "translation_rmse": 0.0004877735918853432
  }
}