{
  "trex_50_50": {
    "best": {
      "psnr": 10.506450653076172,
      "distortion": 0.19770681858062744,
      "rotation_rmse": 22.05802345275879,
      "translation_rmse_100": 11.733931541442871,
      "t_final": [
        [
          [
            0.841796875,
            -0.446533203125,
            0.302978515625,
            0.03537151962518692
          ],
          [
            0.53076171875,
            0.7861328125,
            -0.316650390625,
            -0.14967498183250427
          ],
          [
            -0.09698486328125,
            0.427490234375,
            0.89892578125,
            0.02952328883111477
          ]
        ]
      ]
    },
    "stats_list": [
      {
        "psnr": 10.097540855407715,
        "distortion": 0.1798851042985916,
        "rotation_rmse": 22.627851486206055,
        "translation_rmse_100": 14.293538093566895,
        "t_final": [
          [
            [
              0.88525390625,
              -0.447998046875,
              0.125,
              0.23177288472652435
            ],
            [
              0.439453125,
              0.8935546875,
              0.09161376953125,
              -0.16004356741905212
            ],
            [
              -0.1527099609375,
              -0.026123046875,
              0.98779296875,
              -0.005080161616206169
            ]
          ]
        ]
      },
      {
        "psnr": 10.039318084716797,
        "distortion": 0.13164682686328888,
        "rotation_rmse": 32.080467224121094,
        "translation_rmse_100": 14.100896835327148,
        "t_final": [
          [
            [
              1.0,
              -0.009002685546875,
              0.0150146484375,
              0.025140361860394478
            ],
            [
              0.00904083251953125,
              1.0,
              -0.00263214111328125,
              -0.008947448804974556
            ],
            [
              -0.01499176025390625,
              0.0027675628662109375,
              1.0,
              0.008225970901548862
            ]
          ]
        ]
      },
      {
        "psnr": 9.98365592956543,
        "distortion": 0.1742487996816635,
        "rotation_rmse": 24.18077278137207,
        "translation_rmse_100": 20.785594940185547,
        "t_final": [
          [
            [
              0.91162109375,
              -0.4013671875,
              0.090087890625,
              0.3178478181362152
            ],
            [
              0.40478515625,
              0.9140625,
              -0.0244140625,
              -0.19676724076271057
            ],
            [
              -0.07257080078125,
              0.0587158203125,
              0.99560546875,
              0.06652648746967316
            ]
          ]
        ]
      },
      {
        "psnr": 10.063100814819336,
        "distortion": 0.11873738467693329,
        "rotation_rmse": 33.11763381958008,
        "translation_rmse_100": 13.081920623779297,
        "t_final": [
          [
            [
              1.0,
              -0.0034637451171875,
              -0.016387939453125,
              0.014289548620581627
            ],
            [
              0.0036602020263671875,
              1.0,
              0.01197052001953125,
              0.00029857715708203614
            ],
            [
              0.0163421630859375,
              -0.01202392578125,
              1.0,
              -0.029070459306240082
            ]
          ]
        ]
      },
      {
        "psnr": 10.044515609741211,
        "distortion": 0.10569984465837479,
        "rotation_rmse": 32.56363296508789,
        "translation_rmse_100": 12.330818176269531,
        "t_final": [
          [
            [
              1.0,
              -0.0213775634765625,
              -0.0016765594482421875,
              0.01072344183921814
            ],
            [
              0.02142333984375,
              0.99951171875,
              0.027557373046875,
              -0.030642347410321236
            ],
            [
              0.0010852813720703125,
              -0.027587890625,
              0.99951171875,
              -0.01661624014377594
            ]
          ]
        ]
      },
      {
        "psnr": 10.29907512664795,
        "distortion": 0.13955482840538025,
        "rotation_rmse": 28.59528160095215,
        "translation_rmse_100": 18.36290168762207,
        "t_final": [
          [
            [
              0.9658203125,
              -0.2025146484375,
              0.1632080078125,
              -0.05045947805047035
            ],
            [
              0.1541748046875,
              0.951171875,
              0.26806640625,
              0.06619282066822052
            ],
            [
              -0.20947265625,
              -0.2337646484375,
              0.94921875,
              -0.3576628565788269
            ]
          ]
        ]
      },
      {
        "psnr": 10.437044143676758,
        "distortion": 0.18839332461357117,
        "rotation_rmse": 20.24895668029785,
        "translation_rmse_100": 34.62554168701172,
        "t_final": [
          [
            [
              0.88525390625,
              -0.38916015625,
              0.2548828125,
              0.48529523611068726
            ],
            [
              0.346435546875,
              0.9169921875,
              0.1971435546875,
              0.04839763417840004
            ],
            [
              -0.310546875,
              -0.08624267578125,
              0.94677734375,
              0.17590691149234772
            ]
          ]
        ]
      },
      {
        "psnr": 10.063226699829102,
        "distortion": 0.1082468181848526,
        "rotation_rmse": 32.70009231567383,
        "translation_rmse_100": 14.051191329956055,
        "t_final": [
          [
            [
              1.0,
              -0.0009055137634277344,
              -0.0003573894500732422,
              0.04008564352989197
            ],
            [
              0.0009074211120605469,
              1.0,
              0.005222320556640625,
              0.019855013117194176
            ],
            [
              0.00035262107849121094,
              -0.005222320556640625,
              1.0,
              -0.02253507450222969
            ]
          ]
        ]
      },
      {
        "psnr": 10.093653678894043,
        "distortion": 0.11115153878927231,
        "rotation_rmse": 32.54126739501953,
        "translation_rmse_100": 14.735871315002441,
        "t_final": [
          [
            [
              0.9990234375,
              0.030670166015625,
              0.0316162109375,
              0.06453582644462585
            ],
            [
              -0.0308074951171875,
              0.99951171875,
              0.0036907196044921875,
              0.017690619453787804
            ],
            [
              -0.031494140625,
              -0.00466156005859375,
              0.99951171875,
              -0.0019041221821680665
            ]
          ]
        ]
      },
      {
        "psnr": 10.506450653076172,
        "distortion": 0.19770681858062744,
        "rotation_rmse": 22.05802345275879,
        "translation_rmse_100": 11.733931541442871,
        "t_final": [
          [
            [
              0.841796875,
              -0.446533203125,
              0.302978515625,
              0.03537151962518692
            ],
            [
              0.53076171875,
              0.7861328125,
              -0.316650390625,
              -0.14967498183250427
            ],
            [
              -0.09698486328125,
              0.427490234375,
              0.89892578125,
              0.02952328883111477
            ]
          ]
        ]
      }
    ]
  }
}