{
  "horns_50_50": {
    "best": {
      "psnr": 11.607325553894043,
      "distortion": 0.18197135627269745,
      "rotation_rmse": 14.78858757019043,
      "translation_rmse_100": 52.11750793457031,
      "t_final": [
        [
          [
            0.9912109375,
            0.05584716796875,
            0.11944580078125,
            0.7650361657142639
          ],
          [
            0.01061248779296875,
            0.869140625,
            -0.494384765625,
            0.2267448604106903
          ],
          [
            -0.1314697265625,
            0.491455078125,
            0.86083984375,
            0.15101972222328186
          ]
        ]
      ]
    },
    "stats_list": [
      {
        "psnr": 11.360631942749023,
        "distortion": 0.11660967767238617,
        "rotation_rmse": 10.060300827026367,
        "translation_rmse_100": 37.3665657043457,
        "t_final": [
          [
            [
              0.9677734375,
              0.058013916015625,
              0.245849609375,
              0.5810779333114624
            ],
            [
              0.00421142578125,
              0.96923828125,
              -0.2452392578125,
              0.25681406259536743
            ],
            [
              -0.252685546875,
              0.2384033203125,
              0.93798828125,
              -0.12820430099964142
            ]
          ]
        ]
      },
      {
        "psnr": 11.239540100097656,
        "distortion": 0.20690804719924927,
        "rotation_rmse": 21.32781410217285,
        "translation_rmse_100": 53.81621551513672,
        "t_final": [
          [
            [
              0.958984375,
              -0.2822265625,
              0.033233642578125,
              0.6262248754501343
            ],
            [
              0.283935546875,
              0.95703125,
              -0.060791015625,
              0.061264339834451675
            ],
            [
              -0.0146484375,
              0.0677490234375,
              0.99755859375,
              0.4068865180015564
            ]
          ]
        ]
      },
      {
        "psnr": 10.982230186462402,
        "distortion": 0.20432041585445404,
        "rotation_rmse": 6.569077014923096,
        "translation_rmse_100": 53.1956787109375,
        "t_final": [
          [
            [
              0.87890625,
              0.0285491943359375,
              0.476318359375,
              0.336571604013443
            ],
            [
              0.03802490234375,
              0.99072265625,
              -0.1295166015625,
              -0.16327698528766632
            ],
            [
              -0.4755859375,
              0.1319580078125,
              0.86962890625,
              0.5491513013839722
            ]
          ]
        ]
      },
      {
        "psnr": 10.701858520507812,
        "distortion": 0.20233036577701569,
        "rotation_rmse": 16.68576431274414,
        "translation_rmse_100": 51.815650939941406,
        "t_final": [
          [
            [
              0.9296875,
              0.322509765625,
              0.1778564453125,
              -0.037558868527412415
            ],
            [
              -0.287353515625,
              0.9375,
              -0.197265625,
              -0.2830520570278168
            ],
            [
              -0.2303466796875,
              0.13232421875,
              0.9638671875,
              0.5598141551017761
            ]
          ]
        ]
      },
      {
        "psnr": 11.149683952331543,
        "distortion": 0.19889412820339203,
        "rotation_rmse": 15.791095733642578,
        "translation_rmse_100": 50.659358978271484,
        "t_final": [
          [
            [
              0.97314453125,
              -0.17431640625,
              0.1502685546875,
              0.6561142206192017
            ],
            [
              0.2021484375,
              0.95947265625,
              -0.1959228515625,
              0.028608569875359535
            ],
            [
              -0.11004638671875,
              0.2210693359375,
              0.96923828125,
              0.28198447823524475
            ]
          ]
        ]
      },
      {
        "psnr": 11.060513496398926,
        "distortion": 0.20515745878219604,
        "rotation_rmse": 24.07681655883789,
        "translation_rmse_100": 49.58478927612305,
        "t_final": [
          [
            [
              0.970703125,
              -0.240966796875,
              0.0032100677490234375,
              0.5539715886116028
            ],
            [
              0.2379150390625,
              0.9599609375,
              0.1466064453125,
              -0.011298255994915962
            ],
            [
              -0.03839111328125,
              -0.1414794921875,
              0.9892578125,
              0.36292722821235657
            ]
          ]
        ]
      },
      {
        "psnr": 11.06712818145752,
        "distortion": 0.22487497329711914,
        "rotation_rmse": 12.648056030273438,
        "translation_rmse_100": 75.4826889038086,
        "t_final": [
          [
            [
              0.970703125,
              -0.0058135986328125,
              0.2410888671875,
              0.6543611288070679
            ],
            [
              0.030731201171875,
              0.99462890625,
              -0.09967041015625,
              -0.144939586520195
            ],
            [
              -0.2392578125,
              0.10418701171875,
              0.96533203125,
              0.8333654403686523
            ]
          ]
        ]
      },
      {
        "psnr": 11.607325553894043,
        "distortion": 0.18197135627269745,
        "rotation_rmse": 14.78858757019043,
        "translation_rmse_100": 52.11750793457031,
        "t_final": [
          [
            [
              0.9912109375,
              0.05584716796875,
              0.11944580078125,
              0.7650361657142639
            ],
            [
              0.01061248779296875,
              0.869140625,
              -0.494384765625,
              0.2267448604106903
            ],
            [
              -0.1314697265625,
              0.491455078125,
              0.86083984375,
              0.15101972222328186
            ]
          ]
        ]
      },
      {
        "psnr": 10.916654586791992,
        "distortion": 0.19766248762607574,
        "rotation_rmse": 14.912211418151855,
        "translation_rmse_100": 47.519981384277344,
        "t_final": [
          [
            [
              0.97802734375,
              -0.1351318359375,
              0.1593017578125,
              0.6086025834083557
            ],
            [
              0.164794921875,
              0.9677734375,
              -0.190673828125,
              0.01980571821331978
            ],
            [
              -0.12841796875,
              0.212646484375,
              0.96875,
              0.25220751762390137
            ]
          ]
        ]
      },
      {
        "psnr": 10.973273277282715,
        "distortion": 0.1906358152627945,
        "rotation_rmse": 19.79485321044922,
        "translation_rmse_100": 43.44137191772461,
        "t_final": [
          [
            [
              0.97998046875,
              -0.1943359375,
              0.039581298828125,
              0.5185401439666748
            ],
            [
              0.1971435546875,
              0.9765625,
              -0.0887451171875,
              -0.054676514118909836
            ],
            [
              -0.0214080810546875,
              0.09478759765625,
              0.9951171875,
              0.2274063229560852
            ]
          ]
        ]
      }
    ]
  }
}