{
  "room_0_100_even_odd": {
    "best": {
      "psnr": 12.672420501708984,
      "distortion": 0.04605887830257416,
      "rotation_rmse": 30.416015625,
      "translation_rmse_100": 11.633575439453125,
      "t_final": [
        [
          [
            0.9873046875,
            -0.158203125,
            0.0028285980224609375,
            -0.06357817351818085
          ],
          [
            0.157470703125,
            0.984375,
            0.076171875,
            -0.01939752884209156
          ],
          [
            -0.01483154296875,
            -0.07476806640625,
            0.9970703125,
            -0.10440637916326523
          ]
        ]
      ]
    },
    "stats_list": [
      {
        "psnr": 12.466719627380371,
        "distortion": 0.08530188351869583,
        "rotation_rmse": 32.65682601928711,
        "translation_rmse_100": 14.329353332519531,
        "t_final": [
          [
            [
              1.0,
              0.0,
              0.0,
              0.0
            ],
            [
              0.0,
              1.0,
              0.0,
              0.0
            ],
            [
              0.0,
              0.0,
              1.0,
              0.0
            ]
          ]
        ]
      },
      {
        "psnr": 12.513016700744629,
        "distortion": 0.08461209386587143,
        "rotation_rmse": 32.679256439208984,
        "translation_rmse_100": 13.872610092163086,
        "t_final": [
          [
            [
              1.0,
              0.004985809326171875,
              0.00501251220703125,
              0.004974958021193743
            ],
            [
              -0.00501251220703125,
              1.0,
              0.004985809326171875,
              -0.005024957936257124
            ],
            [
              -0.004985809326171875,
              -0.00501251220703125,
              1.0,
              -0.004999917466193438
            ]
          ]
        ]
      },
      {
        "psnr": 12.560588836669922,
        "distortion": 0.06759605556726456,
        "rotation_rmse": 31.879392623901367,
        "translation_rmse_100": 11.410504341125488,
        "t_final": [
          [
            [
              0.9990234375,
              -0.043060302734375,
              0.01485443115234375,
              -0.04136130213737488
            ],
            [
              0.04241943359375,
              0.998046875,
              0.041473388671875,
              -0.07475516200065613
            ],
            [
              -0.0166168212890625,
              -0.040802001953125,
              0.9990234375,
              -0.025782471522688866
            ]
          ]
        ]
      },
      {
        "psnr": 12.54732894897461,
        "distortion": 0.07574072480201721,
        "rotation_rmse": 31.9228458404541,
        "translation_rmse_100": 13.879416465759277,
        "t_final": [
          [
            [
              1.0,
              -0.0093536376953125,
              0.017913818359375,
              -0.00043955331784673035
            ],
            [
              0.00954437255859375,
              1.0,
              -0.010467529296875,
              -0.004564003553241491
            ],
            [
              -0.017822265625,
              0.0106353759765625,
              1.0,
              -0.006827542558312416
            ]
          ]
        ]
      },
      {
        "psnr": 12.510491371154785,
        "distortion": 0.08605331927537918,
        "rotation_rmse": 32.65682601928711,
        "translation_rmse_100": 14.329353332519531,
        "t_final": [
          [
            [
              1.0,
              0.0,
              0.0,
              0.0
            ],
            [
              0.0,
              1.0,
              0.0,
              0.0
            ],
            [
              0.0,
              0.0,
              1.0,
              0.0
            ]
          ]
        ]
      },
      {
        "psnr": 12.465324401855469,
        "distortion": 0.08620721101760864,
        "rotation_rmse": 32.92756271362305,
        "translation_rmse_100": 14.281925201416016,
        "t_final": [
          [
            [
              1.0,
              0.00501251220703125,
              -0.004985809326171875,
              0.0049749575555324554
            ],
            [
              -0.004985809326171875,
              1.0,
              0.00501251220703125,
              -0.004999917931854725
            ],
            [
              0.00501251220703125,
              -0.004985809326171875,
              1.0,
              0.005024957470595837
            ]
          ]
        ]
      },
      {
        "psnr": 12.647079467773438,
        "distortion": 0.04155636206269264,
        "rotation_rmse": 31.44105339050293,
        "translation_rmse_100": 13.258796691894531,
        "t_final": [
          [
            [
              0.99560546875,
              -0.0877685546875,
              0.02685546875,
              -0.08239781111478806
            ],
            [
              0.08447265625,
              0.99072265625,
              0.10546875,
              0.01607116311788559
            ],
            [
              -0.035858154296875,
              -0.102783203125,
              0.994140625,
              -0.17641139030456543
            ]
          ]
        ]
      },
      {
        "psnr": 12.672420501708984,
        "distortion": 0.04605887830257416,
        "rotation_rmse": 30.416015625,
        "translation_rmse_100": 11.633575439453125,
        "t_final": [
          [
            [
              0.9873046875,
              -0.158203125,
              0.0028285980224609375,
              -0.06357817351818085
            ],
            [
              0.157470703125,
              0.984375,
              0.076171875,
              -0.01939752884209156
            ],
            [
              -0.01483154296875,
              -0.07476806640625,
              0.9970703125,
              -0.10440637916326523
            ]
          ]
        ]
      },
      {
        "psnr": 12.672042846679688,
        "distortion": 0.041900720447301865,
        "rotation_rmse": 30.663476943969727,
        "translation_rmse_100": 9.759587287902832,
        "t_final": [
          [
            [
              0.982421875,
              -0.1865234375,
              -0.0030078887939453125,
              -0.06488408893346786
            ],
            [
              0.1851806640625,
              0.97314453125,
              0.1357421875,
              -0.05279451981186867
            ],
            [
              -0.022369384765625,
              -0.1339111328125,
              0.99072265625,
              -0.13563722372055054
            ]
          ]
        ]
      },
      {
        "psnr": 12.552755355834961,
        "distortion": 0.08151578158140182,
        "rotation_rmse": 32.679256439208984,
        "translation_rmse_100": 13.992685317993164,
        "t_final": [
          [
            [
              1.0,
              0.004985809326171875,
              0.00501251220703125,
              -0.005024957470595837
            ],
            [
              -0.00501251220703125,
              1.0,
              0.004985809326171875,
              -0.004999917466193438
            ],
            [
              -0.004985809326171875,
              -0.00501251220703125,
              1.0,
              -0.004974957089871168
            ]
          ]
        ]
      }
    ]
  }
}