{
  "fern_50_50": {
    "best": {
      "psnr": 11.403038024902344,
      "distortion": 0.1013169214129448,
      "rotation_rmse": 20.84774398803711,
      "translation_rmse_100": 19.357446670532227,
      "t_final": [
        [
          [
            0.97607421875,
            -0.1495361328125,
            0.1591796875,
            -0.6445015668869019
          ],
          [
            0.174560546875,
            0.97216796875,
            -0.1575927734375,
            0.2917952537536621
          ],
          [
            -0.1312255859375,
            0.1815185546875,
            0.974609375,
            -0.08883202075958252
          ]
        ]
      ]
    },
    "stats_list": [
      {
        "psnr": 10.957510948181152,
        "distortion": 0.10413450747728348,
        "rotation_rmse": 23.086599349975586,
        "translation_rmse_100": 15.339848518371582,
        "t_final": [
          [
            [
              0.97119140625,
              0.065673828125,
              0.22900390625,
              -0.5474305152893066
            ],
            [
              -0.0433349609375,
              0.994140625,
              -0.1014404296875,
              0.42353177070617676
            ],
            [
              -0.234375,
              0.08856201171875,
              0.96826171875,
              0.23132357001304626
            ]
          ]
        ]
      },
      {
        "psnr": 11.277124404907227,
        "distortion": 0.11578650772571564,
        "rotation_rmse": 27.514904022216797,
        "translation_rmse_100": 8.206913948059082,
        "t_final": [
          [
            [
              0.96728515625,
              -0.09222412109375,
              0.235595703125,
              -0.3821389079093933
            ],
            [
              0.07421875,
              0.99365234375,
              0.084228515625,
              0.2832627594470978
            ],
            [
              -0.2418212890625,
              -0.06402587890625,
              0.96826171875,
              0.20545262098312378
            ]
          ]
        ]
      },
      {
        "psnr": 11.403038024902344,
        "distortion": 0.1013169214129448,
        "rotation_rmse": 20.84774398803711,
        "translation_rmse_100": 19.357446670532227,
        "t_final": [
          [
            [
              0.97607421875,
              -0.1495361328125,
              0.1591796875,
              -0.6445015668869019
            ],
            [
              0.174560546875,
              0.97216796875,
              -0.1575927734375,
              0.2917952537536621
            ],
            [
              -0.1312255859375,
              0.1815185546875,
              0.974609375,
              -0.08883202075958252
            ]
          ]
        ]
      },
      {
        "psnr": 11.400788307189941,
        "distortion": 0.10276759415864944,
        "rotation_rmse": 11.446907043457031,
        "translation_rmse_100": 19.183860778808594,
        "t_final": [
          [
            [
              0.966796875,
              -0.04345703125,
              0.251220703125,
              -0.03658970445394516
            ],
            [
              0.1483154296875,
              0.8974609375,
              -0.415771484375,
              0.25978970527648926
            ],
            [
              -0.207275390625,
              0.439208984375,
              0.8740234375,
              0.14146308600902557
            ]
          ]
        ]
      },
      {
        "psnr": 11.369704246520996,
        "distortion": 0.10761217772960663,
        "rotation_rmse": 23.34527587890625,
        "translation_rmse_100": 15.296883583068848,
        "t_final": [
          [
            [
              0.9599609375,
              0.044830322265625,
              0.276611328125,
              -0.39715078473091125
            ],
            [
              -0.0247039794921875,
              0.99658203125,
              -0.07586669921875,
              0.4716435670852661
            ],
            [
              -0.279052734375,
              0.06597900390625,
              0.9580078125,
              0.294544517993927
            ]
          ]
        ]
      },
      {
        "psnr": 10.843836784362793,
        "distortion": 0.10724876821041107,
        "rotation_rmse": 23.759098052978516,
        "translation_rmse_100": 10.299315452575684,
        "t_final": [
          [
            [
              0.9755859375,
              0.006847381591796875,
              0.218505859375,
              -0.4981677532196045
            ],
            [
              0.00688934326171875,
              0.998046875,
              -0.062042236328125,
              0.3484427332878113
            ],
            [
              -0.218505859375,
              0.062042236328125,
              0.9736328125,
              0.17821814119815826
            ]
          ]
        ]
      },
      {
        "psnr": 10.963400840759277,
        "distortion": 0.09963281452655792,
        "rotation_rmse": 22.543399810791016,
        "translation_rmse_100": 15.92540454864502,
        "t_final": [
          [
            [
              0.96484375,
              0.039276123046875,
              0.259033203125,
              -0.5472298264503479
            ],
            [
              -0.01396942138671875,
              0.9951171875,
              -0.09881591796875,
              0.37609344720840454
            ],
            [
              -0.26171875,
              0.09173583984375,
              0.9609375,
              0.2661171853542328
            ]
          ]
        ]
      },
      {
        "psnr": 11.157416343688965,
        "distortion": 0.11666817218065262,
        "rotation_rmse": 28.399538040161133,
        "translation_rmse_100": 7.964559555053711,
        "t_final": [
          [
            [
              0.974609375,
              -0.1285400390625,
              0.1826171875,
              -0.296468049287796
            ],
            [
              0.11065673828125,
              0.98828125,
              0.1046142578125,
              0.23105990886688232
            ],
            [
              -0.1939697265625,
              -0.081787109375,
              0.9775390625,
              0.15039223432540894
            ]
          ]
        ]
      },
      {
        "psnr": 11.015753746032715,
        "distortion": 0.07772290706634521,
        "rotation_rmse": 12.816065788269043,
        "translation_rmse_100": 29.3736629486084,
        "t_final": [
          [
            [
              0.94921875,
              0.031982421875,
              0.313232421875,
              -0.7733472585678101
            ],
            [
              0.08099365234375,
              0.9365234375,
              -0.3408203125,
              0.46828457713127136
            ],
            [
              -0.30419921875,
              0.348876953125,
              0.88623046875,
              0.32780423760414124
            ]
          ]
        ]
      },
      {
        "psnr": 10.899665832519531,
        "distortion": 0.11180432885885239,
        "rotation_rmse": 23.21243667602539,
        "translation_rmse_100": 7.79416561126709,
        "t_final": [
          [
            [
              0.98095703125,
              -0.05072021484375,
              0.1864013671875,
              -0.4350484609603882
            ],
            [
              0.0653076171875,
              0.9951171875,
              -0.0728759765625,
              0.32483428716659546
            ],
            [
              -0.181884765625,
              0.08367919921875,
              0.97998046875,
              0.18234190344810486
            ]
          ]
        ]
      }
    ]
  }
}