{
  "fern_0_100_even_odd": {
    "best": {
      "psnr": 11.227861404418945,
      "distortion": 0.06229666247963905,
      "rotation_rmse": 9.858057022094727,
      "translation_rmse_100": 43.68451690673828,
      "t_final": [
        [
          [
            0.73291015625,
            -0.366455078125,
            0.57275390625,
            -0.35837072134017944
          ],
          [
            0.50341796875,
            0.85888671875,
            -0.09442138671875,
            -0.25534573197364807
          ],
          [
            -0.45751953125,
            0.357666015625,
            0.81396484375,
            0.4599258601665497
          ]
        ]
      ]
    },
    "stats_list": [
      {
        "psnr": 9.952424049377441,
        "distortion": 0.07740756869316101,
        "rotation_rmse": 16.1230411529541,
        "translation_rmse_100": 47.345703125,
        "t_final": [
          [
            [
              0.697265625,
              -0.6103515625,
              0.376220703125,
              -0.5527686476707458
            ],
            [
              0.445068359375,
              0.77978515625,
              0.4404296875,
              -0.4962993264198303
            ],
            [
              -0.56201171875,
              -0.1395263671875,
              0.8154296875,
              0.28053098917007446
            ]
          ]
        ]
      },
      {
        "psnr": 9.623128890991211,
        "distortion": 0.07810430973768234,
        "rotation_rmse": 26.644376754760742,
        "translation_rmse_100": 39.2474250793457,
        "t_final": [
          [
            [
              0.89990234375,
              -0.423095703125,
              0.10565185546875,
              -0.47093474864959717
            ],
            [
              0.359375,
              0.85693359375,
              0.369384765625,
              -0.4306241273880005
            ],
            [
              -0.246826171875,
              -0.29443359375,
              0.92333984375,
              0.18090271949768066
            ]
          ]
        ]
      },
      {
        "psnr": 9.321815490722656,
        "distortion": 0.08122202008962631,
        "rotation_rmse": 28.491418838500977,
        "translation_rmse_100": 31.395387649536133,
        "t_final": [
          [
            [
              0.9658203125,
              -0.25927734375,
              0.00591278076171875,
              -0.4306229054927826
            ],
            [
              0.2587890625,
              0.96484375,
              0.04107666015625,
              -0.09488597512245178
            ],
            [
              -0.016357421875,
              -0.03814697265625,
              0.9990234375,
              0.07172233611345291
            ]
          ]
        ]
      },
      {
        "psnr": 11.227861404418945,
        "distortion": 0.06229666247963905,
        "rotation_rmse": 9.858057022094727,
        "translation_rmse_100": 43.68451690673828,
        "t_final": [
          [
            [
              0.73291015625,
              -0.366455078125,
              0.57275390625,
              -0.35837072134017944
            ],
            [
              0.50341796875,
              0.85888671875,
              -0.09442138671875,
              -0.25534573197364807
            ],
            [
              -0.45751953125,
              0.357666015625,
              0.81396484375,
              0.4599258601665497
            ]
          ]
        ]
      },
      {
        "psnr": 9.397736549377441,
        "distortion": 0.0618472620844841,
        "rotation_rmse": 31.525184631347656,
        "translation_rmse_100": 13.610088348388672,
        "t_final": [
          [
            [
              0.99951171875,
              -0.0129852294921875,
              0.02276611328125,
              -0.0033001655247062445
            ],
            [
              0.01371002197265625,
              0.99951171875,
              -0.03192138671875,
              -0.026186099275946617
            ],
            [
              -0.0223388671875,
              0.0322265625,
              0.9990234375,
              0.005596619565039873
            ]
          ]
        ]
      },
      {
        "psnr": 9.218740463256836,
        "distortion": 0.0773630142211914,
        "rotation_rmse": 32.856502532958984,
        "translation_rmse_100": 13.770487785339355,
        "t_final": [
          [
            [
              1.0,
              0.006977081298828125,
              -0.0031585693359375,
              -0.0071151661686599255
            ],
            [
              -0.006984710693359375,
              1.0,
              -0.0013990402221679688,
              -0.007574726827442646
            ],
            [
              0.003147125244140625,
              0.0014219284057617188,
              1.0,
              -0.0086952680721879
            ]
          ]
        ]
      },
      {
        "psnr": 9.335721015930176,
        "distortion": 0.07487114518880844,
        "rotation_rmse": 32.823448181152344,
        "translation_rmse_100": 14.533950805664062,
        "t_final": [
          [
            [
              0.99951171875,
              -0.00954437255859375,
              -0.0205078125,
              0.021380851045250893
            ],
            [
              0.00914764404296875,
              1.0,
              -0.019378662109375,
              -0.007124925497919321
            ],
            [
              0.02069091796875,
              0.0191802978515625,
              0.99951171875,
              0.016169779002666473
            ]
          ]
        ]
      },
      {
        "psnr": 9.320090293884277,
        "distortion": 0.07659006863832474,
        "rotation_rmse": 32.893062591552734,
        "translation_rmse_100": 14.400668144226074,
        "t_final": [
          [
            [
              1.0,
              0.006870269775390625,
              -0.0086822509765625,
              0.007331406697630882
            ],
            [
              -0.0069732666015625,
              1.0,
              -0.01178741455078125,
              0.006423080340027809
            ],
            [
              0.00859832763671875,
              0.01184844970703125,
              1.0,
              -0.0028327475301921368
            ]
          ]
        ]
      },
      {
        "psnr": 9.272980690002441,
        "distortion": 0.07419122755527496,
        "rotation_rmse": 32.79503631591797,
        "translation_rmse_100": 13.28769588470459,
        "t_final": [
          [
            [
              1.0,
              -0.00894927978515625,
              -0.006374359130859375,
              -0.003266451647505164
            ],
            [
              0.0090484619140625,
              1.0,
              0.0152435302734375,
              -0.011068424209952354
            ],
            [
              0.006237030029296875,
              -0.01529693603515625,
              1.0,
              -0.016097068786621094
            ]
          ]
        ]
      },
      {
        "psnr": 9.168365478515625,
        "distortion": 0.08014129847288132,
        "rotation_rmse": 32.679256439208984,
        "translation_rmse_100": 14.675335884094238,
        "t_final": [
          [
            [
              1.0,
              0.004985809326171875,
              0.00501251220703125,
              0.005024957936257124
            ],
            [
              -0.00501251220703125,
              1.0,
              0.004985809326171875,
              0.004999917466193438
            ],
            [
              -0.004985809326171875,
              -0.00501251220703125,
              1.0,
              0.004974957089871168
            ]
          ]
        ]
      }
    ]
  }
}