{
  "fern_30_70_even_odd": {
    "best": {
      "psnr": 10.76756763458252,
      "distortion": 0.03162475675344467,
      "rotation_rmse": 23.981735229492188,
      "translation_rmse_100": 57.622314453125,
      "t_final": [
        [
          [
            0.99462890625,
            0.10272216796875,
            -0.0079498291015625,
            -1.2103344202041626
          ],
          [
            -0.10247802734375,
            0.978515625,
            -0.18017578125,
            -0.1610502451658249
          ],
          [
            -0.01073455810546875,
            0.1800537109375,
            0.9833984375,
            -0.07188446074724197
          ]
        ]
      ]
    },
    "stats_list": [
      {
        "psnr": 9.745488166809082,
        "distortion": 0.07940994948148727,
        "rotation_rmse": 27.16291046142578,
        "translation_rmse_100": 17.304637908935547,
        "t_final": [
          [
            [
              0.98583984375,
              -0.08154296875,
              -0.1468505859375,
              -0.16211386024951935
            ],
            [
              0.05731201171875,
              0.98486328125,
              -0.162109375,
              0.1725386530160904
            ],
            [
              0.157958984375,
              0.1513671875,
              0.9755859375,
              -0.09276232123374939
            ]
          ]
        ]
      },
      {
        "psnr": 10.1930513381958,
        "distortion": 0.07942741364240646,
        "rotation_rmse": 32.70265197753906,
        "translation_rmse_100": 17.12862777709961,
        "t_final": [
          [
            [
              0.99169921875,
              0.0931396484375,
              0.09039306640625,
              -0.16112452745437622
            ],
            [
              -0.10577392578125,
              0.9833984375,
              0.1466064453125,
              0.1779087334871292
            ],
            [
              -0.07525634765625,
              -0.155029296875,
              0.98486328125,
              0.23992089927196503
            ]
          ]
        ]
      },
      {
        "psnr": 9.882094383239746,
        "distortion": 0.0241641104221344,
        "rotation_rmse": 22.808929443359375,
        "translation_rmse_100": 24.557512283325195,
        "t_final": [
          [
            [
              0.99609375,
              -0.01018524169921875,
              0.0855712890625,
              -0.14783918857574463
            ],
            [
              0.0224609375,
              0.9892578125,
              -0.1436767578125,
              -0.004791058134287596
            ],
            [
              -0.08319091796875,
              0.1451416015625,
              0.98583984375,
              -0.08629021048545837
            ]
          ]
        ]
      },
      {
        "psnr": 10.334319114685059,
        "distortion": 0.08393841981887817,
        "rotation_rmse": 31.749614715576172,
        "translation_rmse_100": 23.43355941772461,
        "t_final": [
          [
            [
              0.9833984375,
              0.10528564453125,
              0.1463623046875,
              -0.050270095467567444
            ],
            [
              -0.12347412109375,
              0.98486328125,
              0.12109375,
              0.19409215450286865
            ],
            [
              -0.13134765625,
              -0.13720703125,
              0.98193359375,
              0.306132435798645
            ]
          ]
        ]
      },
      {
        "psnr": 10.505399703979492,
        "distortion": 0.07305929064750671,
        "rotation_rmse": 31.818283081054688,
        "translation_rmse_100": 13.914216995239258,
        "t_final": [
          [
            [
              0.98291015625,
              0.0958251953125,
              0.15771484375,
              -0.5915407538414001
            ],
            [
              -0.1165771484375,
              0.98486328125,
              0.128173828125,
              0.3725361227989197
            ],
            [
              -0.14306640625,
              -0.1444091796875,
              0.97900390625,
              0.07275977730751038
            ]
          ]
        ]
      },
      {
        "psnr": 10.080729484558105,
        "distortion": 0.06748837232589722,
        "rotation_rmse": 29.7093448638916,
        "translation_rmse_100": 18.523406982421875,
        "t_final": [
          [
            [
              0.9970703125,
              0.05584716796875,
              0.053131103515625,
              -0.27790382504463196
            ],
            [
              -0.058746337890625,
              0.99658203125,
              0.05419921875,
              0.06616077572107315
            ],
            [
              -0.049957275390625,
              -0.057159423828125,
              0.9970703125,
              0.23917822539806366
            ]
          ]
        ]
      },
      {
        "psnr": 9.727882385253906,
        "distortion": 0.074924536049366,
        "rotation_rmse": 27.991558074951172,
        "translation_rmse_100": 28.43320083618164,
        "t_final": [
          [
            [
              1.0,
              0.0171661376953125,
              0.008514404296875,
              -0.008929064497351646
            ],
            [
              -0.017059326171875,
              1.0,
              -0.0132293701171875,
              -0.01235292386263609
            ],
            [
              -0.0087432861328125,
              0.01308441162109375,
              1.0,
              -0.000890227674972266
            ]
          ]
        ]
      },
      {
        "psnr": 10.367457389831543,
        "distortion": 0.04368110001087189,
        "rotation_rmse": 32.30300521850586,
        "translation_rmse_100": 23.916933059692383,
        "t_final": [
          [
            [
              0.9052734375,
              0.40283203125,
              0.13330078125,
              -0.5034222602844238
            ],
            [
              -0.402099609375,
              0.9150390625,
              -0.034210205078125,
              -0.03754415363073349
            ],
            [
              -0.1357421875,
              -0.022613525390625,
              0.99072265625,
              -0.04300958663225174
            ]
          ]
        ]
      },
      {
        "psnr": 10.07563304901123,
        "distortion": 0.08086225390434265,
        "rotation_rmse": 28.647541046142578,
        "translation_rmse_100": 14.181055068969727,
        "t_final": [
          [
            [
              1.0,
              0.01336669921875,
              0.01200103759765625,
              -0.1996660828590393
            ],
            [
              -0.0135040283203125,
              1.0,
              0.011688232421875,
              0.15604060888290405
            ],
            [
              -0.0118408203125,
              -0.01184844970703125,
              1.0,
              0.15157046914100647
            ]
          ]
        ]
      },
      {
        "psnr": 10.76756763458252,
        "distortion": 0.03162475675344467,
        "rotation_rmse": 23.981735229492188,
        "translation_rmse_100": 57.622314453125,
        "t_final": [
          [
            [
              0.99462890625,
              0.10272216796875,
              -0.0079498291015625,
              -1.2103344202041626
            ],
            [
              -0.10247802734375,
              0.978515625,
              -0.18017578125,
              -0.1610502451658249
            ],
            [
              -0.01073455810546875,
              0.1800537109375,
              0.9833984375,
              -0.07188446074724197
            ]
          ]
        ]
      }
    ]
  }
}