{
  "trex_30_70_even_odd": {
    "best": {
      "psnr": 11.30597972869873,
      "distortion": 0.19421936571598053,
      "rotation_rmse": 6.935194969177246,
      "translation_rmse_100": 95.37653350830078,
      "t_final": [
        [
          [
            0.734375,
            -0.372802734375,
            0.56689453125,
            0.9043614268302917
          ],
          [
            0.39404296875,
            0.91455078125,
            0.09088134765625,
            -0.29240378737449646
          ],
          [
            -0.55224609375,
            0.15673828125,
            0.81884765625,
            1.2363386154174805
          ]
        ]
      ]
    },
    "stats_list": [
      {
        "psnr": 10.119068145751953,
        "distortion": 0.11075223237276077,
        "rotation_rmse": 24.346168518066406,
        "translation_rmse_100": 10.420906066894531,
        "t_final": [
          [
            [
              0.962890625,
              -0.2142333984375,
              0.1641845703125,
              0.0017403591191396117
            ],
            [
              0.214111328125,
              0.9765625,
              0.0186614990234375,
              0.0020113722421228886
            ],
            [
              -0.164306640625,
              0.017181396484375,
              0.986328125,
              -0.1659061163663864
            ]
          ]
        ]
      },
      {
        "psnr": 11.290661811828613,
        "distortion": 0.18959693610668182,
        "rotation_rmse": 5.09306526184082,
        "translation_rmse_100": 67.8106918334961,
        "t_final": [
          [
            [
              0.6181640625,
              -0.339599609375,
              0.708984375,
              0.6933681964874268
            ],
            [
              0.322998046875,
              0.931640625,
              0.164794921875,
              -0.11306028813123703
            ],
            [
              -0.716796875,
              0.127197265625,
              0.685546875,
              0.8084195256233215
            ]
          ]
        ]
      },
      {
        "psnr": 10.126476287841797,
        "distortion": 0.07688761502504349,
        "rotation_rmse": 24.69631576538086,
        "translation_rmse_100": 9.370589256286621,
        "t_final": [
          [
            [
              0.958984375,
              -0.1904296875,
              0.20947265625,
              -0.07281525433063507
            ],
            [
              0.171875,
              0.9794921875,
              0.103759765625,
              -0.06634201109409332
            ],
            [
              -0.2249755859375,
              -0.0634765625,
              0.97216796875,
              -0.15583288669586182
            ]
          ]
        ]
      },
      {
        "psnr": 10.002110481262207,
        "distortion": 0.03948225453495979,
        "rotation_rmse": 34.10426712036133,
        "translation_rmse_100": 12.747003555297852,
        "t_final": [
          [
            [
              0.998046875,
              0.0618896484375,
              -0.0114898681640625,
              0.005614665802568197
            ],
            [
              -0.06195068359375,
              0.998046875,
              -0.00542449951171875,
              0.03536473959684372
            ],
            [
              0.01113128662109375,
              0.006122589111328125,
              1.0,
              -0.11004634201526642
            ]
          ]
        ]
      },
      {
        "psnr": 11.30597972869873,
        "distortion": 0.19421936571598053,
        "rotation_rmse": 6.935194969177246,
        "translation_rmse_100": 95.37653350830078,
        "t_final": [
          [
            [
              0.734375,
              -0.372802734375,
              0.56689453125,
              0.9043614268302917
            ],
            [
              0.39404296875,
              0.91455078125,
              0.09088134765625,
              -0.29240378737449646
            ],
            [
              -0.55224609375,
              0.15673828125,
              0.81884765625,
              1.2363386154174805
            ]
          ]
        ]
      },
      {
        "psnr": 9.969099998474121,
        "distortion": 0.10675841569900513,
        "rotation_rmse": 25.02284812927246,
        "translation_rmse_100": 7.889439105987549,
        "t_final": [
          [
            [
              0.94482421875,
              -0.245361328125,
              0.2174072265625,
              -0.058168455958366394
            ],
            [
              0.201171875,
              0.95751953125,
              0.2064208984375,
              -0.09025498479604721
            ],
            [
              -0.2587890625,
              -0.1512451171875,
              0.9541015625,
              -0.1511101871728897
            ]
          ]
        ]
      },
      {
        "psnr": 10.475113868713379,
        "distortion": 0.12464746832847595,
        "rotation_rmse": 51.49956512451172,
        "translation_rmse_100": 23.60479736328125,
        "t_final": [
          [
            [
              0.88232421875,
              -0.34228515625,
              0.32373046875,
              0.00617583654820919
            ],
            [
              -0.107421875,
              0.5234375,
              0.84521484375,
              -0.31542858481407166
            ],
            [
              -0.458984375,
              -0.7802734375,
              0.4248046875,
              0.20841717720031738
            ]
          ]
        ]
      },
      {
        "psnr": 10.104269981384277,
        "distortion": 0.0461820624768734,
        "rotation_rmse": 29.172103881835938,
        "translation_rmse_100": 13.147017478942871,
        "t_final": [
          [
            [
              0.9921875,
              -0.066650390625,
              0.1041259765625,
              -0.03528926149010658
            ],
            [
              0.06292724609375,
              0.9970703125,
              0.038604736328125,
              0.039119623601436615
            ],
            [
              -0.1064453125,
              -0.03173828125,
              0.99365234375,
              -0.16080573201179504
            ]
          ]
        ]
      },
      {
        "psnr": 10.455086708068848,
        "distortion": 0.13033954799175262,
        "rotation_rmse": 36.2441520690918,
        "translation_rmse_100": 12.336559295654297,
        "t_final": [
          [
            [
              0.92578125,
              0.0100555419921875,
              0.37841796875,
              -0.03855558857321739
            ],
            [
              -0.151611328125,
              0.92578125,
              0.346435546875,
              -0.03267064690589905
            ],
            [
              -0.3466796875,
              -0.378173828125,
              0.8583984375,
              -0.035902079194784164
            ]
          ]
        ]
      },
      {
        "psnr": 10.258756637573242,
        "distortion": 0.09781487286090851,
        "rotation_rmse": 22.963708877563477,
        "translation_rmse_100": 13.521162986755371,
        "t_final": [
          [
            [
              0.95947265625,
              -0.178955078125,
              0.2171630859375,
              -0.05045052617788315
            ],
            [
              0.1900634765625,
              0.9814453125,
              -0.031524658203125,
              0.03861004486680031
            ],
            [
              -0.2073974609375,
              0.071533203125,
              0.9755859375,
              -0.14881032705307007
            ]
          ]
        ]
      }
    ]
  }
}