{
  "room_50_50": {
    "best": {
      "psnr": 13.181111335754395,
      "distortion": 0.05698039382696152,
      "rotation_rmse": 33.252906799316406,
      "translation_rmse_100": 23.348556518554688,
      "t_final": [
        [
          [
            0.98046875,
            -0.1636962890625,
            -0.10748291015625,
            -0.18384762108325958
          ],
          [
            0.1707763671875,
            0.9833984375,
            0.06011962890625,
            0.13984528183937073
          ],
          [
            0.09588623046875,
            -0.07733154296875,
            0.9921875,
            -0.0627625361084938
          ]
        ]
      ]
    },
    "stats_list": [
      {
        "psnr": 12.77564811706543,
        "distortion": 0.0177763719111681,
        "rotation_rmse": 36.26775360107422,
        "translation_rmse_100": 36.085205078125,
        "t_final": [
          [
            [
              0.9560546875,
              -0.1839599609375,
              -0.2281494140625,
              0.07905881106853485
            ],
            [
              0.161865234375,
              0.98046875,
              -0.112060546875,
              0.4062216281890869
            ],
            [
              0.244384765625,
              0.0701904296875,
              0.96728515625,
              -0.4074370265007019
            ]
          ]
        ]
      },
      {
        "psnr": 12.763408660888672,
        "distortion": 0.02136208303272724,
        "rotation_rmse": 34.06280517578125,
        "translation_rmse_100": 32.82218551635742,
        "t_final": [
          [
            [
              0.98681640625,
              -0.107421875,
              -0.1214599609375,
              0.001257942058146
            ],
            [
              0.10662841796875,
              0.994140625,
              -0.01316070556640625,
              0.3642864227294922
            ],
            [
              0.1221923828125,
              3.695487976074219e-05,
              0.99267578125,
              -0.35444381833076477
            ]
          ]
        ]
      },
      {
        "psnr": 12.463630676269531,
        "distortion": 0.09959686547517776,
        "rotation_rmse": 39.94469451904297,
        "translation_rmse_100": 40.684417724609375,
        "t_final": [
          [
            [
              0.9501953125,
              -0.06842041015625,
              -0.303955078125,
              -0.2296685129404068
            ],
            [
              0.015228271484375,
              0.98486328125,
              -0.1739501953125,
              0.47437015175819397
            ],
            [
              0.311279296875,
              0.16064453125,
              0.9365234375,
              -0.20273494720458984
            ]
          ]
        ]
      },
      {
        "psnr": 12.399930000305176,
        "distortion": 0.07564233988523483,
        "rotation_rmse": 35.502628326416016,
        "translation_rmse_100": 22.363929748535156,
        "t_final": [
          [
            [
              0.99072265625,
              -0.059722900390625,
              -0.120849609375,
              -0.07356993854045868
            ],
            [
              0.0711669921875,
              0.9931640625,
              0.09295654296875,
              0.15536947548389435
            ],
            [
              0.114501953125,
              -0.1007080078125,
              0.98828125,
              -0.005345209036022425
            ]
          ]
        ]
      },
      {
        "psnr": 13.181111335754395,
        "distortion": 0.05698039382696152,
        "rotation_rmse": 33.252906799316406,
        "translation_rmse_100": 23.348556518554688,
        "t_final": [
          [
            [
              0.98046875,
              -0.1636962890625,
              -0.10748291015625,
              -0.18384762108325958
            ],
            [
              0.1707763671875,
              0.9833984375,
              0.06011962890625,
              0.13984528183937073
            ],
            [
              0.09588623046875,
              -0.07733154296875,
              0.9921875,
              -0.0627625361084938
            ]
          ]
        ]
      },
      {
        "psnr": 11.964649200439453,
        "distortion": 0.12257160246372223,
        "rotation_rmse": 37.969520568847656,
        "translation_rmse_100": 33.584739685058594,
        "t_final": [
          [
            [
              0.98779296875,
              0.11395263671875,
              -0.10711669921875,
              0.09544195979833603
            ],
            [
              -0.109130859375,
              0.99267578125,
              0.050323486328125,
              0.3120120167732239
            ],
            [
              0.112060546875,
              -0.03802490234375,
              0.9931640625,
              0.14736446738243103
            ]
          ]
        ]
      },
      {
        "psnr": 12.786735534667969,
        "distortion": 0.01622963324189186,
        "rotation_rmse": 35.152862548828125,
        "translation_rmse_100": 32.89921569824219,
        "t_final": [
          [
            [
              0.96533203125,
              -0.1781005859375,
              -0.1907958984375,
              0.05263533815741539
            ],
            [
              0.172607421875,
              0.98388671875,
              -0.0452880859375,
              0.35276371240615845
            ],
            [
              0.19580078125,
              0.01079559326171875,
              0.98046875,
              -0.394104927778244
            ]
          ]
        ]
      },
      {
        "psnr": 11.826869010925293,
        "distortion": 0.05398888513445854,
        "rotation_rmse": 31.353252410888672,
        "translation_rmse_100": 26.673954010009766,
        "t_final": [
          [
            [
              0.9970703125,
              -0.06866455078125,
              0.0285186767578125,
              -0.17563752830028534
            ],
            [
              0.06658935546875,
              0.9951171875,
              0.0697021484375,
              0.22004739940166473
            ],
            [
              -0.033172607421875,
              -0.06756591796875,
              0.9970703125,
              -0.0763678252696991
            ]
          ]
        ]
      },
      {
        "psnr": 13.029285430908203,
        "distortion": 0.01974647305905819,
        "rotation_rmse": 21.857019424438477,
        "translation_rmse_100": 16.483402252197266,
        "t_final": [
          [
            [
              0.861328125,
              -0.435302734375,
              0.26171875,
              -0.21301157772541046
            ],
            [
              0.33935546875,
              0.87646484375,
              0.341064453125,
              -0.12144701927900314
            ],
            [
              -0.3779296875,
              -0.205078125,
              0.90283203125,
              -0.2726674973964691
            ]
          ]
        ]
      },
      {
        "psnr": 12.825989723205566,
        "distortion": 0.037888940423727036,
        "rotation_rmse": 35.78414535522461,
        "translation_rmse_100": 42.70953369140625,
        "t_final": [
          [
            [
              0.96923828125,
              -0.16162109375,
              -0.1845703125,
              -0.2190709412097931
            ],
            [
              0.0992431640625,
              0.9462890625,
              -0.307373046875,
              0.513490617275238
            ],
            [
              0.2242431640625,
              0.279541015625,
              0.93359375,
              -0.2448587715625763
            ]
          ]
        ]
      }
    ]
  }
}