{
  "fern_50_50": {
    "best": {
      "psnr": 11.434258460998535,
      "distortion": 0.08198188990354538,
      "rotation_rmse": 35.37821960449219,
      "translation_rmse_100": 6.967983245849609,
      "t_final": [
        [
          [
            0.9931640625,
            0.034210205078125,
            -0.10968017578125,
            0.02288595214486122
          ],
          [
            -0.046478271484375,
            0.99267578125,
            -0.111328125,
            -0.07062429189682007
          ],
          [
            0.10504150390625,
            0.11572265625,
            0.98779296875,
            -0.11207405477762222
          ]
        ]
      ]
    },
    "stats_list": [
      {
        "psnr": 11.434258460998535,
        "distortion": 0.08198188990354538,
        "rotation_rmse": 35.37821960449219,
        "translation_rmse_100": 6.967983245849609,
        "t_final": [
          [
            [
              0.9931640625,
              0.034210205078125,
              -0.10968017578125,
              0.02288595214486122
            ],
            [
              -0.046478271484375,
              0.99267578125,
              -0.111328125,
              -0.07062429189682007
            ],
            [
              0.10504150390625,
              0.11572265625,
              0.98779296875,
              -0.11207405477762222
            ]
          ]
        ]
      },
      {
        "psnr": 10.977362632751465,
        "distortion": 0.06020476669073105,
        "rotation_rmse": 30.268123626708984,
        "translation_rmse_100": 14.860475540161133,
        "t_final": [
          [
            [
              0.99072265625,
              0.0435791015625,
              0.129150390625,
              -0.20424477756023407
            ],
            [
              -0.0411376953125,
              0.9990234375,
              -0.021484375,
              -0.13044947385787964
            ],
            [
              -0.1298828125,
              0.015960693359375,
              0.9912109375,
              -0.18699143826961517
            ]
          ]
        ]
      },
      {
        "psnr": 11.250061988830566,
        "distortion": 0.057237476110458374,
        "rotation_rmse": 31.661026000976562,
        "translation_rmse_100": 8.494625091552734,
        "t_final": [
          [
            [
              0.998046875,
              0.046844482421875,
              0.04254150390625,
              -0.08635613322257996
            ],
            [
              -0.042999267578125,
              0.9951171875,
              -0.08673095703125,
              -0.11571495980024338
            ],
            [
              -0.04638671875,
              0.084716796875,
              0.9951171875,
              -0.18037636578083038
            ]
          ]
        ]
      },
      {
        "psnr": 11.008237838745117,
        "distortion": 0.06228195130825043,
        "rotation_rmse": 33.068031311035156,
        "translation_rmse_100": 10.365202903747559,
        "t_final": [
          [
            [
              0.99853515625,
              0.050048828125,
              -0.01253509521484375,
              -0.11026877909898758
            ],
            [
              -0.051055908203125,
              0.994140625,
              -0.09722900390625,
              -0.08994676172733307
            ],
            [
              0.007587432861328125,
              0.0977783203125,
              0.9951171875,
              -0.177341029047966
            ]
          ]
        ]
      },
      {
        "psnr": 11.213403701782227,
        "distortion": 0.06041388213634491,
        "rotation_rmse": 34.54144287109375,
        "translation_rmse_100": 8.679875373840332,
        "t_final": [
          [
            [
              0.9970703125,
              0.07220458984375,
              -0.030517578125,
              -0.07440415769815445
            ],
            [
              -0.0731201171875,
              0.9970703125,
              -0.02825927734375,
              -0.08667708188295364
            ],
            [
              0.02838134765625,
              0.0303955078125,
              0.9990234375,
              -0.1757051646709442
            ]
          ]
        ]
      },
      {
        "psnr": 11.183388710021973,
        "distortion": 0.04558274522423744,
        "rotation_rmse": 28.0418701171875,
        "translation_rmse_100": 9.538216590881348,
        "t_final": [
          [
            [
              0.9892578125,
              -0.10284423828125,
              0.10406494140625,
              -0.09465242922306061
            ],
            [
              0.102783203125,
              0.99462890625,
              0.006038665771484375,
              -0.09102247655391693
            ],
            [
              -0.1041259765625,
              0.004718780517578125,
              0.99462890625,
              -0.16941413283348083
            ]
          ]
        ]
      },
      {
        "psnr": 11.033390998840332,
        "distortion": 0.031780485063791275,
        "rotation_rmse": 15.290214538574219,
        "translation_rmse_100": 26.660350799560547,
        "t_final": [
          [
            [
              0.82470703125,
              -0.376708984375,
              0.421875,
              -0.4100864827632904
            ],
            [
              0.3232421875,
              0.92578125,
              0.19482421875,
              -0.13273954391479492
            ],
            [
              -0.464111328125,
              -0.0243377685546875,
              0.88525390625,
              -0.1469268947839737
            ]
          ]
        ]
      },
      {
        "psnr": 11.144548416137695,
        "distortion": 0.07127905637025833,
        "rotation_rmse": 33.67484664916992,
        "translation_rmse_100": 13.139535903930664,
        "t_final": [
          [
            [
              0.99755859375,
              -0.06640625,
              -0.01226043701171875,
              -0.15256951749324799
            ],
            [
              0.06756591796875,
              0.982421875,
              0.17431640625,
              -0.254398375749588
            ],
            [
              0.00046539306640625,
              -0.1746826171875,
              0.984375,
              -0.2371187061071396
            ]
          ]
        ]
      },
      {
        "psnr": 11.32666301727295,
        "distortion": 0.05396663770079613,
        "rotation_rmse": 29.065292358398438,
        "translation_rmse_100": 8.562675476074219,
        "t_final": [
          [
            [
              0.99609375,
              -0.019378662109375,
              0.0859375,
              -0.057632021605968475
            ],
            [
              0.02862548828125,
              0.99365234375,
              -0.10772705078125,
              -0.07310453802347183
            ],
            [
              -0.08331298828125,
              0.1097412109375,
              0.990234375,
              -0.14413443207740784
            ]
          ]
        ]
      },
      {
        "psnr": 11.133888244628906,
        "distortion": 0.04301742836833,
        "rotation_rmse": 25.354482650756836,
        "translation_rmse_100": 10.397351264953613,
        "t_final": [
          [
            [
              0.97216796875,
              -0.19580078125,
              0.1279296875,
              -0.10298365354537964
            ],
            [
              0.2012939453125,
              0.97900390625,
              -0.0309906005859375,
              -0.07760732620954514
            ],
            [
              -0.119140625,
              0.055877685546875,
              0.9912109375,
              -0.15400169789791107
            ]
          ]
        ]
      }
    ]
  }
}