{
  "room_30_70_even_odd": {
    "best": {
      "psnr": 12.519416809082031,
      "distortion": 0.07503935694694519,
      "rotation_rmse": 31.301219940185547,
      "translation_rmse_100": 15.574858665466309,
      "t_final": [
        [
          [
            0.99853515625,
            -0.05029296875,
            0.0156707763671875,
            -0.06097140908241272
          ],
          [
            0.050323486328125,
            0.99853515625,
            -0.0005578994750976562,
            0.014955706894397736
          ],
          [
            -0.015625,
            0.0013456344604492188,
            1.0,
            -0.011822561733424664
          ]
        ]
      ]
    },
    "stats_list": [
      {
        "psnr": 12.498270988464355,
        "distortion": 0.07511827349662781,
        "rotation_rmse": 33.508121490478516,
        "translation_rmse_100": 14.72037124633789,
        "t_final": [
          [
            [
              1.0,
              0.0018682479858398438,
              0.003025054931640625,
              -0.07485423982143402
            ],
            [
              -0.0021038055419921875,
              0.99658203125,
              0.0797119140625,
              -0.0014352964935824275
            ],
            [
              -0.0028667449951171875,
              -0.0797119140625,
              0.99658203125,
              -0.028838053345680237
            ]
          ]
        ]
      },
      {
        "psnr": 12.443398475646973,
        "distortion": 0.09478028118610382,
        "rotation_rmse": 32.966575622558594,
        "translation_rmse_100": 16.747150421142578,
        "t_final": [
          [
            [
              1.0,
              0.00015211105346679688,
              -0.007617950439453125,
              -0.021352646872401237
            ],
            [
              -6.23464584350586e-05,
              1.0,
              0.01177978515625,
              0.021745141595602036
            ],
            [
              0.007617950439453125,
              -0.01177978515625,
              1.0,
              0.03198404237627983
            ]
          ]
        ]
      },
      {
        "psnr": 12.503326416015625,
        "distortion": 0.07932282239198685,
        "rotation_rmse": 32.182220458984375,
        "translation_rmse_100": 16.499692916870117,
        "t_final": [
          [
            [
              1.0,
              -0.01361846923828125,
              -0.001049041748046875,
              -0.06392113119363785
            ],
            [
              0.01358795166015625,
              0.99951171875,
              -0.0263214111328125,
              0.036393530666828156
            ],
            [
              0.0014066696166992188,
              0.02630615234375,
              0.99951171875,
              -0.01255886722356081
            ]
          ]
        ]
      },
      {
        "psnr": 12.359637260437012,
        "distortion": 0.09124676883220673,
        "rotation_rmse": 31.983829498291016,
        "translation_rmse_100": 17.54822540283203,
        "t_final": [
          [
            [
              0.99951171875,
              -0.037322998046875,
              -0.0020084381103515625,
              -0.009081958793103695
            ],
            [
              0.037322998046875,
              0.99951171875,
              -0.002410888671875,
              0.04448863863945007
            ],
            [
              0.00209808349609375,
              0.0023345947265625,
              1.0,
              0.03319695219397545
            ]
          ]
        ]
      },
      {
        "psnr": 12.338672637939453,
        "distortion": 0.0829361230134964,
        "rotation_rmse": 33.749176025390625,
        "translation_rmse_100": 13.114290237426758,
        "t_final": [
          [
            [
              0.99853515625,
              -0.026153564453125,
              -0.047271728515625,
              -0.013810408301651478
            ],
            [
              0.0281219482421875,
              0.99853515625,
              0.041168212890625,
              -0.04593878984451294
            ],
            [
              0.046142578125,
              -0.04241943359375,
              0.998046875,
              0.0060974773950874805
            ]
          ]
        ]
      },
      {
        "psnr": 12.47985553741455,
        "distortion": 0.08860379457473755,
        "rotation_rmse": 31.235794067382812,
        "translation_rmse_100": 18.242630004882812,
        "t_final": [
          [
            [
              0.99951171875,
              -0.025482177734375,
              0.02850341796875,
              -0.03454377502202988
            ],
            [
              0.0261077880859375,
              0.99951171875,
              -0.021697998046875,
              0.07744847238063812
            ],
            [
              -0.027923583984375,
              0.022430419921875,
              0.99951171875,
              0.0028786587063223124
            ]
          ]
        ]
      },
      {
        "psnr": 12.502894401550293,
        "distortion": 0.08767882734537125,
        "rotation_rmse": 33.73543167114258,
        "translation_rmse_100": 14.912949562072754,
        "t_final": [
          [
            [
              0.99951171875,
              0.021820068359375,
              -0.018218994140625,
              -0.04876163601875305
            ],
            [
              -0.021453857421875,
              0.99951171875,
              0.020294189453125,
              -0.023306524381041527
            ],
            [
              0.018646240234375,
              -0.0198974609375,
              0.99951171875,
              0.015053472481667995
            ]
          ]
        ]
      },
      {
        "psnr": 12.469467163085938,
        "distortion": 0.07737526297569275,
        "rotation_rmse": 33.482330322265625,
        "translation_rmse_100": 15.546835899353027,
        "t_final": [
          [
            [
              0.99951171875,
              0.00360107421875,
              -0.0260772705078125,
              -0.04824398085474968
            ],
            [
              -0.003322601318359375,
              1.0,
              0.01071929931640625,
              0.03442978486418724
            ],
            [
              0.026123046875,
              -0.01062774658203125,
              0.99951171875,
              -0.02923963963985443
            ]
          ]
        ]
      },
      {
        "psnr": 12.519416809082031,
        "distortion": 0.07503935694694519,
        "rotation_rmse": 31.301219940185547,
        "translation_rmse_100": 15.574858665466309,
        "t_final": [
          [
            [
              0.99853515625,
              -0.05029296875,
              0.0156707763671875,
              -0.06097140908241272
            ],
            [
              0.050323486328125,
              0.99853515625,
              -0.0005578994750976562,
              0.014955706894397736
            ],
            [
              -0.015625,
              0.0013456344604492188,
              1.0,
              -0.011822561733424664
            ]
          ]
        ]
      },
      {
        "psnr": 12.345499992370605,
        "distortion": 0.07619864493608475,
        "rotation_rmse": 38.34327697753906,
        "translation_rmse_100": 13.212368965148926,
        "t_final": [
          [
            [
              0.966796875,
              -0.059814453125,
              -0.24755859375,
              -0.004588771145790815
            ],
            [
              -0.001796722412109375,
              0.97021484375,
              -0.2415771484375,
              0.04784119874238968
            ],
            [
              0.254638671875,
              0.234130859375,
              0.9384765625,
              -0.2057192325592041
            ]
          ]
        ]
      }
    ]
  }
}