{
  "horns_0_100_even_odd": {
    "best": {
      "psnr": 11.940733909606934,
      "distortion": 0.19489970803260803,
      "rotation_rmse": 12.113789558410645,
      "translation_rmse_100": 34.31708526611328,
      "t_final": [
        [
          [
            0.8134765625,
            -0.33740234375,
            0.4736328125,
            0.562038242816925
          ],
          [
            0.33837890625,
            0.93701171875,
            0.0865478515625,
            -0.060689568519592285
          ],
          [
            -0.472900390625,
            0.08978271484375,
            0.87646484375,
            0.10735413432121277
          ]
        ]
      ]
    },
    "stats_list": [
      {
        "psnr": 11.30584716796875,
        "distortion": 0.22099082171916962,
        "rotation_rmse": 9.531160354614258,
        "translation_rmse_100": 62.192832946777344,
        "t_final": [
          [
            [
              0.70166015625,
              -0.348876953125,
              0.62158203125,
              0.5155141949653625
            ],
            [
              0.51171875,
              0.853515625,
              -0.0985107421875,
              0.201107919216156
            ],
            [
              -0.49609375,
              0.386962890625,
              0.77734375,
              0.7245761752128601
            ]
          ]
        ]
      },
      {
        "psnr": 11.39319896697998,
        "distortion": 0.21614260971546173,
        "rotation_rmse": 23.596864700317383,
        "translation_rmse_100": 57.25062561035156,
        "t_final": [
          [
            [
              0.9091796875,
              -0.395263671875,
              0.1295166015625,
              0.5061521530151367
            ],
            [
              0.373291015625,
              0.91259765625,
              0.1656494140625,
              -0.35985106229782104
            ],
            [
              -0.1837158203125,
              -0.102294921875,
              0.9775390625,
              0.6878295540809631
            ]
          ]
        ]
      },
      {
        "psnr": 11.918632507324219,
        "distortion": 0.23972570896148682,
        "rotation_rmse": 15.38986587524414,
        "translation_rmse_100": 65.5171127319336,
        "t_final": [
          [
            [
              0.75537109375,
              -0.5556640625,
              0.34814453125,
              0.8241946697235107
            ],
            [
              0.5849609375,
              0.810546875,
              0.0238189697265625,
              0.3255370259284973
            ],
            [
              -0.29541015625,
              0.1856689453125,
              0.93701171875,
              0.491169273853302
            ]
          ]
        ]
      },
      {
        "psnr": 11.34770679473877,
        "distortion": 0.23166018724441528,
        "rotation_rmse": 9.925623893737793,
        "translation_rmse_100": 61.08436584472656,
        "t_final": [
          [
            [
              0.671875,
              -0.501953125,
              0.54443359375,
              0.7325899600982666
            ],
            [
              0.39306640625,
              0.865234375,
              0.312255859375,
              0.23796238005161285
            ],
            [
              -0.6279296875,
              0.004364013671875,
              0.7783203125,
              0.5240455865859985
            ]
          ]
        ]
      },
      {
        "psnr": 11.940733909606934,
        "distortion": 0.19489970803260803,
        "rotation_rmse": 12.113789558410645,
        "translation_rmse_100": 34.31708526611328,
        "t_final": [
          [
            [
              0.8134765625,
              -0.33740234375,
              0.4736328125,
              0.562038242816925
            ],
            [
              0.33837890625,
              0.93701171875,
              0.0865478515625,
              -0.060689568519592285
            ],
            [
              -0.472900390625,
              0.08978271484375,
              0.87646484375,
              0.10735413432121277
            ]
          ]
        ]
      },
      {
        "psnr": 11.456378936767578,
        "distortion": 0.2409954071044922,
        "rotation_rmse": 11.343971252441406,
        "translation_rmse_100": 73.85899353027344,
        "t_final": [
          [
            [
              0.6669921875,
              -0.61279296875,
              0.423583984375,
              0.8281707763671875
            ],
            [
              0.56103515625,
              0.78759765625,
              0.255859375,
              0.2700843811035156
            ],
            [
              -0.490234375,
              0.06671142578125,
              0.869140625,
              0.7415184378623962
            ]
          ]
        ]
      },
      {
        "psnr": 11.789583206176758,
        "distortion": 0.19460642337799072,
        "rotation_rmse": 20.876201629638672,
        "translation_rmse_100": 22.479496002197266,
        "t_final": [
          [
            [
              0.8076171875,
              -0.5693359375,
              0.153564453125,
              0.2948606312274933
            ],
            [
              0.5576171875,
              0.82177734375,
              0.11614990234375,
              -0.12567771971225739
            ],
            [
              -0.1923828125,
              -0.00821685791015625,
              0.98095703125,
              0.1266070008277893
            ]
          ]
        ]
      },
      {
        "psnr": 11.151665687561035,
        "distortion": 0.22138093411922455,
        "rotation_rmse": 9.803382873535156,
        "translation_rmse_100": 57.48423385620117,
        "t_final": [
          [
            [
              0.75341796875,
              -0.44873046875,
              0.48046875,
              0.6168792843818665
            ],
            [
              0.4384765625,
              0.8876953125,
              0.14111328125,
              -0.5515249967575073
            ],
            [
              -0.48974609375,
              0.104248046875,
              0.86572265625,
              0.5526846647262573
            ]
          ]
        ]
      },
      {
        "psnr": 11.21052360534668,
        "distortion": 0.23582187294960022,
        "rotation_rmse": 8.783329963684082,
        "translation_rmse_100": 57.08506774902344,
        "t_final": [
          [
            [
              0.73193359375,
              -0.457763671875,
              0.5048828125,
              0.6571330428123474
            ],
            [
              0.44140625,
              0.8828125,
              0.16064453125,
              -0.06795983016490936
            ],
            [
              -0.51904296875,
              0.1053466796875,
              0.84814453125,
              0.6008902192115784
            ]
          ]
        ]
      },
      {
        "psnr": 11.308911323547363,
        "distortion": 0.2455516755580902,
        "rotation_rmse": 6.7087812423706055,
        "translation_rmse_100": 60.395877838134766,
        "t_final": [
          [
            [
              0.7412109375,
              -0.281005859375,
              0.60986328125,
              0.9709877371788025
            ],
            [
              0.339111328125,
              0.9404296875,
              0.0215301513671875,
              -0.3409424126148224
            ],
            [
              -0.57958984375,
              0.1907958984375,
              0.79248046875,
              0.29307758808135986
            ]
          ]
        ]
      }
    ]
  }
}