{
  "room_0_100_even_odd": {
    "best": {
      "psnr": 34.74704360961914,
      "distortion": 0.009873860515654087,
      "rotation_rmse": 0.007778684142976999,
      "translation_rmse_100": 0.023097990080714226,
      "t_final": [
        [
          [
            0.99853515625,
            0.0200958251953125,
            0.048004150390625,
            -0.19925397634506226
          ],
          [
            0.00563812255859375,
            0.875,
            -0.48388671875,
            0.1905079483985901
          ],
          [
            -0.051727294921875,
            0.4833984375,
            0.8740234375,
            0.4633561968803406
          ]
        ]
      ]
    },
    "stats_list": [
      {
        "psnr": 12.753249168395996,
        "distortion": 0.1460137516260147,
        "rotation_rmse": 19.165164947509766,
        "translation_rmse_100": 46.739925384521484,
        "t_final": [
          [
            [
              0.97900390625,
              0.173095703125,
              -0.1082763671875,
              0.301647424697876
            ],
            [
              -0.169677734375,
              0.98486328125,
              0.040069580078125,
              -0.22564972937107086
            ],
            [
              0.113525390625,
              -0.020843505859375,
              0.9931640625,
              -0.017958173528313637
            ]
          ]
        ]
      },
      {
        "psnr": 13.063604354858398,
        "distortion": 0.1767055094242096,
        "rotation_rmse": 36.512943267822266,
        "translation_rmse_100": 54.337364196777344,
        "t_final": [
          [
            [
              0.96875,
              0.2462158203125,
              -0.03228759765625,
              0.579369843006134
            ],
            [
              -0.18896484375,
              0.8154296875,
              0.546875,
              -0.24338075518608093
            ],
            [
              0.1610107421875,
              -0.52392578125,
              0.83642578125,
              0.16092023253440857
            ]
          ]
        ]
      },
      {
        "psnr": 13.113192558288574,
        "distortion": 0.10354192554950714,
        "rotation_rmse": 4.136538982391357,
        "translation_rmse_100": 27.849164962768555,
        "t_final": [
          [
            [
              0.99853515625,
              0.01284027099609375,
              0.051177978515625,
              0.008987593464553356
            ],
            [
              0.0197296142578125,
              0.80859375,
              -0.587890625,
              0.22706490755081177
            ],
            [
              -0.048919677734375,
              0.587890625,
              0.8076171875,
              0.029403865337371826
            ]
          ]
        ]
      },
      {
        "psnr": 13.138192176818848,
        "distortion": 0.17406654357910156,
        "rotation_rmse": 20.913326263427734,
        "translation_rmse_100": 58.88996124267578,
        "t_final": [
          [
            [
              0.974609375,
              0.1649169921875,
              -0.150634765625,
              0.5569473505020142
            ],
            [
              -0.15234375,
              0.98388671875,
              0.09124755859375,
              -0.36389437317848206
            ],
            [
              0.163330078125,
              -0.06597900390625,
              0.984375,
              0.061484359204769135
            ]
          ]
        ]
      },
      {
        "psnr": 12.664896011352539,
        "distortion": 0.15698590874671936,
        "rotation_rmse": 22.7253360748291,
        "translation_rmse_100": 59.09230041503906,
        "t_final": [
          [
            [
              0.96484375,
              0.246826171875,
              0.08843994140625,
              0.44995513558387756
            ],
            [
              -0.255615234375,
              0.96044921875,
              0.10931396484375,
              -0.41362515091896057
            ],
            [
              -0.057952880859375,
              -0.128173828125,
              0.990234375,
              -0.04801955074071884
            ]
          ]
        ]
      },
      {
        "psnr": 12.774188995361328,
        "distortion": 0.14760257303714752,
        "rotation_rmse": 18.984243392944336,
        "translation_rmse_100": 55.6893424987793,
        "t_final": [
          [
            [
              0.93896484375,
              0.341064453125,
              0.040283203125,
              0.16467280685901642
            ],
            [
              -0.337890625,
              0.9384765625,
              -0.06903076171875,
              -0.4648233950138092
            ],
            [
              -0.06134033203125,
              0.051177978515625,
              0.9970703125,
              -0.14406102895736694
            ]
          ]
        ]
      },
      {
        "psnr": 12.826706886291504,
        "distortion": 0.16904038190841675,
        "rotation_rmse": 13.736679077148438,
        "translation_rmse_100": 63.4063720703125,
        "t_final": [
          [
            [
              0.96728515625,
              0.2303466796875,
              0.10565185546875,
              0.6148372888565063
            ],
            [
              -0.207763671875,
              0.95947265625,
              -0.189697265625,
              -0.1318131983280182
            ],
            [
              -0.1451416015625,
              0.16162109375,
              0.97607421875,
              -0.19995486736297607
            ]
          ]
        ]
      },
      {
        "psnr": 34.74704360961914,
        "distortion": 0.009873860515654087,
        "rotation_rmse": 0.007778684142976999,
        "translation_rmse_100": 0.023097990080714226,
        "t_final": [
          [
            [
              0.99853515625,
              0.0200958251953125,
              0.048004150390625,
              -0.19925397634506226
            ],
            [
              0.00563812255859375,
              0.875,
              -0.48388671875,
              0.1905079483985901
            ],
            [
              -0.051727294921875,
              0.4833984375,
              0.8740234375,
              0.4633561968803406
            ]
          ]
        ]
      },
      {
        "psnr": 12.9766845703125,
        "distortion": 0.1719539314508438,
        "rotation_rmse": 13.276448249816895,
        "translation_rmse_100": 65.5510482788086,
        "t_final": [
          [
            [
              0.9599609375,
              0.264892578125,
              0.08917236328125,
              0.6688827276229858
            ],
            [
              -0.238525390625,
              0.94287109375,
              -0.2320556640625,
              -0.10917039960622787
            ],
            [
              -0.1455078125,
              0.2015380859375,
              0.96875,
              -0.20456837117671967
            ]
          ]
        ]
      },
      {
        "psnr": 13.130767822265625,
        "distortion": 0.1890254020690918,
        "rotation_rmse": 28.28812599182129,
        "translation_rmse_100": 56.44816589355469,
        "t_final": [
          [
            [
              0.97705078125,
              0.2020263671875,
              -0.069091796875,
              0.7124631404876709
            ],
            [
              -0.169677734375,
              0.93115234375,
              0.322998046875,
              -0.11180675774812698
            ],
            [
              0.129638671875,
              -0.3037109375,
              0.94384765625,
              0.28055310249328613
            ]
          ]
        ]
      }
    ]
  }
}