{
  "fern_0_100_even_odd": {
    "best": {
      "psnr": 12.62279987335205,
      "distortion": 0.15087591111660004,
      "rotation_rmse": 10.668414115905762,
      "translation_rmse_100": 11.985405921936035,
      "t_final": [
        [
          [
            0.89794921875,
            -0.1412353515625,
            0.416259765625,
            -0.14676806330680847
          ],
          [
            0.3193359375,
            0.8603515625,
            -0.397216796875,
            0.33803480863571167
          ],
          [
            -0.302001953125,
            0.48974609375,
            0.81787109375,
            0.07696884870529175
          ]
        ]
      ]
    },
    "stats_list": [
      {
        "psnr": 10.340503692626953,
        "distortion": 0.055282749235630035,
        "rotation_rmse": 18.843128204345703,
        "translation_rmse_100": 39.33277130126953,
        "t_final": [
          [
            [
              0.96044921875,
              0.1884765625,
              0.2052001953125,
              -0.7575437426567078
            ],
            [
              -0.12548828125,
              0.9501953125,
              -0.28515625,
              0.17589987814426422
            ],
            [
              -0.2486572265625,
              0.248046875,
              0.93603515625,
              0.6011573672294617
            ]
          ]
        ]
      },
      {
        "psnr": 10.728755950927734,
        "distortion": 0.09066306799650192,
        "rotation_rmse": 31.60820770263672,
        "translation_rmse_100": 32.102928161621094,
        "t_final": [
          [
            [
              0.97412109375,
              -0.0672607421875,
              0.2152099609375,
              0.009133619256317616
            ],
            [
              0.02581787109375,
              0.9814453125,
              0.1898193359375,
              0.06096208095550537
            ],
            [
              -0.2239990234375,
              -0.179443359375,
              0.9580078125,
              0.3975309133529663
            ]
          ]
        ]
      },
      {
        "psnr": 10.183003425598145,
        "distortion": 0.11618627607822418,
        "rotation_rmse": 32.88060760498047,
        "translation_rmse_100": 38.22197723388672,
        "t_final": [
          [
            [
              0.96337890625,
              -0.267333984375,
              -0.00787353515625,
              0.12669555842876434
            ],
            [
              0.264892578125,
              0.9501953125,
              0.1649169921875,
              0.0007370298262685537
            ],
            [
              -0.03662109375,
              -0.1610107421875,
              0.986328125,
              0.3876854479312897
            ]
          ]
        ]
      },
      {
        "psnr": 11.652064323425293,
        "distortion": 0.16607272624969482,
        "rotation_rmse": 20.92181968688965,
        "translation_rmse_100": 16.262916564941406,
        "t_final": [
          [
            [
              0.89794921875,
              -0.2425537109375,
              0.3671875,
              -0.12153185158967972
            ],
            [
              0.275390625,
              0.96044921875,
              -0.03912353515625,
              0.20614592730998993
            ],
            [
              -0.34326171875,
              0.1363525390625,
              0.92919921875,
              -0.024132298305630684
            ]
          ]
        ]
      },
      {
        "psnr": 12.226874351501465,
        "distortion": 0.1622670739889145,
        "rotation_rmse": 11.079545974731445,
        "translation_rmse_100": 17.476905822753906,
        "t_final": [
          [
            [
              0.91845703125,
              -0.11883544921875,
              0.377685546875,
              -0.05436526983976364
            ],
            [
              0.267578125,
              0.8896484375,
              -0.37060546875,
              0.37216052412986755
            ],
            [
              -0.291748046875,
              0.44140625,
              0.8486328125,
              0.07405660301446915
            ]
          ]
        ]
      },
      {
        "psnr": 10.212883949279785,
        "distortion": 0.10058807581663132,
        "rotation_rmse": 33.05093765258789,
        "translation_rmse_100": 28.93182373046875,
        "t_final": [
          [
            [
              0.99609375,
              -0.08843994140625,
              0.007488250732421875,
              0.02331939898431301
            ],
            [
              0.08575439453125,
              0.98095703125,
              0.1741943359375,
              0.12185697257518768
            ],
            [
              -0.0227508544921875,
              -0.1728515625,
              0.98486328125,
              0.3293100595474243
            ]
          ]
        ]
      },
      {
        "psnr": 10.410940170288086,
        "distortion": 0.09844169020652771,
        "rotation_rmse": 34.382469177246094,
        "translation_rmse_100": 42.56218338012695,
        "t_final": [
          [
            [
              0.98876953125,
              -0.143798828125,
              0.035430908203125,
              -0.06422575563192368
            ],
            [
              0.13134765625,
              0.9619140625,
              0.2388916015625,
              -0.023169033229351044
            ],
            [
              -0.06842041015625,
              -0.231689453125,
              0.97021484375,
              0.6524626612663269
            ]
          ]
        ]
      },
      {
        "psnr": 12.62279987335205,
        "distortion": 0.15087591111660004,
        "rotation_rmse": 10.668414115905762,
        "translation_rmse_100": 11.985405921936035,
        "t_final": [
          [
            [
              0.89794921875,
              -0.1412353515625,
              0.416259765625,
              -0.14676806330680847
            ],
            [
              0.3193359375,
              0.8603515625,
              -0.397216796875,
              0.33803480863571167
            ],
            [
              -0.302001953125,
              0.48974609375,
              0.81787109375,
              0.07696884870529175
            ]
          ]
        ]
      },
      {
        "psnr": 10.801314353942871,
        "distortion": 0.1142563670873642,
        "rotation_rmse": 39.8455924987793,
        "translation_rmse_100": 35.62110900878906,
        "t_final": [
          [
            [
              0.978515625,
              -0.20556640625,
              -0.00022459030151367188,
              0.04042317345738411
            ],
            [
              0.1881103515625,
              0.89453125,
              0.4052734375,
              0.6731465458869934
            ],
            [
              -0.08306884765625,
              -0.396728515625,
              0.9140625,
              0.4024210274219513
            ]
          ]
        ]
      },
      {
        "psnr": 10.694541931152344,
        "distortion": 0.09556165337562561,
        "rotation_rmse": 34.30997848510742,
        "translation_rmse_100": 19.359132766723633,
        "t_final": [
          [
            [
              0.9736328125,
              -0.223388671875,
              0.04736328125,
              -0.21440334618091583
            ],
            [
              0.204833984375,
              0.94580078125,
              0.25146484375,
              0.10006210952997208
            ],
            [
              -0.10101318359375,
              -0.235107421875,
              0.966796875,
              0.27366796135902405
            ]
          ]
        ]
      }
    ]
  }
}