{
  "trex_0_100_even_odd": {
    "best": {
      "psnr": 26.954816818237305,
      "distortion": 0.016109172254800797,
      "rotation_rmse": 0.034959759563207626,
      "translation_rmse_100": 0.271950900554657,
      "t_final": [
        [
          [
            0.61572265625,
            -0.355712890625,
            0.703125,
            0.044647347182035446
          ],
          [
            0.399658203125,
            0.90966796875,
            0.11016845703125,
            -0.17179745435714722
          ],
          [
            -0.67919921875,
            0.2130126953125,
            0.70263671875,
            -0.17248199880123138
          ]
        ]
      ]
    },
    "stats_list": [
      {
        "psnr": 26.949764251708984,
        "distortion": 0.016125425696372986,
        "rotation_rmse": 0.031001396477222443,
        "translation_rmse_100": 0.27562057971954346,
        "t_final": [
          [
            [
              0.61572265625,
              -0.355712890625,
              0.703125,
              0.04459630697965622
            ],
            [
              0.399658203125,
              0.90966796875,
              0.11029052734375,
              -0.1716136634349823
            ],
            [
              -0.67919921875,
              0.212890625,
              0.70263671875,
              -0.1724999099969864
            ]
          ]
        ]
      },
      {
        "psnr": 10.252840042114258,
        "distortion": 0.02577872946858406,
        "rotation_rmse": 9.825334548950195,
        "translation_rmse_100": 29.665565490722656,
        "t_final": [
          [
            [
              0.76171875,
              -0.08551025390625,
              0.64208984375,
              -0.2066219598054886
            ],
            [
              0.2340087890625,
              0.96044921875,
              -0.149658203125,
              0.2562966048717499
            ],
            [
              -0.60400390625,
              0.26416015625,
              0.751953125,
              -0.29477378726005554
            ]
          ]
        ]
      },
      {
        "psnr": 26.946401596069336,
        "distortion": 0.01638880930840969,
        "rotation_rmse": 0.020312970504164696,
        "translation_rmse_100": 0.2621709108352661,
        "t_final": [
          [
            [
              0.61572265625,
              -0.355712890625,
              0.703125,
              0.04479915276169777
            ],
            [
              0.3994140625,
              0.91015625,
              0.1103515625,
              -0.17187388241291046
            ],
            [
              -0.67919921875,
              0.212890625,
              0.70263671875,
              -0.1722937822341919
            ]
          ]
        ]
      },
      {
        "psnr": 26.83268928527832,
        "distortion": 0.016347240656614304,
        "rotation_rmse": 0.033712033182382584,
        "translation_rmse_100": 0.2696824073791504,
        "t_final": [
          [
            [
              0.61572265625,
              -0.355712890625,
              0.703125,
              0.044692181050777435
            ],
            [
              0.399658203125,
              0.90966796875,
              0.1102294921875,
              -0.1716785430908203
            ],
            [
              -0.6787109375,
              0.213134765625,
              0.70263671875,
              -0.17247049510478973
            ]
          ]
        ]
      },
      {
        "psnr": 10.70309066772461,
        "distortion": 0.19679300487041473,
        "rotation_rmse": 21.98813247680664,
        "translation_rmse_100": 40.640743255615234,
        "t_final": [
          [
            [
              0.66845703125,
              -0.040924072265625,
              0.74267578125,
              0.6737287640571594
            ],
            [
              0.52490234375,
              0.73388671875,
              -0.431640625,
              0.1319471299648285
            ],
            [
              -0.52734375,
              0.67822265625,
              0.51171875,
              -0.2871026396751404
            ]
          ]
        ]
      },
      {
        "psnr": 26.954816818237305,
        "distortion": 0.016109172254800797,
        "rotation_rmse": 0.034959759563207626,
        "translation_rmse_100": 0.271950900554657,
        "t_final": [
          [
            [
              0.61572265625,
              -0.355712890625,
              0.703125,
              0.044647347182035446
            ],
            [
              0.399658203125,
              0.90966796875,
              0.11016845703125,
              -0.17179745435714722
            ],
            [
              -0.67919921875,
              0.2130126953125,
              0.70263671875,
              -0.17248199880123138
            ]
          ]
        ]
      },
      {
        "psnr": 11.107243537902832,
        "distortion": 0.023474296554923058,
        "rotation_rmse": 18.424747467041016,
        "translation_rmse_100": 17.06332778930664,
        "t_final": [
          [
            [
              0.82666015625,
              -0.224853515625,
              0.51611328125,
              -0.20321723818778992
            ],
            [
              0.4658203125,
              0.7880859375,
              -0.402587890625,
              -0.03727544844150543
            ],
            [
              -0.31591796875,
              0.5732421875,
              0.755859375,
              -0.24561811983585358
            ]
          ]
        ]
      },
      {
        "psnr": 12.352806091308594,
        "distortion": 0.06545723229646683,
        "rotation_rmse": 30.8446044921875,
        "translation_rmse_100": 23.528162002563477,
        "t_final": [
          [
            [
              0.95166015625,
              -0.262939453125,
              0.158203125,
              -0.01466628722846508
            ],
            [
              0.302734375,
              0.72021484375,
              -0.6240234375,
              0.16671709716320038
            ],
            [
              0.050140380859375,
              0.64208984375,
              0.76513671875,
              -0.38938239216804504
            ]
          ]
        ]
      },
      {
        "psnr": 26.844736099243164,
        "distortion": 0.016171574592590332,
        "rotation_rmse": 0.023783497512340546,
        "translation_rmse_100": 0.2807806134223938,
        "t_final": [
          [
            [
              0.61572265625,
              -0.355712890625,
              0.703125,
              0.04448361322283745
            ],
            [
              0.399658203125,
              0.91015625,
              0.11041259765625,
              -0.17190781235694885
            ],
            [
              -0.67919921875,
              0.2127685546875,
              0.70263671875,
              -0.1724081039428711
            ]
          ]
        ]
      },
      {
        "psnr": 10.233298301696777,
        "distortion": 0.04065191373229027,
        "rotation_rmse": 15.501270294189453,
        "translation_rmse_100": 15.225625038146973,
        "t_final": [
          [
            [
              0.681640625,
              -0.44970703125,
              0.57763671875,
              0.22659920156002045
            ],
            [
              0.63134765625,
              0.76025390625,
              -0.15283203125,
              0.022412313148379326
            ],
            [
              -0.37060546875,
              0.468505859375,
              0.8017578125,
              -0.15387147665023804
            ]
          ]
        ]
      }
    ]
  }
}