{
  "horns_50_50": {
    "best": {
      "psnr": 26.760290145874023,
      "distortion": 0.013290680944919586,
      "rotation_rmse": 0.008547305129468441,
      "translation_rmse_100": 0.1310214400291443,
      "t_final": [
        [
          [
            0.6162109375,
            -0.355224609375,
            0.703125,
            0.047084126621484756
          ],
          [
            0.39892578125,
            0.91015625,
            0.1099853515625,
            -0.17223145067691803
          ],
          [
            -0.67919921875,
            0.2125244140625,
            0.70263671875,
            -0.17177587747573853
          ]
        ]
      ]
    },
    "stats_list": [
      {
        "psnr": 11.352819442749023,
        "distortion": 0.20650604367256165,
        "rotation_rmse": 27.293292999267578,
        "translation_rmse_100": 54.38222885131836,
        "t_final": [
          [
            [
              0.845703125,
              -0.0770263671875,
              0.52783203125,
              0.40208899974823
            ],
            [
              -0.034912109375,
              0.9794921875,
              0.1988525390625,
              0.7008731961250305
            ],
            [
              -0.5322265625,
              -0.1866455078125,
              0.82568359375,
              -0.20195633172988892
            ]
          ]
        ]
      },
      {
        "psnr": 11.587244987487793,
        "distortion": 0.23161032795906067,
        "rotation_rmse": 19.417028427124023,
        "translation_rmse_100": 67.3863754272461,
        "t_final": [
          [
            [
              0.857421875,
              -0.143798828125,
              0.494384765625,
              1.1775749921798706
            ],
            [
              0.1146240234375,
              0.9892578125,
              0.08905029296875,
              -0.1733415275812149
            ],
            [
              -0.501953125,
              -0.019622802734375,
              0.86474609375,
              0.12688995897769928
            ]
          ]
        ]
      },
      {
        "psnr": 26.726097106933594,
        "distortion": 0.013347326777875423,
        "rotation_rmse": 0.03824462369084358,
        "translation_rmse_100": 0.1413862705230713,
        "t_final": [
          [
            [
              0.61669921875,
              -0.355224609375,
              0.70263671875,
              0.04693925008177757
            ],
            [
              0.39892578125,
              0.91064453125,
              0.11004638671875,
              -0.17233136296272278
            ],
            [
              -0.6787109375,
              0.21240234375,
              0.70263671875,
              -0.17159177362918854
            ]
          ]
        ]
      },
      {
        "psnr": 12.116307258605957,
        "distortion": 0.139492928981781,
        "rotation_rmse": 12.162385940551758,
        "translation_rmse_100": 35.56245040893555,
        "t_final": [
          [
            [
              0.8330078125,
              -0.308349609375,
              0.45947265625,
              0.5948542356491089
            ],
            [
              0.3515625,
              0.93603515625,
              -0.00922393798828125,
              -0.06303374469280243
            ],
            [
              -0.42724609375,
              0.169189453125,
              0.88818359375,
              0.0924537256360054
            ]
          ]
        ]
      },
      {
        "psnr": 11.930631637573242,
        "distortion": 0.17780281603336334,
        "rotation_rmse": 16.927772521972656,
        "translation_rmse_100": 37.79448318481445,
        "t_final": [
          [
            [
              0.89892578125,
              -0.27392578125,
              0.341552734375,
              0.5978597402572632
            ],
            [
              0.31298828125,
              0.94775390625,
              -0.06414794921875,
              -0.10996062308549881
            ],
            [
              -0.305908203125,
              0.16455078125,
              0.9375,
              0.17984016239643097
            ]
          ]
        ]
      },
      {
        "psnr": 11.483405113220215,
        "distortion": 0.21333158016204834,
        "rotation_rmse": 15.090391159057617,
        "translation_rmse_100": 61.97922134399414,
        "t_final": [
          [
            [
              0.86767578125,
              -0.301025390625,
              0.39501953125,
              0.3623735308647156
            ],
            [
              0.318603515625,
              0.94775390625,
              0.0218505859375,
              0.8517555594444275
            ],
            [
              -0.381103515625,
              0.10699462890625,
              0.91845703125,
              -0.09216538071632385
            ]
          ]
        ]
      },
      {
        "psnr": 11.393623352050781,
        "distortion": 0.2000035047531128,
        "rotation_rmse": 16.700315475463867,
        "translation_rmse_100": 39.83565139770508,
        "t_final": [
          [
            [
              0.8828125,
              -0.333984375,
              0.330322265625,
              0.5111266374588013
            ],
            [
              0.3828125,
              0.9189453125,
              -0.09393310546875,
              0.033567242324352264
            ],
            [
              -0.272216796875,
              0.2093505859375,
              0.93896484375,
              0.2976277470588684
            ]
          ]
        ]
      },
      {
        "psnr": 11.935976028442383,
        "distortion": 0.16253745555877686,
        "rotation_rmse": 15.541727066040039,
        "translation_rmse_100": 36.94193649291992,
        "t_final": [
          [
            [
              0.88037109375,
              -0.292724609375,
              0.37353515625,
              0.6034072041511536
            ],
            [
              0.33251953125,
              0.94189453125,
              -0.04559326171875,
              -0.11555711179971695
            ],
            [
              -0.338623046875,
              0.164306640625,
              0.92626953125,
              0.14299702644348145
            ]
          ]
        ]
      },
      {
        "psnr": 26.760290145874023,
        "distortion": 0.013290680944919586,
        "rotation_rmse": 0.008547305129468441,
        "translation_rmse_100": 0.1310214400291443,
        "t_final": [
          [
            [
              0.6162109375,
              -0.355224609375,
              0.703125,
              0.047084126621484756
            ],
            [
              0.39892578125,
              0.91015625,
              0.1099853515625,
              -0.17223145067691803
            ],
            [
              -0.67919921875,
              0.2125244140625,
              0.70263671875,
              -0.17177587747573853
            ]
          ]
        ]
      },
      {
        "psnr": 12.043072700500488,
        "distortion": 0.17306815087795258,
        "rotation_rmse": 14.781928062438965,
        "translation_rmse_100": 40.92823791503906,
        "t_final": [
          [
            [
              0.87939453125,
              -0.2359619140625,
              0.41357421875,
              0.6655913591384888
            ],
            [
              0.30517578125,
              0.94580078125,
              -0.10931396484375,
              -0.18308992683887482
            ],
            [
              -0.365234375,
              0.2222900390625,
              0.90380859375,
              0.17818868160247803
            ]
          ]
        ]
      }
    ]
  }
}