{
  "horns_30_70_even_odd": {
    "best": {
      "psnr": 11.479965209960938,
      "distortion": 0.22924107313156128,
      "rotation_rmse": 14.337759017944336,
      "translation_rmse_100": 60.41148376464844,
      "t_final": [
        [
          [
            0.9560546875,
            -0.1856689453125,
            0.2259521484375,
            0.8962264657020569
          ],
          [
            0.242919921875,
            0.93408203125,
            -0.2607421875,
            0.0850539281964302
          ],
          [
            -0.1627197265625,
            0.30419921875,
            0.9384765625,
            0.21982912719249725
          ]
        ]
      ]
    },
    "stats_list": [
      {
        "psnr": 11.386677742004395,
        "distortion": 0.18512247502803802,
        "rotation_rmse": 21.36178207397461,
        "translation_rmse_100": 30.195772171020508,
        "t_final": [
          [
            [
              0.9599609375,
              -0.277099609375,
              0.0426025390625,
              0.34852784872055054
            ],
            [
              0.2744140625,
              0.89697265625,
              -0.346923828125,
              0.14684945344924927
            ],
            [
              0.058013916015625,
              0.3447265625,
              0.93701171875,
              0.10778573155403137
            ]
          ]
        ]
      },
      {
        "psnr": 11.082267761230469,
        "distortion": 0.23746152222156525,
        "rotation_rmse": 10.05799674987793,
        "translation_rmse_100": 102.71122741699219,
        "t_final": [
          [
            [
              0.82666015625,
              0.0131683349609375,
              0.5625,
              1.0541859865188599
            ],
            [
              0.2359619140625,
              0.8994140625,
              -0.36767578125,
              -0.16711074113845825
            ],
            [
              -0.51123046875,
              0.4365234375,
              0.740234375,
              1.1305265426635742
            ]
          ]
        ]
      },
      {
        "psnr": 10.975996971130371,
        "distortion": 0.22875724732875824,
        "rotation_rmse": 9.854392051696777,
        "translation_rmse_100": 87.9286880493164,
        "t_final": [
          [
            [
              0.734375,
              0.12298583984375,
              0.66748046875,
              1.0950874090194702
            ],
            [
              0.1617431640625,
              0.92333984375,
              -0.34814453125,
              -0.20680339634418488
            ],
            [
              -0.6591796875,
              0.36376953125,
              0.658203125,
              0.7161808013916016
            ]
          ]
        ]
      },
      {
        "psnr": 10.932003021240234,
        "distortion": 0.20820271968841553,
        "rotation_rmse": 8.396142959594727,
        "translation_rmse_100": 74.04618835449219,
        "t_final": [
          [
            [
              0.9111328125,
              0.0284881591796875,
              0.410888671875,
              0.8327809572219849
            ],
            [
              0.158447265625,
              0.896484375,
              -0.413330078125,
              0.19268885254859924
            ],
            [
              -0.380126953125,
              0.44189453125,
              0.8125,
              0.6964284181594849
            ]
          ]
        ]
      },
      {
        "psnr": 11.08930492401123,
        "distortion": 0.2268066257238388,
        "rotation_rmse": 5.483310699462891,
        "translation_rmse_100": 86.07392883300781,
        "t_final": [
          [
            [
              0.84423828125,
              0.13623046875,
              0.51806640625,
              0.8849594593048096
            ],
            [
              -0.0274810791015625,
              0.97705078125,
              -0.2120361328125,
              -0.3622051179409027
            ],
            [
              -0.53466796875,
              0.164794921875,
              0.82861328125,
              0.8201886415481567
            ]
          ]
        ]
      },
      {
        "psnr": 11.137382507324219,
        "distortion": 0.2121928483247757,
        "rotation_rmse": 8.903729438781738,
        "translation_rmse_100": 82.12782287597656,
        "t_final": [
          [
            [
              0.94140625,
              -0.06597900390625,
              0.330810546875,
              0.9038494229316711
            ],
            [
              0.151611328125,
              0.958984375,
              -0.2398681640625,
              0.24714317917823792
            ],
            [
              -0.301513671875,
              0.27587890625,
              0.91259765625,
              0.816676139831543
            ]
          ]
        ]
      },
      {
        "psnr": 10.871618270874023,
        "distortion": 0.2190781980752945,
        "rotation_rmse": 16.75533676147461,
        "translation_rmse_100": 49.13025665283203,
        "t_final": [
          [
            [
              0.9736328125,
              -0.1800537109375,
              0.1416015625,
              0.5401121973991394
            ],
            [
              0.1917724609375,
              0.978515625,
              -0.07421875,
              0.12169791013002396
            ],
            [
              -0.125244140625,
              0.09942626953125,
              0.9873046875,
              0.3813885450363159
            ]
          ]
        ]
      },
      {
        "psnr": 10.884778022766113,
        "distortion": 0.22226282954216003,
        "rotation_rmse": 9.347054481506348,
        "translation_rmse_100": 61.309783935546875,
        "t_final": [
          [
            [
              0.85498046875,
              -0.11669921875,
              0.50537109375,
              0.5190741419792175
            ],
            [
              0.139892578125,
              0.990234375,
              -0.00783538818359375,
              0.07889694720506668
            ],
            [
              -0.499755859375,
              0.077392578125,
              0.86279296875,
              0.6615138053894043
            ]
          ]
        ]
      },
      {
        "psnr": 11.022076606750488,
        "distortion": 0.19757023453712463,
        "rotation_rmse": 16.334012985229492,
        "translation_rmse_100": 41.06986618041992,
        "t_final": [
          [
            [
              0.9794921875,
              -0.142578125,
              0.1416015625,
              0.5507526993751526
            ],
            [
              0.1546630859375,
              0.98486328125,
              -0.0791015625,
              0.142139732837677
            ],
            [
              -0.128173828125,
              0.099365234375,
              0.98681640625,
              0.15269717574119568
            ]
          ]
        ]
      },
      {
        "psnr": 11.479965209960938,
        "distortion": 0.22924107313156128,
        "rotation_rmse": 14.337759017944336,
        "translation_rmse_100": 60.41148376464844,
        "t_final": [
          [
            [
              0.9560546875,
              -0.1856689453125,
              0.2259521484375,
              0.8962264657020569
            ],
            [
              0.242919921875,
              0.93408203125,
              -0.2607421875,
              0.0850539281964302
            ],
            [
              -0.1627197265625,
              0.30419921875,
              0.9384765625,
              0.21982912719249725
            ]
          ]
        ]
      }
    ]
  }
}