{
  "trex_30_70_even_odd": {
    "best": {
      "psnr": 11.580941200256348,
      "distortion": 0.1854170560836792,
      "rotation_rmse": 5.944444179534912,
      "translation_rmse_100": 66.40853881835938,
      "t_final": [
        [
          [
            0.8388671875,
            -0.11712646484375,
            0.53125,
            0.36488261818885803
          ],
          [
            0.301513671875,
            0.9130859375,
            -0.274658203125,
            -0.02382262423634529
          ],
          [
            -0.453125,
            0.390869140625,
            0.80126953125,
            0.7750896215438843
          ]
        ]
      ]
    },
    "stats_list": [
      {
        "psnr": 11.33488941192627,
        "distortion": 0.17729727923870087,
        "rotation_rmse": 22.62006950378418,
        "translation_rmse_100": 40.2786979675293,
        "t_final": [
          [
            [
              0.94970703125,
              -0.0526123046875,
              0.309326171875,
              0.029591450467705727
            ],
            [
              0.067626953125,
              0.9970703125,
              -0.03802490234375,
              -0.28983446955680847
            ],
            [
              -0.306396484375,
              0.057037353515625,
              0.9501953125,
              0.40319767594337463
            ]
          ]
        ]
      },
      {
        "psnr": 11.209044456481934,
        "distortion": 0.1821313202381134,
        "rotation_rmse": 28.770675659179688,
        "translation_rmse_100": 41.55828857421875,
        "t_final": [
          [
            [
              0.94970703125,
              -0.09527587890625,
              0.298583984375,
              0.20020920038223267
            ],
            [
              0.046966552734375,
              0.9853515625,
              0.1649169921875,
              -0.07681116461753845
            ],
            [
              -0.309814453125,
              -0.142578125,
              0.93994140625,
              0.36598777770996094
            ]
          ]
        ]
      },
      {
        "psnr": 11.263200759887695,
        "distortion": 0.181012824177742,
        "rotation_rmse": 24.35117530822754,
        "translation_rmse_100": 46.743324279785156,
        "t_final": [
          [
            [
              0.8388671875,
              -0.260986328125,
              0.477783203125,
              0.33705100417137146
            ],
            [
              0.1826171875,
              0.9619140625,
              0.20458984375,
              -0.05118585750460625
            ],
            [
              -0.5126953125,
              -0.0843505859375,
              0.8544921875,
              0.36227256059646606
            ]
          ]
        ]
      },
      {
        "psnr": 11.430459976196289,
        "distortion": 0.19371859729290009,
        "rotation_rmse": 5.561795711517334,
        "translation_rmse_100": 61.82379150390625,
        "t_final": [
          [
            [
              0.8154296875,
              -0.185546875,
              0.54833984375,
              0.27190929651260376
            ],
            [
              0.3603515625,
              0.90380859375,
              -0.2301025390625,
              0.07285533845424652
            ],
            [
              -0.453125,
              0.38525390625,
              0.8037109375,
              0.728166937828064
            ]
          ]
        ]
      },
      {
        "psnr": 11.20442008972168,
        "distortion": 0.16430674493312836,
        "rotation_rmse": 24.38156509399414,
        "translation_rmse_100": 30.522098541259766,
        "t_final": [
          [
            [
              0.93310546875,
              -0.08551025390625,
              0.348876953125,
              -0.07433687895536423
            ],
            [
              0.07244873046875,
              0.99609375,
              0.050384521484375,
              -0.1662631332874298
            ],
            [
              -0.351806640625,
              -0.021759033203125,
              0.93603515625,
              0.29229357838630676
            ]
          ]
        ]
      },
      {
        "psnr": 11.226062774658203,
        "distortion": 0.20538833737373352,
        "rotation_rmse": 22.901702880859375,
        "translation_rmse_100": 56.81433868408203,
        "t_final": [
          [
            [
              0.97900390625,
              0.1820068359375,
              0.09375,
              0.27601367235183716
            ],
            [
              -0.12890625,
              0.9033203125,
              -0.40869140625,
              -0.32325413823127747
            ],
            [
              -0.1590576171875,
              0.387939453125,
              0.90771484375,
              0.595728874206543
            ]
          ]
        ]
      },
      {
        "psnr": 11.580941200256348,
        "distortion": 0.1854170560836792,
        "rotation_rmse": 5.944444179534912,
        "translation_rmse_100": 66.40853881835938,
        "t_final": [
          [
            [
              0.8388671875,
              -0.11712646484375,
              0.53125,
              0.36488261818885803
            ],
            [
              0.301513671875,
              0.9130859375,
              -0.274658203125,
              -0.02382262423634529
            ],
            [
              -0.453125,
              0.390869140625,
              0.80126953125,
              0.7750896215438843
            ]
          ]
        ]
      },
      {
        "psnr": 11.287035942077637,
        "distortion": 0.1947811245918274,
        "rotation_rmse": 11.725924491882324,
        "translation_rmse_100": 55.630638122558594,
        "t_final": [
          [
            [
              0.8056640625,
              -0.239013671875,
              0.5419921875,
              0.5430368185043335
            ],
            [
              0.319091796875,
              0.94580078125,
              -0.057373046875,
              -0.1067921370267868
            ],
            [
              -0.4990234375,
              0.2191162109375,
              0.83837890625,
              0.35185015201568604
            ]
          ]
        ]
      },
      {
        "psnr": 11.30926513671875,
        "distortion": 0.19793589413166046,
        "rotation_rmse": 20.692272186279297,
        "translation_rmse_100": 64.69847106933594,
        "t_final": [
          [
            [
              0.9951171875,
              0.03033447265625,
              0.09173583984375,
              0.42709970474243164
            ],
            [
              0.00868988037109375,
              0.91748046875,
              -0.397705078125,
              -0.4037858247756958
            ],
            [
              -0.09625244140625,
              0.396484375,
              0.9130859375,
              0.6319616436958313
            ]
          ]
        ]
      },
      {
        "psnr": 11.329930305480957,
        "distortion": 0.1653374433517456,
        "rotation_rmse": 23.405517578125,
        "translation_rmse_100": 30.978923797607422,
        "t_final": [
          [
            [
              0.88623046875,
              -0.15283203125,
              0.43701171875,
              0.0570516474545002
            ],
            [
              0.12213134765625,
              0.98779296875,
              0.09765625,
              -0.03118644654750824
            ],
            [
              -0.446533203125,
              -0.033233642578125,
              0.89404296875,
              0.24263639748096466
            ]
          ]
        ]
      }
    ]
  }
}