{
  "horns_0_100_even_odd": {
    "best": {
      "psnr": 11.215332984924316,
      "distortion": 0.22378697991371155,
      "rotation_rmse": 23.413469314575195,
      "translation_rmse_100": 72.01051330566406,
      "t_final": [
        [
          [
            0.94287109375,
            -0.3330078125,
            -0.0177154541015625,
            0.7119871973991394
          ],
          [
            0.328369140625,
            0.9365234375,
            -0.12432861328125,
            0.18548505008220673
          ],
          [
            0.058013916015625,
            0.11138916015625,
            0.9921875,
            0.7529976963996887
          ]
        ]
      ]
    },
    "stats_list": [
      {
        "psnr": 10.882290840148926,
        "distortion": 0.23849701881408691,
        "rotation_rmse": 17.818038940429688,
        "translation_rmse_100": 66.26768493652344,
        "t_final": [
          [
            [
              0.9033203125,
              -0.331298828125,
              0.271728515625,
              0.7304996252059937
            ],
            [
              0.399169921875,
              0.88134765625,
              -0.252685546875,
              0.032862525433301926
            ],
            [
              -0.1556396484375,
              0.3369140625,
              0.9287109375,
              0.604238748550415
            ]
          ]
        ]
      },
      {
        "psnr": 11.023767471313477,
        "distortion": 0.23182150721549988,
        "rotation_rmse": 16.972959518432617,
        "translation_rmse_100": 63.61511993408203,
        "t_final": [
          [
            [
              0.97021484375,
              -0.2060546875,
              0.1287841796875,
              0.7570080757141113
            ],
            [
              0.2261962890625,
              0.95947265625,
              -0.16845703125,
              -0.008763430640101433
            ],
            [
              -0.08892822265625,
              0.1925048828125,
              0.97705078125,
              0.5066037774085999
            ]
          ]
        ]
      },
      {
        "psnr": 10.776784896850586,
        "distortion": 0.2432929128408432,
        "rotation_rmse": 16.397979736328125,
        "translation_rmse_100": 71.66014099121094,
        "t_final": [
          [
            [
              0.9521484375,
              -0.2188720703125,
              0.2137451171875,
              0.7168910503387451
            ],
            [
              0.28271484375,
              0.89599609375,
              -0.34228515625,
              0.26535922288894653
            ],
            [
              -0.11663818359375,
              0.38623046875,
              0.9150390625,
              0.7336446642875671
            ]
          ]
        ]
      },
      {
        "psnr": 10.780625343322754,
        "distortion": 0.22937068343162537,
        "rotation_rmse": 10.445054054260254,
        "translation_rmse_100": 64.41181182861328,
        "t_final": [
          [
            [
              0.95068359375,
              -0.09100341796875,
              0.29638671875,
              0.5962080955505371
            ],
            [
              0.1729736328125,
              0.94921875,
              -0.263427734375,
              0.27078932523727417
            ],
            [
              -0.25732421875,
              0.3017578125,
              0.91796875,
              0.6651525497436523
            ]
          ]
        ]
      },
      {
        "psnr": 10.787230491638184,
        "distortion": 0.23603518307209015,
        "rotation_rmse": 8.497820854187012,
        "translation_rmse_100": 66.07745361328125,
        "t_final": [
          [
            [
              0.92236328125,
              -0.0728759765625,
              0.379638671875,
              0.75038743019104
            ],
            [
              0.189453125,
              0.94140625,
              -0.279541015625,
              0.23553210496902466
            ],
            [
              -0.3369140625,
              0.329833984375,
              0.8818359375,
              0.57957524061203
            ]
          ]
        ]
      },
      {
        "psnr": 11.008146286010742,
        "distortion": 0.2235957384109497,
        "rotation_rmse": 20.237911224365234,
        "translation_rmse_100": 58.324806213378906,
        "t_final": [
          [
            [
              0.9833984375,
              -0.1815185546875,
              0.0198211669921875,
              0.5726329684257507
            ],
            [
              0.1824951171875,
              0.97900390625,
              -0.0902099609375,
              0.07916732877492905
            ],
            [
              -0.0030345916748046875,
              0.09234619140625,
              0.99560546875,
              0.5612215995788574
            ]
          ]
        ]
      },
      {
        "psnr": 10.950020790100098,
        "distortion": 0.23749861121177673,
        "rotation_rmse": 18.098194122314453,
        "translation_rmse_100": 81.35723114013672,
        "t_final": [
          [
            [
              0.88427734375,
              -0.08880615234375,
              0.45849609375,
              1.136184811592102
            ],
            [
              0.3486328125,
              0.77880859375,
              -0.521484375,
              -0.3314415514469147
            ],
            [
              -0.310546875,
              0.62109375,
              0.7197265625,
              0.3799745440483093
            ]
          ]
        ]
      },
      {
        "psnr": 10.849055290222168,
        "distortion": 0.23369114100933075,
        "rotation_rmse": 6.143265247344971,
        "translation_rmse_100": 63.66581344604492,
        "t_final": [
          [
            [
              0.89599609375,
              0.0765380859375,
              0.43701171875,
              0.7891290187835693
            ],
            [
              0.11767578125,
              0.90869140625,
              -0.400390625,
              -0.2271532118320465
            ],
            [
              -0.427734375,
              0.410400390625,
              0.80517578125,
              0.39126527309417725
            ]
          ]
        ]
      },
      {
        "psnr": 10.476387023925781,
        "distortion": 0.22122548520565033,
        "rotation_rmse": 11.06860637664795,
        "translation_rmse_100": 51.92014694213867,
        "t_final": [
          [
            [
              0.96533203125,
              0.09393310546875,
              0.2430419921875,
              0.20022082328796387
            ],
            [
              -0.0455322265625,
              0.97900390625,
              -0.19775390625,
              -0.08929150551557541
            ],
            [
              -0.256591796875,
              0.179931640625,
              0.94970703125,
              0.6000572443008423
            ]
          ]
        ]
      },
      {
        "psnr": 11.215332984924316,
        "distortion": 0.22378697991371155,
        "rotation_rmse": 23.413469314575195,
        "translation_rmse_100": 72.01051330566406,
        "t_final": [
          [
            [
              0.94287109375,
              -0.3330078125,
              -0.0177154541015625,
              0.7119871973991394
            ],
            [
              0.328369140625,
              0.9365234375,
              -0.12432861328125,
              0.18548505008220673
            ],
            [
              0.058013916015625,
              0.11138916015625,
              0.9921875,
              0.7529976963996887
            ]
          ]
        ]
      }
    ]
  }
}