{
  "fern_30_70_even_odd": {
    "best": {
      "psnr": 25.012990951538086,
      "distortion": 0.017217915505170822,
      "rotation_rmse": 0.022499511018395424,
      "translation_rmse_100": 0.16465139389038086,
      "t_final": [
        [
          [
            0.61572265625,
            -0.355224609375,
            0.70361328125,
            0.04662371799349785
          ],
          [
            0.399169921875,
            0.91015625,
            0.1104736328125,
            -0.17114417254924774
          ],
          [
            -0.6796875,
            0.2127685546875,
            0.7021484375,
            -0.17169195413589478
          ]
        ]
      ]
    },
    "stats_list": [
      {
        "psnr": 10.043777465820312,
        "distortion": 0.07804227620363235,
        "rotation_rmse": 32.78138732910156,
        "translation_rmse_100": 14.284424781799316,
        "t_final": [
          [
            [
              1.0,
              -0.00997161865234375,
              -0.010009765625,
              -0.008920611813664436
            ],
            [
              0.010040283203125,
              1.0,
              0.00653076171875,
              0.005380135029554367
            ],
            [
              0.00994110107421875,
              -0.00662994384765625,
              1.0,
              -0.009645149111747742
            ]
          ]
        ]
      },
      {
        "psnr": 11.147886276245117,
        "distortion": 0.0469859279692173,
        "rotation_rmse": 33.58243942260742,
        "translation_rmse_100": 8.826876640319824,
        "t_final": [
          [
            [
              0.9990234375,
              -0.004535675048828125,
              -0.04364013671875,
              0.002772417850792408
            ],
            [
              0.004039764404296875,
              1.0,
              -0.011474609375,
              -0.042592618614435196
            ],
            [
              0.043701171875,
              0.01129150390625,
              0.9990234375,
              -0.10519907623529434
            ]
          ]
        ]
      },
      {
        "psnr": 11.275200843811035,
        "distortion": 0.04058654233813286,
        "rotation_rmse": 28.85973358154297,
        "translation_rmse_100": 17.62228775024414,
        "t_final": [
          [
            [
              0.99365234375,
              -0.0088348388671875,
              0.11236572265625,
              -0.1538023203611374
            ],
            [
              0.017364501953125,
              0.9970703125,
              -0.07513427734375,
              0.05556337535381317
            ],
            [
              -0.11138916015625,
              0.07666015625,
              0.99072265625,
              -0.1610373556613922
            ]
          ]
        ]
      },
      {
        "psnr": 10.16474437713623,
        "distortion": 0.0774737074971199,
        "rotation_rmse": 33.10912322998047,
        "translation_rmse_100": 13.825063705444336,
        "t_final": [
          [
            [
              1.0,
              0.00998687744140625,
              -0.00848388671875,
              -0.003304474288597703
            ],
            [
              -0.00994873046875,
              1.0,
              0.004863739013671875,
              -0.004318128805607557
            ],
            [
              0.0085296630859375,
              -0.004779815673828125,
              1.0,
              -0.009351808577775955
            ]
          ]
        ]
      },
      {
        "psnr": 11.153289794921875,
        "distortion": 0.08925836533308029,
        "rotation_rmse": 36.507110595703125,
        "translation_rmse_100": 28.168163299560547,
        "t_final": [
          [
            [
              0.98681640625,
              0.09521484375,
              -0.1314697265625,
              -0.34261882305145264
            ],
            [
              -0.12347412109375,
              0.9658203125,
              -0.2274169921875,
              -0.4105153977870941
            ],
            [
              0.1053466796875,
              0.2406005859375,
              0.96484375,
              -0.3378831148147583
            ]
          ]
        ]
      },
      {
        "psnr": 25.012990951538086,
        "distortion": 0.017217915505170822,
        "rotation_rmse": 0.022499511018395424,
        "translation_rmse_100": 0.16465139389038086,
        "t_final": [
          [
            [
              0.61572265625,
              -0.355224609375,
              0.70361328125,
              0.04662371799349785
            ],
            [
              0.399169921875,
              0.91015625,
              0.1104736328125,
              -0.17114417254924774
            ],
            [
              -0.6796875,
              0.2127685546875,
              0.7021484375,
              -0.17169195413589478
            ]
          ]
        ]
      },
      {
        "psnr": 10.180801391601562,
        "distortion": 0.07184889167547226,
        "rotation_rmse": 33.57320022583008,
        "translation_rmse_100": 13.50110149383545,
        "t_final": [
          [
            [
              0.99951171875,
              0.01367950439453125,
              -0.019134521484375,
              -0.01176420971751213
            ],
            [
              -0.013336181640625,
              0.99951171875,
              0.017791748046875,
              -0.006249482277780771
            ],
            [
              0.019378662109375,
              -0.0175323486328125,
              0.99951171875,
              -0.018766388297080994
            ]
          ]
        ]
      },
      {
        "psnr": 10.336348533630371,
        "distortion": 0.05667739361524582,
        "rotation_rmse": 33.835205078125,
        "translation_rmse_100": 11.791379928588867,
        "t_final": [
          [
            [
              0.9990234375,
              0.034576416015625,
              -0.02734375,
              -0.023855268955230713
            ],
            [
              -0.035064697265625,
              0.9990234375,
              -0.01763916015625,
              -0.033253807574510574
            ],
            [
              0.0267181396484375,
              0.0185699462890625,
              0.99951171875,
              -0.04120862856507301
            ]
          ]
        ]
      },
      {
        "psnr": 10.561870574951172,
        "distortion": 0.06608351320028305,
        "rotation_rmse": 34.641456604003906,
        "translation_rmse_100": 13.111059188842773,
        "t_final": [
          [
            [
              0.998046875,
              0.0418701171875,
              -0.0501708984375,
              0.044643741101026535
            ],
            [
              -0.04229736328125,
              0.9990234375,
              -0.0071563720703125,
              -0.010473144240677357
            ],
            [
              0.049835205078125,
              0.0092620849609375,
              0.99853515625,
              -0.012440521270036697
            ]
          ]
        ]
      },
      {
        "psnr": 10.15666389465332,
        "distortion": 0.07976637035608292,
        "rotation_rmse": 33.129302978515625,
        "translation_rmse_100": 15.203393936157227,
        "t_final": [
          [
            [
              1.0,
              0.01421356201171875,
              -0.013397216796875,
              0.01365468930453062
            ],
            [
              -0.014404296875,
              1.0,
              -0.01416015625,
              0.013415294699370861
            ],
            [
              0.01319122314453125,
              0.01435089111328125,
              1.0,
              0.01155900303274393
            ]
          ]
        ]
      }
    ]
  }
}