{
  "horns_30_70_even_odd": {
    "best": {
      "psnr": 12.091475486755371,
      "distortion": 0.17796511948108673,
      "rotation_rmse": 12.639352798461914,
      "translation_rmse_100": 37.741233825683594,
      "t_final": [
        [
          [
            0.822265625,
            -0.3486328125,
            0.449462890625,
            0.6180341243743896
          ],
          [
            0.351318359375,
            0.9326171875,
            0.08050537109375,
            -0.06512817740440369
          ],
          [
            -0.447265625,
            0.09161376953125,
            0.8896484375,
            0.13209499418735504
          ]
        ]
      ]
    },
    "stats_list": [
      {
        "psnr": 11.559882164001465,
        "distortion": 0.23537829518318176,
        "rotation_rmse": 4.053524494171143,
        "translation_rmse_100": 90.39507293701172,
        "t_final": [
          [
            [
              0.6796875,
              -0.36474609375,
              0.63623046875,
              0.598077654838562
            ],
            [
              0.44091796875,
              0.896484375,
              0.0426025390625,
              -0.6060854196548462
            ],
            [
              -0.5859375,
              0.25146484375,
              0.7705078125,
              1.2286463975906372
            ]
          ]
        ]
      },
      {
        "psnr": 12.091475486755371,
        "distortion": 0.17796511948108673,
        "rotation_rmse": 12.639352798461914,
        "translation_rmse_100": 37.741233825683594,
        "t_final": [
          [
            [
              0.822265625,
              -0.3486328125,
              0.449462890625,
              0.6180341243743896
            ],
            [
              0.351318359375,
              0.9326171875,
              0.08050537109375,
              -0.06512817740440369
            ],
            [
              -0.447265625,
              0.09161376953125,
              0.8896484375,
              0.13209499418735504
            ]
          ]
        ]
      },
      {
        "psnr": 11.519458770751953,
        "distortion": 0.21511073410511017,
        "rotation_rmse": 18.9764347076416,
        "translation_rmse_100": 49.25139617919922,
        "t_final": [
          [
            [
              0.8642578125,
              -0.446044921875,
              0.2320556640625,
              0.5885667204856873
            ],
            [
              0.451171875,
              0.8916015625,
              0.033660888671875,
              -0.22788123786449432
            ],
            [
              -0.221923828125,
              0.07562255859375,
              0.97216796875,
              0.48663923144340515
            ]
          ]
        ]
      },
      {
        "psnr": 11.709327697753906,
        "distortion": 0.12621232867240906,
        "rotation_rmse": 23.620710372924805,
        "translation_rmse_100": 43.451019287109375,
        "t_final": [
          [
            [
              0.81494140625,
              -0.57373046875,
              0.08209228515625,
              -0.42141249775886536
            ],
            [
              0.57275390625,
              0.81884765625,
              0.04205322265625,
              0.35008367896080017
            ],
            [
              -0.09136962890625,
              0.01275634765625,
              0.99560546875,
              0.0967683270573616
            ]
          ]
        ]
      },
      {
        "psnr": 11.812644004821777,
        "distortion": 0.15381783246994019,
        "rotation_rmse": 19.726274490356445,
        "translation_rmse_100": 22.44957733154297,
        "t_final": [
          [
            [
              0.876953125,
              -0.428466796875,
              0.2171630859375,
              0.32390838861465454
            ],
            [
              0.41943359375,
              0.9033203125,
              0.0880126953125,
              -0.15830400586128235
            ],
            [
              -0.23388671875,
              0.01387786865234375,
              0.97216796875,
              0.10297732800245285
            ]
          ]
        ]
      },
      {
        "psnr": 11.9927396774292,
        "distortion": 0.21014627814292908,
        "rotation_rmse": 17.870832443237305,
        "translation_rmse_100": 51.06713104248047,
        "t_final": [
          [
            [
              0.76953125,
              -0.59130859375,
              0.2403564453125,
              0.7001657485961914
            ],
            [
              0.5771484375,
              0.8056640625,
              0.1348876953125,
              -0.009276553057134151
            ],
            [
              -0.2734375,
              0.034881591796875,
              0.96142578125,
              0.40444469451904297
            ]
          ]
        ]
      },
      {
        "psnr": 11.838295936584473,
        "distortion": 0.22357171773910522,
        "rotation_rmse": 18.77011489868164,
        "translation_rmse_100": 47.605472564697266,
        "t_final": [
          [
            [
              0.6865234375,
              -0.65625,
              0.313232421875,
              0.6815141439437866
            ],
            [
              0.69189453125,
              0.72216796875,
              -0.003658294677734375,
              -0.02733299322426319
            ],
            [
              -0.2237548828125,
              0.21923828125,
              0.94970703125,
              0.3372129797935486
            ]
          ]
        ]
      },
      {
        "psnr": 11.48824405670166,
        "distortion": 0.18358303606510162,
        "rotation_rmse": 28.04052734375,
        "translation_rmse_100": 29.65424919128418,
        "t_final": [
          [
            [
              0.97021484375,
              -0.237060546875,
              0.050567626953125,
              0.34104588627815247
            ],
            [
              0.230712890625,
              0.966796875,
              0.10784912109375,
              -0.22476701438426971
            ],
            [
              -0.074462890625,
              -0.09295654296875,
              0.99267578125,
              0.24743551015853882
            ]
          ]
        ]
      },
      {
        "psnr": 11.871390342712402,
        "distortion": 0.21136784553527832,
        "rotation_rmse": 21.598712921142578,
        "translation_rmse_100": 68.55134582519531,
        "t_final": [
          [
            [
              0.638671875,
              -0.70703125,
              0.3037109375,
              0.930031418800354
            ],
            [
              0.751953125,
              0.6572265625,
              -0.052642822265625,
              0.03537607938051224
            ],
            [
              -0.1624755859375,
              0.261962890625,
              0.951171875,
              0.5968593955039978
            ]
          ]
        ]
      },
      {
        "psnr": 11.914900779724121,
        "distortion": 0.2087840735912323,
        "rotation_rmse": 16.815141677856445,
        "translation_rmse_100": 49.52859115600586,
        "t_final": [
          [
            [
              0.7744140625,
              -0.544921875,
              0.32080078125,
              0.6251246929168701
            ],
            [
              0.58203125,
              0.8125,
              -0.025390625,
              0.0908450037240982
            ],
            [
              -0.246826171875,
              0.2064208984375,
              0.94677734375,
              0.40704941749572754
            ]
          ]
        ]
      }
    ]
  }
}