{
  "horns_30_70_even_odd": {
    "best": {
      "psnr": 22.676570892333984,
      "distortion": 0.019415058195590973,
      "rotation_rmse": 0.012763588689267635,
      "translation_rmse_100": 0.016859402880072594,
      "t_final": [
        [
          [
            0.85595703125,
            0.135986328125,
            0.4990234375,
            -0.04400104656815529
          ],
          [
            0.034271240234375,
            0.94775390625,
            -0.31689453125,
            0.12872594594955444
          ],
          [
            -0.51611328125,
            0.288330078125,
            0.806640625,
            -0.2377467155456543
          ]
        ]
      ]
    },
    "stats_list": [
      {
        "psnr": 11.344459533691406,
        "distortion": 0.21442292630672455,
        "rotation_rmse": 2.5340583324432373,
        "translation_rmse_100": 83.7309799194336,
        "t_final": [
          [
            [
              0.85205078125,
              0.211669921875,
              0.47900390625,
              1.3264379501342773
            ],
            [
              -0.00545501708984375,
              0.91845703125,
              -0.39599609375,
              0.5889939665794373
            ],
            [
              -0.5234375,
              0.334716796875,
              0.783203125,
              -0.35502514243125916
            ]
          ]
        ]
      },
      {
        "psnr": 11.25963020324707,
        "distortion": 0.2193635106086731,
        "rotation_rmse": 30.49846076965332,
        "translation_rmse_100": 62.312992095947266,
        "t_final": [
          [
            [
              0.8916015625,
              -0.419921875,
              0.1710205078125,
              0.6841427087783813
            ],
            [
              0.416015625,
              0.607421875,
              -0.6767578125,
              -0.2520497739315033
            ],
            [
              0.180419921875,
              0.67431640625,
              0.71630859375,
              -0.9373711347579956
            ]
          ]
        ]
      },
      {
        "psnr": 22.655654907226562,
        "distortion": 0.019352102652192116,
        "rotation_rmse": 0.023766042664647102,
        "translation_rmse_100": 0.008534721098840237,
        "t_final": [
          [
            [
              0.85595703125,
              0.1357421875,
              0.498779296875,
              -0.04390503466129303
            ],
            [
              0.03411865234375,
              0.94775390625,
              -0.316650390625,
              0.12871824204921722
            ],
            [
              -0.515625,
              0.2880859375,
              0.806640625,
              -0.2375507801771164
            ]
          ]
        ]
      },
      {
        "psnr": 11.525317192077637,
        "distortion": 0.16958355903625488,
        "rotation_rmse": 5.883014678955078,
        "translation_rmse_100": 62.35393142700195,
        "t_final": [
          [
            [
              0.888671875,
              0.21826171875,
              0.4033203125,
              0.21776878833770752
            ],
            [
              0.0034637451171875,
              0.8759765625,
              -0.48193359375,
              -0.7338374853134155
            ],
            [
              -0.45849609375,
              0.429931640625,
              0.77783203125,
              -0.8322573304176331
            ]
          ]
        ]
      },
      {
        "psnr": 22.666738510131836,
        "distortion": 0.019247744232416153,
        "rotation_rmse": 0.009826318360865116,
        "translation_rmse_100": 0.041000690311193466,
        "t_final": [
          [
            [
              0.85595703125,
              0.1356201171875,
              0.4990234375,
              -0.04453276842832565
            ],
            [
              0.034637451171875,
              0.94775390625,
              -0.31689453125,
              0.12865591049194336
            ],
            [
              -0.51611328125,
              0.28857421875,
              0.806640625,
              -0.23738911747932434
            ]
          ]
        ]
      },
      {
        "psnr": 22.676570892333984,
        "distortion": 0.019415058195590973,
        "rotation_rmse": 0.012763588689267635,
        "translation_rmse_100": 0.016859402880072594,
        "t_final": [
          [
            [
              0.85595703125,
              0.135986328125,
              0.4990234375,
              -0.04400104656815529
            ],
            [
              0.034271240234375,
              0.94775390625,
              -0.31689453125,
              0.12872594594955444
            ],
            [
              -0.51611328125,
              0.288330078125,
              0.806640625,
              -0.2377467155456543
            ]
          ]
        ]
      },
      {
        "psnr": 11.250977516174316,
        "distortion": 0.21533405780792236,
        "rotation_rmse": 12.617539405822754,
        "translation_rmse_100": 91.18597412109375,
        "t_final": [
          [
            [
              0.88623046875,
              0.0238037109375,
              0.463134765625,
              1.4862858057022095
            ],
            [
              0.2322998046875,
              0.84130859375,
              -0.48779296875,
              0.4703735411167145
            ],
            [
              -0.4013671875,
              0.53955078125,
              0.740234375,
              -0.04655754566192627
            ]
          ]
        ]
      },
      {
        "psnr": 10.898472785949707,
        "distortion": 0.20677778124809265,
        "rotation_rmse": 14.610931396484375,
        "translation_rmse_100": 63.200233459472656,
        "t_final": [
          [
            [
              0.912109375,
              0.138671875,
              0.38623046875,
              0.5381016731262207
            ],
            [
              0.1466064453125,
              0.76904296875,
              -0.62255859375,
              -0.6697230339050293
            ],
            [
              -0.38330078125,
              0.6240234375,
              0.6806640625,
              0.23349885642528534
            ]
          ]
        ]
      },
      {
        "psnr": 10.293150901794434,
        "distortion": 0.029653435572981834,
        "rotation_rmse": 7.06464958190918,
        "translation_rmse_100": 34.786861419677734,
        "t_final": [
          [
            [
              0.94580078125,
              0.069580078125,
              0.317626953125,
              -0.46286383271217346
            ],
            [
              0.034515380859375,
              0.94970703125,
              -0.310791015625,
              0.0759507343173027
            ],
            [
              -0.3232421875,
              0.304931640625,
              0.89599609375,
              -0.6672673225402832
            ]
          ]
        ]
      },
      {
        "psnr": 10.274026870727539,
        "distortion": 0.1240048035979271,
        "rotation_rmse": 31.2200927734375,
        "translation_rmse_100": 44.15401077270508,
        "t_final": [
          [
            [
              0.7353515625,
              -0.50244140625,
              0.454345703125,
              -0.36398741602897644
            ],
            [
              0.6767578125,
              0.572265625,
              -0.462646484375,
              0.26643839478492737
            ],
            [
              -0.027679443359375,
              0.64794921875,
              0.76123046875,
              -0.9183083176612854
            ]
          ]
        ]
      }
    ]
  }
}