{
  "trex_0_100_even_odd": {
    "best": {
      "psnr": 27.276906967163086,
      "distortion": 0.0165108609944582,
      "rotation_rmse": 0.01247267983853817,
      "translation_rmse_100": 0.01226035226136446,
      "t_final": [
        [
          [
            0.79052734375,
            -0.07879638671875,
            0.607421875,
            -0.24785961210727692
          ],
          [
            0.356689453125,
            0.865234375,
            -0.35205078125,
            -0.06840678304433823
          ],
          [
            -0.497802734375,
            0.494873046875,
            0.71240234375,
            -0.19751514494419098
          ]
        ]
      ]
    },
    "stats_list": [
      {
        "psnr": 11.16597843170166,
        "distortion": 0.20644739270210266,
        "rotation_rmse": 16.3447265625,
        "translation_rmse_100": 46.359439849853516,
        "t_final": [
          [
            [
              0.74560546875,
              0.014068603515625,
              0.666015625,
              0.48428189754486084
            ],
            [
              0.1119384765625,
              0.98291015625,
              -0.146240234375,
              0.038207925856113434
            ],
            [
              -0.65673828125,
              0.18359375,
              0.7314453125,
              -0.509925127029419
            ]
          ]
        ]
      },
      {
        "psnr": 27.157304763793945,
        "distortion": 0.016560696065425873,
        "rotation_rmse": 0.01616746373474598,
        "translation_rmse_100": 0.006563225295394659,
        "t_final": [
          [
            [
              0.791015625,
              -0.0787353515625,
              0.60693359375,
              -0.2477649748325348
            ],
            [
              0.356201171875,
              0.865234375,
              -0.35205078125,
              -0.06825705617666245
            ],
            [
              -0.49755859375,
              0.49462890625,
              0.71240234375,
              -0.19746315479278564
            ]
          ]
        ]
      },
      {
        "psnr": 11.34304141998291,
        "distortion": 0.1964351385831833,
        "rotation_rmse": 16.965240478515625,
        "translation_rmse_100": 42.205955505371094,
        "t_final": [
          [
            [
              0.908203125,
              -0.330078125,
              0.257568359375,
              0.4650002419948578
            ],
            [
              0.418701171875,
              0.7294921875,
              -0.541015625,
              0.05934285745024681
            ],
            [
              -0.0092010498046875,
              0.59912109375,
              0.80078125,
              -0.09647583961486816
            ]
          ]
        ]
      },
      {
        "psnr": 27.170400619506836,
        "distortion": 0.016601955518126488,
        "rotation_rmse": 0.009046428836882114,
        "translation_rmse_100": 0.003525668289512396,
        "t_final": [
          [
            [
              0.79052734375,
              -0.07891845703125,
              0.607421875,
              -0.24771122634410858
            ],
            [
              0.356689453125,
              0.865234375,
              -0.35205078125,
              -0.06835336983203888
            ],
            [
              -0.49755859375,
              0.494873046875,
              0.71240234375,
              -0.19748494029045105
            ]
          ]
        ]
      },
      {
        "psnr": 27.225757598876953,
        "distortion": 0.016412613913416862,
        "rotation_rmse": 0.0028971910942345858,
        "translation_rmse_100": 0.006723770871758461,
        "t_final": [
          [
            [
              0.79052734375,
              -0.07879638671875,
              0.60693359375,
              -0.2476109266281128
            ],
            [
              0.356689453125,
              0.865234375,
              -0.35205078125,
              -0.06839492917060852
            ],
            [
              -0.49755859375,
              0.494873046875,
              0.71240234375,
              -0.19737546145915985
            ]
          ]
        ]
      },
      {
        "psnr": 27.217103958129883,
        "distortion": 0.0166695024818182,
        "rotation_rmse": 0.01247267983853817,
        "translation_rmse_100": 0.006352071650326252,
        "t_final": [
          [
            [
              0.79052734375,
              -0.07879638671875,
              0.607421875,
              -0.24772518873214722
            ],
            [
              0.356689453125,
              0.865234375,
              -0.35205078125,
              -0.06823226064443588
            ],
            [
              -0.497802734375,
              0.494873046875,
              0.71240234375,
              -0.1974734365940094
            ]
          ]
        ]
      },
      {
        "psnr": 27.198713302612305,
        "distortion": 0.016715962439775467,
        "rotation_rmse": 0.008167343214154243,
        "translation_rmse_100": 0.006764160934835672,
        "t_final": [
          [
            [
              0.791015625,
              -0.07879638671875,
              0.60693359375,
              -0.24770747125148773
            ],
            [
              0.3564453125,
              0.865234375,
              -0.35205078125,
              -0.0682254284620285
            ],
            [
              -0.49755859375,
              0.494873046875,
              0.71240234375,
              -0.19739055633544922
            ]
          ]
        ]
      },
      {
        "psnr": 27.276906967163086,
        "distortion": 0.0165108609944582,
        "rotation_rmse": 0.01247267983853817,
        "translation_rmse_100": 0.01226035226136446,
        "t_final": [
          [
            [
              0.79052734375,
              -0.07879638671875,
              0.607421875,
              -0.24785961210727692
            ],
            [
              0.356689453125,
              0.865234375,
              -0.35205078125,
              -0.06840678304433823
            ],
            [
              -0.497802734375,
              0.494873046875,
              0.71240234375,
              -0.19751514494419098
            ]
          ]
        ]
      },
      {
        "psnr": 27.145008087158203,
        "distortion": 0.016786446794867516,
        "rotation_rmse": 0.005927187390625477,
        "translation_rmse_100": 0.008420710451900959,
        "t_final": [
          [
            [
              0.791015625,
              -0.0791015625,
              0.60693359375,
              -0.2475799024105072
            ],
            [
              0.356689453125,
              0.865234375,
              -0.35205078125,
              -0.06821978092193604
            ],
            [
              -0.49755859375,
              0.494873046875,
              0.71240234375,
              -0.1974639892578125
            ]
          ]
        ]
      },
      {
        "psnr": 27.180063247680664,
        "distortion": 0.016307685524225235,
        "rotation_rmse": 0.004160035401582718,
        "translation_rmse_100": 0.006524240598082542,
        "t_final": [
          [
            [
              0.79052734375,
              -0.07891845703125,
              0.60693359375,
              -0.24778452515602112
            ],
            [
              0.356689453125,
              0.865234375,
              -0.35205078125,
              -0.06832872331142426
            ],
            [
              -0.49755859375,
              0.494873046875,
              0.71240234375,
              -0.19740676879882812
            ]
          ]
        ]
      }
    ]
  }
}