{
  "room_0_100_even_odd": {
    "best": {
      "psnr": 30.356639862060547,
      "distortion": 0.008329515345394611,
      "rotation_rmse": 0.003284526988863945,
      "translation_rmse_100": 0.008087364956736565,
      "t_final": [
        [
          [
            0.99853515625,
            0.01995849609375,
            0.0477294921875,
            -0.19939850270748138
          ],
          [
            0.005634307861328125,
            0.875,
            -0.483642578125,
            0.19047671556472778
          ],
          [
            -0.05145263671875,
            0.4833984375,
            0.8740234375,
            0.4629392623901367
          ]
        ]
      ]
    },
    "stats_list": [
      {
        "psnr": 30.356639862060547,
        "distortion": 0.008329515345394611,
        "rotation_rmse": 0.003284526988863945,
        "translation_rmse_100": 0.008087364956736565,
        "t_final": [
          [
            [
              0.99853515625,
              0.01995849609375,
              0.0477294921875,
              -0.19939850270748138
            ],
            [
              0.005634307861328125,
              0.875,
              -0.483642578125,
              0.19047671556472778
            ],
            [
              -0.05145263671875,
              0.4833984375,
              0.8740234375,
              0.4629392623901367
            ]
          ]
        ]
      },
      {
        "psnr": 30.06880760192871,
        "distortion": 0.008504890836775303,
        "rotation_rmse": 0.016726376488804817,
        "translation_rmse_100": 0.01970919966697693,
        "t_final": [
          [
            [
              0.99853515625,
              0.0203704833984375,
              0.04754638671875,
              -0.19895072281360626
            ],
            [
              0.005168914794921875,
              0.875,
              -0.48388671875,
              0.19064545631408691
            ],
            [
              -0.051483154296875,
              0.4833984375,
              0.8740234375,
              0.46292588114738464
            ]
          ]
        ]
      },
      {
        "psnr": 12.886411666870117,
        "distortion": 0.1695706844329834,
        "rotation_rmse": 7.781972408294678,
        "translation_rmse_100": 55.794334411621094,
        "t_final": [
          [
            [
              0.99951171875,
              0.016021728515625,
              0.0311126708984375,
              0.6070947647094727
            ],
            [
              0.00914764404296875,
              0.73876953125,
              -0.673828125,
              0.06901958584785461
            ],
            [
              -0.033782958984375,
              0.673828125,
              0.73828125,
              -0.0556231364607811
            ]
          ]
        ]
      },
      {
        "psnr": 30.094167709350586,
        "distortion": 0.008297315798699856,
        "rotation_rmse": 0.012281060218811035,
        "translation_rmse_100": 0.007878080010414124,
        "t_final": [
          [
            [
              0.99853515625,
              0.0201263427734375,
              0.047515869140625,
              -0.1993623524904251
            ],
            [
              0.005382537841796875,
              0.875,
              -0.48388671875,
              0.19060476124286652
            ],
            [
              -0.05133056640625,
              0.4833984375,
              0.8740234375,
              0.4629199802875519
            ]
          ]
        ]
      },
      {
        "psnr": 12.951759338378906,
        "distortion": 0.1772354245185852,
        "rotation_rmse": 6.940399646759033,
        "translation_rmse_100": 51.874359130859375,
        "t_final": [
          [
            [
              0.99072265625,
              0.0914306640625,
              0.098388671875,
              0.6614667177200317
            ],
            [
              -0.055694580078125,
              0.9462890625,
              -0.318359375,
              -0.06101835519075394
            ],
            [
              -0.1221923828125,
              0.31005859375,
              0.94287109375,
              0.4067806899547577
            ]
          ]
        ]
      },
      {
        "psnr": 30.123634338378906,
        "distortion": 0.008328761905431747,
        "rotation_rmse": 0.006668767426162958,
        "translation_rmse_100": 0.005488249007612467,
        "t_final": [
          [
            [
              0.99853515625,
              0.0201263427734375,
              0.04779052734375,
              -0.19919154047966003
            ],
            [
              0.005504608154296875,
              0.875,
              -0.48388671875,
              0.19056542217731476
            ],
            [
              -0.051544189453125,
              0.4833984375,
              0.8740234375,
              0.46292194724082947
            ]
          ]
        ]
      },
      {
        "psnr": 13.192980766296387,
        "distortion": 0.19606761634349823,
        "rotation_rmse": 18.035606384277344,
        "translation_rmse_100": 33.52763748168945,
        "t_final": [
          [
            [
              0.85546875,
              -0.461181640625,
              0.2353515625,
              0.3782808780670166
            ],
            [
              0.5166015625,
              0.7900390625,
              -0.330078125,
              0.16903157532215118
            ],
            [
              -0.03369140625,
              0.404052734375,
              0.9140625,
              0.406302273273468
            ]
          ]
        ]
      },
      {
        "psnr": 30.14299964904785,
        "distortion": 0.008353431709110737,
        "rotation_rmse": 0.012249220162630081,
        "translation_rmse_100": 0.019983544945716858,
        "t_final": [
          [
            [
              0.99853515625,
              0.02020263671875,
              0.047576904296875,
              -0.19958865642547607
            ],
            [
              0.005344390869140625,
              0.875,
              -0.48388671875,
              0.19063687324523926
            ],
            [
              -0.0513916015625,
              0.4833984375,
              0.8740234375,
              0.4629806876182556
            ]
          ]
        ]
      },
      {
        "psnr": 30.062942504882812,
        "distortion": 0.008303656242787838,
        "rotation_rmse": 0.0073960283771157265,
        "translation_rmse_100": 0.020739756524562836,
        "t_final": [
          [
            [
              0.99853515625,
              0.0201416015625,
              0.047943115234375,
              -0.19896414875984192
            ],
            [
              0.005584716796875,
              0.875,
              -0.48388671875,
              0.1904829442501068
            ],
            [
              -0.05169677734375,
              0.4833984375,
              0.8740234375,
              0.4631495475769043
            ]
          ]
        ]
      },
      {
        "psnr": 13.008893013000488,
        "distortion": 0.17355354130268097,
        "rotation_rmse": 1.5349467992782593,
        "translation_rmse_100": 53.367698669433594,
        "t_final": [
          [
            [
              0.99951171875,
              0.0088348388671875,
              0.0255126953125,
              0.49705806374549866
            ],
            [
              0.005649566650390625,
              0.85546875,
              -0.517578125,
              0.5790477991104126
            ],
            [
              -0.026397705078125,
              0.517578125,
              0.85546875,
              -0.004601441323757172
            ]
          ]
        ]
      }
    ]
  }
}