{
  "room_50_50": {
    "best": {
      "psnr": 25.576095581054688,
      "distortion": 0.01323850266635418,
      "rotation_rmse": 0.016852885484695435,
      "translation_rmse_100": 0.011013341136276722,
      "t_final": [
        [
          [
            0.99853515625,
            0.0196685791015625,
            0.048065185546875,
            -0.1992615908384323
          ],
          [
            0.006061553955078125,
            0.875,
            -0.48388671875,
            0.19033554196357727
          ],
          [
            -0.05157470703125,
            0.483642578125,
            0.87353515625,
            0.46301767230033875
          ]
        ]
      ]
    },
    "stats_list": [
      {
        "psnr": 25.420597076416016,
        "distortion": 0.012884232215583324,
        "rotation_rmse": 0.012994973920285702,
        "translation_rmse_100": 0.02674899250268936,
        "t_final": [
          [
            [
              0.99853515625,
              0.020050048828125,
              0.048065185546875,
              -0.19881920516490936
            ],
            [
              0.005718231201171875,
              0.875,
              -0.48388671875,
              0.19056811928749084
            ],
            [
              -0.0517578125,
              0.483642578125,
              0.87353515625,
              0.4630706310272217
            ]
          ]
        ]
      },
      {
        "psnr": 25.576095581054688,
        "distortion": 0.01323850266635418,
        "rotation_rmse": 0.016852885484695435,
        "translation_rmse_100": 0.011013341136276722,
        "t_final": [
          [
            [
              0.99853515625,
              0.0196685791015625,
              0.048065185546875,
              -0.1992615908384323
            ],
            [
              0.006061553955078125,
              0.875,
              -0.48388671875,
              0.19033554196357727
            ],
            [
              -0.05157470703125,
              0.483642578125,
              0.87353515625,
              0.46301767230033875
            ]
          ]
        ]
      },
      {
        "psnr": 13.332283973693848,
        "distortion": 0.10812050104141235,
        "rotation_rmse": 3.3999009132385254,
        "translation_rmse_100": 31.046602249145508,
        "t_final": [
          [
            [
              0.99951171875,
              -0.0281219482421875,
              0.0178985595703125,
              0.07983110845088959
            ],
            [
              0.0333251953125,
              0.8310546875,
              -0.5556640625,
              0.16552306711673737
            ],
            [
              0.0007548332214355469,
              0.5556640625,
              0.83154296875,
              0.003992270212620497
            ]
          ]
        ]
      },
      {
        "psnr": 25.44097328186035,
        "distortion": 0.01335155963897705,
        "rotation_rmse": 0.012639236636459827,
        "translation_rmse_100": 0.01994430273771286,
        "t_final": [
          [
            [
              0.99853515625,
              0.01983642578125,
              0.048187255859375,
              -0.19900639355182648
            ],
            [
              0.00595855712890625,
              0.875,
              -0.483642578125,
              0.19055260717868805
            ],
            [
              -0.051788330078125,
              0.4833984375,
              0.8740234375,
              0.463182270526886
            ]
          ]
        ]
      },
      {
        "psnr": 25.443193435668945,
        "distortion": 0.01313113048672676,
        "rotation_rmse": 0.004612894728779793,
        "translation_rmse_100": 0.024093421176075935,
        "t_final": [
          [
            [
              0.99853515625,
              0.02008056640625,
              0.047760009765625,
              -0.1988561749458313
            ],
            [
              0.005523681640625,
              0.875,
              -0.483642578125,
              0.1905977725982666
            ],
            [
              -0.051513671875,
              0.4833984375,
              0.8740234375,
              0.46294230222702026
            ]
          ]
        ]
      },
      {
        "psnr": 25.471820831298828,
        "distortion": 0.013100306503474712,
        "rotation_rmse": 0.013544086366891861,
        "translation_rmse_100": 0.021062880754470825,
        "t_final": [
          [
            [
              0.99853515625,
              0.01971435546875,
              0.048004150390625,
              -0.1989230215549469
            ],
            [
              0.00598907470703125,
              0.875,
              -0.48388671875,
              0.19038976728916168
            ],
            [
              -0.051544189453125,
              0.483642578125,
              0.8740234375,
              0.462963342666626
            ]
          ]
        ]
      },
      {
        "psnr": 13.193378448486328,
        "distortion": 0.091873899102211,
        "rotation_rmse": 3.5426788330078125,
        "translation_rmse_100": 32.75612258911133,
        "t_final": [
          [
            [
              0.99853515625,
              0.0290374755859375,
              -0.04620361328125,
              -0.17619407176971436
            ],
            [
              -0.046417236328125,
              0.89697265625,
              -0.439697265625,
              0.45809099078178406
            ],
            [
              0.028656005859375,
              0.441162109375,
              0.89697265625,
              -0.036804091185331345
            ]
          ]
        ]
      },
      {
        "psnr": 25.445537567138672,
        "distortion": 0.013247613795101643,
        "rotation_rmse": 0.0069244783371686935,
        "translation_rmse_100": 0.013923406600952148,
        "t_final": [
          [
            [
              0.99853515625,
              0.01995849609375,
              0.048004150390625,
              -0.19908158481121063
            ],
            [
              0.005767822265625,
              0.875,
              -0.48388671875,
              0.1903788149356842
            ],
            [
              -0.051666259765625,
              0.4833984375,
              0.8740234375,
              0.463031142950058
            ]
          ]
        ]
      },
      {
        "psnr": 25.400815963745117,
        "distortion": 0.013267971575260162,
        "rotation_rmse": 0.012629260309040546,
        "translation_rmse_100": 0.01704787090420723,
        "t_final": [
          [
            [
              0.99853515625,
              0.0197296142578125,
              0.047943115234375,
              -0.19907274842262268
            ],
            [
              0.005954742431640625,
              0.875,
              -0.48388671875,
              0.1903347373008728
            ],
            [
              -0.051513671875,
              0.483642578125,
              0.8740234375,
              0.46308770775794983
            ]
          ]
        ]
      },
      {
        "psnr": 13.078561782836914,
        "distortion": 0.09845897555351257,
        "rotation_rmse": 5.5897955894470215,
        "translation_rmse_100": 34.98019790649414,
        "t_final": [
          [
            [
              0.9931640625,
              0.0860595703125,
              -0.0802001953125,
              -0.08478716015815735
            ],
            [
              -0.11126708984375,
              0.90771484375,
              -0.404052734375,
              0.4952645003795624
            ],
            [
              0.0380859375,
              0.41015625,
              0.9111328125,
              -0.04803043231368065
            ]
          ]
        ]
      }
    ]
  }
}