{
  "trex_30_70_even_odd": {
    "best": {
      "psnr": 26.152700424194336,
      "distortion": 0.012961682863533497,
      "rotation_rmse": 0.007183507550507784,
      "translation_rmse_100": 0.015226275660097599,
      "t_final": [
        [
          [
            0.791015625,
            -0.078857421875,
            0.60693359375,
            -0.24742303788661957
          ],
          [
            0.3564453125,
            0.865234375,
            -0.35205078125,
            -0.06825624406337738
          ],
          [
            -0.49755859375,
            0.494873046875,
            0.71240234375,
            -0.19744917750358582
          ]
        ]
      ]
    },
    "stats_list": [
      {
        "psnr": 11.519149780273438,
        "distortion": 0.18237794935703278,
        "rotation_rmse": 6.138903617858887,
        "translation_rmse_100": 57.7900276184082,
        "t_final": [
          [
            [
              0.7431640625,
              -0.08203125,
              0.6640625,
              0.592365562915802
            ],
            [
              0.30029296875,
              0.927734375,
              -0.221435546875,
              0.3919430673122406
            ],
            [
              -0.59814453125,
              0.364013671875,
              0.71435546875,
              -0.48793619871139526
            ]
          ]
        ]
      },
      {
        "psnr": 26.152700424194336,
        "distortion": 0.012961682863533497,
        "rotation_rmse": 0.007183507550507784,
        "translation_rmse_100": 0.015226275660097599,
        "t_final": [
          [
            [
              0.791015625,
              -0.078857421875,
              0.60693359375,
              -0.24742303788661957
            ],
            [
              0.3564453125,
              0.865234375,
              -0.35205078125,
              -0.06825624406337738
            ],
            [
              -0.49755859375,
              0.494873046875,
              0.71240234375,
              -0.19744917750358582
            ]
          ]
        ]
      },
      {
        "psnr": 11.537147521972656,
        "distortion": 0.200302392244339,
        "rotation_rmse": 6.838928699493408,
        "translation_rmse_100": 51.12672424316406,
        "t_final": [
          [
            [
              0.72802734375,
              -0.078369140625,
              0.68115234375,
              0.5165411233901978
            ],
            [
              0.452880859375,
              0.80126953125,
              -0.391357421875,
              0.2837410569190979
            ],
            [
              -0.51513671875,
              0.59326171875,
              0.61865234375,
              -0.4734885096549988
            ]
          ]
        ]
      },
      {
        "psnr": 11.286551475524902,
        "distortion": 0.12977196276187897,
        "rotation_rmse": 7.919229507446289,
        "translation_rmse_100": 32.30940628051758,
        "t_final": [
          [
            [
              0.77197265625,
              -0.2327880859375,
              0.59130859375,
              0.28883421421051025
            ],
            [
              0.51904296875,
              0.76806640625,
              -0.375244140625,
              -0.16659747064113617
            ],
            [
              -0.366943359375,
              0.5966796875,
              0.7138671875,
              -0.072271928191185
            ]
          ]
        ]
      },
      {
        "psnr": 11.474112510681152,
        "distortion": 0.19472190737724304,
        "rotation_rmse": 20.884809494018555,
        "translation_rmse_100": 77.55297088623047,
        "t_final": [
          [
            [
              0.86279296875,
              -0.099853515625,
              0.495849609375,
              0.7520689368247986
            ],
            [
              0.10858154296875,
              0.994140625,
              0.0112457275390625,
              -0.1724117398262024
            ],
            [
              -0.493896484375,
              0.044158935546875,
              0.8681640625,
              -1.0885159969329834
            ]
          ]
        ]
      },
      {
        "psnr": 12.181039810180664,
        "distortion": 0.048945456743240356,
        "rotation_rmse": 8.055737495422363,
        "translation_rmse_100": 1.912431001663208,
        "t_final": [
          [
            [
              0.7255859375,
              0.1468505859375,
              0.671875,
              -0.25061824917793274
            ],
            [
              0.2073974609375,
              0.884765625,
              -0.417236328125,
              -0.038161907345056534
            ],
            [
              -0.65576171875,
              0.4423828125,
              0.61181640625,
              -0.18407483398914337
            ]
          ]
        ]
      },
      {
        "psnr": 26.134069442749023,
        "distortion": 0.012610647827386856,
        "rotation_rmse": 0.010273974388837814,
        "translation_rmse_100": 0.009109949693083763,
        "t_final": [
          [
            [
              0.79052734375,
              -0.07867431640625,
              0.60693359375,
              -0.24756057560443878
            ],
            [
              0.3564453125,
              0.86572265625,
              -0.35205078125,
              -0.06842096894979477
            ],
            [
              -0.49755859375,
              0.494873046875,
              0.71240234375,
              -0.1974901556968689
            ]
          ]
        ]
      },
      {
        "psnr": 11.8198823928833,
        "distortion": 0.1897134929895401,
        "rotation_rmse": 7.992768287658691,
        "translation_rmse_100": 32.13975143432617,
        "t_final": [
          [
            [
              0.67626953125,
              -0.29296875,
              0.67578125,
              0.10839802026748657
            ],
            [
              0.5283203125,
              0.83203125,
              -0.168212890625,
              0.2906237542629242
            ],
            [
              -0.51318359375,
              0.470947265625,
              0.7177734375,
              0.03548368066549301
            ]
          ]
        ]
      },
      {
        "psnr": 26.14822769165039,
        "distortion": 0.012862623669207096,
        "rotation_rmse": 0.010196284390985966,
        "translation_rmse_100": 0.01032873336225748,
        "t_final": [
          [
            [
              0.791015625,
              -0.07891845703125,
              0.60693359375,
              -0.24750131368637085
            ],
            [
              0.3564453125,
              0.865234375,
              -0.35205078125,
              -0.0683264285326004
            ],
            [
              -0.497314453125,
              0.494873046875,
              0.71240234375,
              -0.19740954041481018
            ]
          ]
        ]
      },
      {
        "psnr": 26.139759063720703,
        "distortion": 0.012945642694830894,
        "rotation_rmse": 0.006148239132016897,
        "translation_rmse_100": 0.007566376589238644,
        "t_final": [
          [
            [
              0.79052734375,
              -0.07904052734375,
              0.60693359375,
              -0.2476213276386261
            ],
            [
              0.356689453125,
              0.865234375,
              -0.35205078125,
              -0.0682179182767868
            ],
            [
              -0.49755859375,
              0.494873046875,
              0.71240234375,
              -0.1974903643131256
            ]
          ]
        ]
      }
    ]
  }
}