{
  "horns_0_100_even_odd": {
    "best": {
      "psnr": 26.61638641357422,
      "distortion": 0.023864464834332466,
      "rotation_rmse": 0.0013679302064701915,
      "translation_rmse_100": 0.006990985944867134,
      "t_final": [
        [
          [
            0.85595703125,
            0.1358642578125,
            0.498779296875,
            -0.04377136379480362
          ],
          [
            0.034332275390625,
            0.94775390625,
            -0.317138671875,
            0.12879961729049683
          ],
          [
            -0.51611328125,
            0.28857421875,
            0.806640625,
            -0.23757274448871613
          ]
        ]
      ]
    },
    "stats_list": [
      {
        "psnr": 26.531679153442383,
        "distortion": 0.02374046854674816,
        "rotation_rmse": 0.0074079521000385284,
        "translation_rmse_100": 0.004392673727124929,
        "t_final": [
          [
            [
              0.85595703125,
              0.1356201171875,
              0.4990234375,
              -0.04384628310799599
            ],
            [
              0.03448486328125,
              0.94775390625,
              -0.31689453125,
              0.12889829277992249
            ],
            [
              -0.51611328125,
              0.28857421875,
              0.806640625,
              -0.2375861257314682
            ]
          ]
        ]
      },
      {
        "psnr": 11.77843952178955,
        "distortion": 0.20282165706157684,
        "rotation_rmse": 19.255352020263672,
        "translation_rmse_100": 56.01096725463867,
        "t_final": [
          [
            [
              0.966796875,
              -0.0867919921875,
              0.23974609375,
              0.4384332299232483
            ],
            [
              0.22021484375,
              0.75830078125,
              -0.61376953125,
              -0.6638311743736267
            ],
            [
              -0.12841796875,
              0.646484375,
              0.751953125,
              -0.5207202434539795
            ]
          ]
        ]
      },
      {
        "psnr": 26.51603126525879,
        "distortion": 0.023729486390948296,
        "rotation_rmse": 0.010812395252287388,
        "translation_rmse_100": 0.017284592613577843,
        "t_final": [
          [
            [
              0.85595703125,
              0.1358642578125,
              0.4990234375,
              -0.04360285401344299
            ],
            [
              0.0343017578125,
              0.94775390625,
              -0.31689453125,
              0.12884193658828735
            ],
            [
              -0.51611328125,
              0.288330078125,
              0.806640625,
              -0.23766690492630005
            ]
          ]
        ]
      },
      {
        "psnr": 11.455977439880371,
        "distortion": 0.21113720536231995,
        "rotation_rmse": 13.144939422607422,
        "translation_rmse_100": 53.250755310058594,
        "t_final": [
          [
            [
              0.96435546875,
              -0.10552978515625,
              0.2420654296875,
              0.7441138625144958
            ],
            [
              0.19091796875,
              0.912109375,
              -0.36328125,
              -0.2276238352060318
            ],
            [
              -0.182373046875,
              0.396484375,
              0.89990234375,
              -0.5579954981803894
            ]
          ]
        ]
      },
      {
        "psnr": 26.529314041137695,
        "distortion": 0.02377830073237419,
        "rotation_rmse": 0.008322983980178833,
        "translation_rmse_100": 0.0013601011596620083,
        "t_final": [
          [
            [
              0.85595703125,
              0.1356201171875,
              0.4990234375,
              -0.043867237865924835
            ],
            [
              0.0345458984375,
              0.94775390625,
              -0.31689453125,
              0.1288640797138214
            ],
            [
              -0.51611328125,
              0.28857421875,
              0.806640625,
              -0.2375471591949463
            ]
          ]
        ]
      },
      {
        "psnr": 26.61638641357422,
        "distortion": 0.023864464834332466,
        "rotation_rmse": 0.0013679302064701915,
        "translation_rmse_100": 0.006990985944867134,
        "t_final": [
          [
            [
              0.85595703125,
              0.1358642578125,
              0.498779296875,
              -0.04377136379480362
            ],
            [
              0.034332275390625,
              0.94775390625,
              -0.317138671875,
              0.12879961729049683
            ],
            [
              -0.51611328125,
              0.28857421875,
              0.806640625,
              -0.23757274448871613
            ]
          ]
        ]
      },
      {
        "psnr": 11.397343635559082,
        "distortion": 0.2143290638923645,
        "rotation_rmse": 1.3305610418319702,
        "translation_rmse_100": 47.44680404663086,
        "t_final": [
          [
            [
              0.86083984375,
              0.1171875,
              0.494873046875,
              0.6795225143432617
            ],
            [
              0.05950927734375,
              0.943359375,
              -0.326904296875,
              0.5179497003555298
            ],
            [
              -0.50537109375,
              0.31103515625,
              0.80517578125,
              -0.2635473310947418
            ]
          ]
        ]
      },
      {
        "psnr": 11.268006324768066,
        "distortion": 0.233818918466568,
        "rotation_rmse": 18.920101165771484,
        "translation_rmse_100": 79.67852020263672,
        "t_final": [
          [
            [
              0.9111328125,
              -0.05401611328125,
              0.40869140625,
              1.0370824337005615
            ],
            [
              0.308837890625,
              0.74609375,
              -0.58984375,
              -0.3824136555194855
            ],
            [
              -0.273193359375,
              0.66357421875,
              0.6962890625,
              0.4514983594417572
            ]
          ]
        ]
      },
      {
        "psnr": 11.163601875305176,
        "distortion": 0.1463754028081894,
        "rotation_rmse": 16.62026596069336,
        "translation_rmse_100": 40.01694869995117,
        "t_final": [
          [
            [
              0.88623046875,
              -0.183349609375,
              0.425537109375,
              0.2673986256122589
            ],
            [
              0.371826171875,
              0.82958984375,
              -0.416748046875,
              -0.16774778068065643
            ],
            [
              -0.276611328125,
              0.52734375,
              0.80322265625,
              -0.7811660766601562
            ]
          ]
        ]
      },
      {
        "psnr": 11.278082847595215,
        "distortion": 0.0846625417470932,
        "rotation_rmse": 30.139251708984375,
        "translation_rmse_100": 42.13718032836914,
        "t_final": [
          [
            [
              0.7158203125,
              -0.475341796875,
              0.51171875,
              -0.2606733739376068
            ],
            [
              0.68798828125,
              0.60546875,
              -0.39990234375,
              -0.5402345657348633
            ],
            [
              -0.11962890625,
              0.63818359375,
              0.7607421875,
              -0.43238765001296997
            ]
          ]
        ]
      }
    ]
  }
}