{
  "room_30_70_even_odd": {
    "best": {
      "psnr": 29.884689331054688,
      "distortion": 0.009890814311802387,
      "rotation_rmse": 0.004542311653494835,
      "translation_rmse_100": 0.006336183287203312,
      "t_final": [
        [
          [
            0.99853515625,
            0.019989013671875,
            0.04779052734375,
            -0.19921807944774628
          ],
          [
            0.00562286376953125,
            0.875,
            -0.48388671875,
            0.190421000123024
          ],
          [
            -0.051483154296875,
            0.4833984375,
            0.8740234375,
            0.462984174489975
          ]
        ]
      ]
    },
    "stats_list": [
      {
        "psnr": 29.75609588623047,
        "distortion": 0.009796690195798874,
        "rotation_rmse": 0.010815104469656944,
        "translation_rmse_100": 0.005611698608845472,
        "t_final": [
          [
            [
              0.99853515625,
              0.0199432373046875,
              0.0479736328125,
              -0.19929054379463196
            ],
            [
              0.005741119384765625,
              0.87548828125,
              -0.4833984375,
              0.19060306251049042
            ],
            [
              -0.0516357421875,
              0.483154296875,
              0.8740234375,
              0.46299171447753906
            ]
          ]
        ]
      },
      {
        "psnr": 29.811676025390625,
        "distortion": 0.009905933402478695,
        "rotation_rmse": 0.0080618467181921,
        "translation_rmse_100": 0.00560830207541585,
        "t_final": [
          [
            [
              0.99853515625,
              0.02001953125,
              0.048004150390625,
              -0.19928030669689178
            ],
            [
              0.00569915771484375,
              0.87548828125,
              -0.483642578125,
              0.1905910074710846
            ],
            [
              -0.05169677734375,
              0.483154296875,
              0.8740234375,
              0.4630163908004761
            ]
          ]
        ]
      },
      {
        "psnr": 12.81896686553955,
        "distortion": 0.17528800666332245,
        "rotation_rmse": 13.331135749816895,
        "translation_rmse_100": 75.89881134033203,
        "t_final": [
          [
            [
              0.9619140625,
              0.272705078125,
              -0.003997802734375,
              0.9228993654251099
            ],
            [
              -0.26708984375,
              0.93896484375,
              -0.21728515625,
              -0.06931828707456589
            ],
            [
              -0.055511474609375,
              0.2100830078125,
              0.97607421875,
              -0.1706223040819168
            ]
          ]
        ]
      },
      {
        "psnr": 29.82805824279785,
        "distortion": 0.009794040583074093,
        "rotation_rmse": 0.008246405981481075,
        "translation_rmse_100": 0.010881459340453148,
        "t_final": [
          [
            [
              0.99853515625,
              0.02008056640625,
              0.0479736328125,
              -0.19944000244140625
            ],
            [
              0.005619049072265625,
              0.87548828125,
              -0.483642578125,
              0.1905602216720581
            ],
            [
              -0.05169677734375,
              0.483154296875,
              0.8740234375,
              0.4630112946033478
            ]
          ]
        ]
      },
      {
        "psnr": 12.364437103271484,
        "distortion": 0.031562525779008865,
        "rotation_rmse": 27.740224838256836,
        "translation_rmse_100": 39.83351135253906,
        "t_final": [
          [
            [
              0.68115234375,
              -0.314453125,
              0.6611328125,
              -0.14976680278778076
            ],
            [
              0.6171875,
              0.73291015625,
              -0.287109375,
              -0.46699461340904236
            ],
            [
              -0.394287109375,
              0.603515625,
              0.69287109375,
              0.6660378575325012
            ]
          ]
        ]
      },
      {
        "psnr": 29.84676742553711,
        "distortion": 0.009852373041212559,
        "rotation_rmse": 0.0059944805689156055,
        "translation_rmse_100": 0.008215999230742455,
        "t_final": [
          [
            [
              0.99853515625,
              0.020050048828125,
              0.047943115234375,
              -0.19926021993160248
            ],
            [
              0.005641937255859375,
              0.875,
              -0.48388671875,
              0.19039928913116455
            ],
            [
              -0.051666259765625,
              0.4833984375,
              0.8740234375,
              0.4630374312400818
            ]
          ]
        ]
      },
      {
        "psnr": 29.884689331054688,
        "distortion": 0.009890814311802387,
        "rotation_rmse": 0.004542311653494835,
        "translation_rmse_100": 0.006336183287203312,
        "t_final": [
          [
            [
              0.99853515625,
              0.019989013671875,
              0.04779052734375,
              -0.19921807944774628
            ],
            [
              0.00562286376953125,
              0.875,
              -0.48388671875,
              0.190421000123024
            ],
            [
              -0.051483154296875,
              0.4833984375,
              0.8740234375,
              0.462984174489975
            ]
          ]
        ]
      },
      {
        "psnr": 29.842504501342773,
        "distortion": 0.00984958466142416,
        "rotation_rmse": 0.0031756097450852394,
        "translation_rmse_100": 0.009524915367364883,
        "t_final": [
          [
            [
              0.99853515625,
              0.01995849609375,
              0.047943115234375,
              -0.19929139316082
            ],
            [
              0.00571441650390625,
              0.875,
              -0.483642578125,
              0.1903972327709198
            ],
            [
              -0.051605224609375,
              0.4833984375,
              0.8740234375,
              0.4630676805973053
            ]
          ]
        ]
      },
      {
        "psnr": 29.75271987915039,
        "distortion": 0.009738044813275337,
        "rotation_rmse": 0.009068986400961876,
        "translation_rmse_100": 0.00157618906814605,
        "t_final": [
          [
            [
              0.99853515625,
              0.0198822021484375,
              0.04803466796875,
              -0.19928056001663208
            ],
            [
              0.00583648681640625,
              0.87548828125,
              -0.483642578125,
              0.1905367225408554
            ],
            [
              -0.051666259765625,
              0.483154296875,
              0.8740234375,
              0.46294713020324707
            ]
          ]
        ]
      },
      {
        "psnr": 12.621881484985352,
        "distortion": 0.1383223682641983,
        "rotation_rmse": 3.0006144046783447,
        "translation_rmse_100": 49.5159912109375,
        "t_final": [
          [
            [
              0.99462890625,
              -0.05279541015625,
              0.0908203125,
              0.3067488968372345
            ],
            [
              0.091552734375,
              0.85986328125,
              -0.50244140625,
              0.7565665245056152
            ],
            [
              -0.051544189453125,
              0.50830078125,
              0.85986328125,
              0.06409966200590134
            ]
          ]
        ]
      }
    ]
  }
}