Scene Name,Translation RMSE x 100,Rotation RMSE
lion_30_70_even_odd,0.06385566294193268,0.023809097707271576
table_30_70_even_odd,0.03821033984422684,0.05905013531446457
