{
  "lion_30_70_even_odd": {
    "best": {
      "psnr": 38.80023193359375,
      "distortion": 0.0034040280152112246,
      "rotation_rmse": 0.023809097707271576,
      "translation_rmse_100": 0.06385566294193268,
      "t_final": [
        [
          [
            0.919921875,
            -0.239990234375,
            0.3095703125,
            0.3034679591655731
          ],
          [
            0.30615234375,
            0.93359375,
            -0.1859130859375,
            0.18301665782928467
          ],
          [
            -0.244384765625,
            0.265869140625,
            0.9326171875,
            -0.11837001889944077
          ]
        ]
      ]
    },
    "stats_list": [
      {
        "psnr": 17.165817260742188,
        "distortion": 0.10187428444623947,
        "rotation_rmse": 44.71183776855469,
        "translation_rmse_100": 48.6470832824707,
        "t_final": [
          [
            [
              0.3251953125,
              -0.143310546875,
              0.9345703125,
              -0.03836415335536003
            ],
            [
              0.8740234375,
              0.42333984375,
              -0.2388916015625,
              -0.1547546088695526
            ],
            [
              -0.361083984375,
              0.89453125,
              0.262939453125,
              0.5726615190505981
            ]
          ]
        ]
      },
      {
        "psnr": 17.38102912902832,
        "distortion": 0.007394734770059586,
        "rotation_rmse": 20.604408264160156,
        "translation_rmse_100": 36.742820739746094,
        "t_final": [
          [
            [
              0.56982421875,
              -0.5107421875,
              0.64404296875,
              -0.25030216574668884
            ],
            [
              0.62060546875,
              0.78076171875,
              0.06982421875,
              0.05652494728565216
            ],
            [
              -0.53857421875,
              0.35986328125,
              0.76171875,
              0.16613738238811493
            ]
          ]
        ]
      },
      {
        "psnr": 38.80023193359375,
        "distortion": 0.0034040280152112246,
        "rotation_rmse": 0.023809097707271576,
        "translation_rmse_100": 0.06385566294193268,
        "t_final": [
          [
            [
              0.919921875,
              -0.239990234375,
              0.3095703125,
              0.3034679591655731
            ],
            [
              0.30615234375,
              0.93359375,
              -0.1859130859375,
              0.18301665782928467
            ],
            [
              -0.244384765625,
              0.265869140625,
              0.9326171875,
              -0.11837001889944077
            ]
          ]
        ]
      },
      {
        "psnr": 17.662012100219727,
        "distortion": 0.020514870062470436,
        "rotation_rmse": 20.244590759277344,
        "translation_rmse_100": 43.80329132080078,
        "t_final": [
          [
            [
              0.591796875,
              -0.271484375,
              0.7587890625,
              -0.12934836745262146
            ],
            [
              0.3203125,
              0.943359375,
              0.08782958984375,
              0.2612241506576538
            ],
            [
              -0.73974609375,
              0.1910400390625,
              0.64501953125,
              0.49865448474884033
            ]
          ]
        ]
      },
      {
        "psnr": 17.498844146728516,
        "distortion": 0.050390809774398804,
        "rotation_rmse": 19.254634857177734,
        "translation_rmse_100": 90.77006530761719,
        "t_final": [
          [
            [
              0.76806640625,
              0.1328125,
              0.62646484375,
              -0.6843169927597046
            ],
            [
              0.251220703125,
              0.837890625,
              -0.485107421875,
              0.28089678287506104
            ],
            [
              -0.58935546875,
              0.52978515625,
              0.60986328125,
              1.0995463132858276
            ]
          ]
        ]
      },
      {
        "psnr": 38.67213821411133,
        "distortion": 0.0033925336319953203,
        "rotation_rmse": 0.0184034276753664,
        "translation_rmse_100": 0.06788532435894012,
        "t_final": [
          [
            [
              0.919921875,
              -0.240478515625,
              0.30908203125,
              0.3034796714782715
            ],
            [
              0.306396484375,
              0.93359375,
              -0.1854248046875,
              0.18298785388469696
            ],
            [
              -0.243896484375,
              0.265380859375,
              0.9326171875,
              -0.118227019906044
            ]
          ]
        ]
      },
      {
        "psnr": 38.70749282836914,
        "distortion": 0.003435068530961871,
        "rotation_rmse": 0.02515438199043274,
        "translation_rmse_100": 0.04470288008451462,
        "t_final": [
          [
            [
              0.92041015625,
              -0.240234375,
              0.30908203125,
              0.3041667640209198
            ],
            [
              0.30615234375,
              0.93359375,
              -0.1854248046875,
              0.1830456554889679
            ],
            [
              -0.244140625,
              0.26513671875,
              0.9326171875,
              -0.1181802898645401
            ]
          ]
        ]
      },
      {
        "psnr": 16.280967712402344,
        "distortion": 0.059820208698511124,
        "rotation_rmse": 31.998577117919922,
        "translation_rmse_100": 50.6004524230957,
        "t_final": [
          [
            [
              0.62109375,
              0.6025390625,
              0.5009765625,
              0.21199721097946167
            ],
            [
              -0.317626953125,
              0.7783203125,
              -0.5419921875,
              0.3359215557575226
            ],
            [
              -0.71630859375,
              0.177490234375,
              0.6748046875,
              0.739154577255249
            ]
          ]
        ]
      },
      {
        "psnr": 38.592185974121094,
        "distortion": 0.0034489184617996216,
        "rotation_rmse": 0.015317515470087528,
        "translation_rmse_100": 0.04195643588900566,
        "t_final": [
          [
            [
              0.92041015625,
              -0.2403564453125,
              0.30908203125,
              0.3041521906852722
            ],
            [
              0.30615234375,
              0.93359375,
              -0.1856689453125,
              0.18303132057189941
            ],
            [
              -0.243896484375,
              0.265380859375,
              0.9326171875,
              -0.11824115365743637
            ]
          ]
        ]
      },
      {
        "psnr": 17.360170364379883,
        "distortion": 0.03421948105096817,
        "rotation_rmse": 25.379676818847656,
        "translation_rmse_100": 87.82464599609375,
        "t_final": [
          [
            [
              0.63818359375,
              -0.1922607421875,
              0.74560546875,
              -0.7384752035140991
            ],
            [
              0.60693359375,
              0.7216796875,
              -0.33349609375,
              -0.11019044369459152
            ],
            [
              -0.473876953125,
              0.6650390625,
              0.5771484375,
              0.9489229321479797
            ]
          ]
        ]
      }
    ]
  },
  "table_30_70_even_odd": {
    "best": {
      "psnr": 24.993839263916016,
      "distortion": 0.02105790376663208,
      "rotation_rmse": 0.05905013531446457,
      "translation_rmse_100": 0.03821033984422684,