{
  "room_50_50": {
    "best": {
      "psnr": 22.137386322021484,
      "distortion": 0.021318741142749786,
      "rotation_rmse": 0.016635451465845108,
      "translation_rmse_100": 0.043507810682058334,
      "t_final": [
        [
          [
            0.99853515625,
            0.0195770263671875,
            0.047576904296875,
            -0.199951171875
          ],
          [
            0.005870819091796875,
            0.87548828125,
            -0.483642578125,
            0.1905517578125
          ],
          [
            -0.051116943359375,
            0.483154296875,
            0.8740234375,
            0.462646484375
          ]
        ]
      ]
    },
    "stats_list": [
      {
        "psnr": 22.137386322021484,
        "distortion": 0.021318741142749786,
        "rotation_rmse": 0.016635451465845108,
        "translation_rmse_100": 0.043507810682058334,
        "t_final": [
          [
            [
              0.99853515625,
              0.0195770263671875,
              0.047576904296875,
              -0.199951171875
            ],
            [
              0.005870819091796875,
              0.87548828125,
              -0.483642578125,
              0.1905517578125
            ],
            [
              -0.051116943359375,
              0.483154296875,
              0.8740234375,
              0.462646484375
            ]
          ]
        ]
      },
      {
        "psnr": 22.11867904663086,
        "distortion": 0.02158067747950554,
        "rotation_rmse": 0.020243672654032707,
        "translation_rmse_100": 0.03824909031391144,
        "t_final": [
          [
            [
              0.99853515625,
              0.019439697265625,
              0.04754638671875,
              -0.1998291015625
            ],
            [
              0.00598907470703125,
              0.87548828125,
              -0.483642578125,
              0.190673828125
            ],
            [
              -0.051025390625,
              0.4833984375,
              0.8740234375,
              0.462646484375
            ]
          ]
        ]
      },
      {
        "psnr": 13.255782127380371,
        "distortion": 0.09940262138843536,
        "rotation_rmse": 6.630615711212158,
        "translation_rmse_100": 29.599660873413086,
        "t_final": [
          [
            [
              0.99755859375,
              -0.0199432373046875,
              -0.0679931640625,
              0.0257415771484375
            ],
            [
              -0.02618408203125,
              0.7880859375,
              -0.615234375,
              0.11920166015625
            ],
            [
              0.06585693359375,
              0.615234375,
              0.78564453125,
              0.007843017578125
            ]
          ]
        ]
      },
      {
        "psnr": 22.102956771850586,
        "distortion": 0.021673105657100677,
        "rotation_rmse": 0.017350800335407257,
        "translation_rmse_100": 0.03509613871574402,
        "t_final": [
          [
            [
              0.99853515625,
              0.0196075439453125,
              0.047607421875,
              -0.19970703125
            ],
            [
              0.005859375,
              0.87548828125,
              -0.4833984375,
              0.1907958984375
            ],
            [
              -0.0511474609375,
              0.483154296875,
              0.8740234375,
              0.462646484375
            ]
          ]
        ]
      },
      {
        "psnr": 12.477381706237793,
        "distortion": 0.02029416710138321,
        "rotation_rmse": 4.7776288986206055,
        "translation_rmse_100": 23.175960540771484,
        "t_final": [
          [
            [
              0.9873046875,
              0.08636474609375,
              0.1326904296875,
              -0.447998046875
            ],
            [
              0.0039005279541015625,
              0.82470703125,
              -0.5654296875,
              -0.1221923828125
            ],
            [
              -0.1583251953125,
              0.55908203125,
              0.81396484375,
              0.50146484375
            ]
          ]
        ]
      },
      {
        "psnr": 12.48669719696045,
        "distortion": 0.11639900505542755,
        "rotation_rmse": 12.482325553894043,
        "translation_rmse_100": 32.94964599609375,
        "t_final": [
          [
            [
              0.9677734375,
              0.22119140625,
              -0.12091064453125,
              0.07269287109375
            ],
            [
              -0.24365234375,
              0.943359375,
              -0.2244873046875,
              -0.043212890625
            ],
            [
              0.064453125,
              0.2467041015625,
              0.966796875,
              0.01898193359375
            ]
          ]
        ]
      },
      {
        "psnr": 13.68460750579834,
        "distortion": 0.010894514620304108,
        "rotation_rmse": 4.148155689239502,
        "translation_rmse_100": 7.568498611450195,
        "t_final": [
          [
            [
              0.98828125,
              -0.051177978515625,
              0.142333984375,
              -0.326904296875
            ],
            [
              0.1165771484375,
              0.857421875,
              -0.5009765625,
              0.169189453125
            ],
            [
              -0.096435546875,
              0.51171875,
              0.853515625,
              0.48388671875
            ]
          ]
        ]
      },
      {
        "psnr": 22.117725372314453,
        "distortion": 0.021654972806572914,
        "rotation_rmse": 0.015898756682872772,
        "translation_rmse_100": 0.03824909031391144,
        "t_final": [
          [
            [
              0.99853515625,
              0.0200042724609375,
              0.0474853515625,
              -0.1998291015625
            ],
            [
              0.005451202392578125,
              0.87548828125,
              -0.4833984375,
              0.190673828125
            ],
            [
              -0.051239013671875,
              0.483154296875,
              0.8740234375,
              0.462646484375
            ]
          ]
        ]
      },
      {
        "psnr": 12.971809387207031,
        "distortion": 0.04262639954686165,
        "rotation_rmse": 21.702356338500977,
        "translation_rmse_100": 11.623250961303711,
        "t_final": [
          [
            [
              0.82470703125,
              -0.560546875,
              0.0740966796875,
              -0.1907958984375
            ],
            [
              0.5595703125,
              0.7900390625,
              -0.25146484375,
              0.06732177734375
            ],
            [
              0.08245849609375,
              0.2490234375,
              0.96484375,
              0.303955078125
            ]
          ]
        ]
      },
      {
        "psnr": 13.146600723266602,
        "distortion": 0.1026371642947197,
        "rotation_rmse": 7.279945373535156,
        "translation_rmse_100": 39.86970520019531,
        "t_final": [
          [
            [
              0.990234375,
              0.09808349609375,
              -0.0975341796875,
              -0.054840087890625
            ],
            [
              -0.1263427734375,
              0.9287109375,
              -0.348876953125,
              0.60205078125
            ],
            [
              0.05633544921875,
              0.35791015625,
              0.93212890625,
              -0.07244873046875
            ]
          ]
        ]
      }
    ]
  }
}