{
  "fern_50_50": {
    "best": {
      "psnr": 22.48446273803711,
      "distortion": 0.016526686027646065,
      "rotation_rmse": 0.036376167088747025,
      "translation_rmse_100": 0.0678345113992691,
      "t_final": [
        [
          [
            0.9130859375,
            0.1810302734375,
            0.365966796875,
            -0.355224609375
          ],
          [
            0.10748291015625,
            0.75830078125,
            -0.64306640625,
            0.330810546875
          ],
          [
            -0.393798828125,
            0.62646484375,
            0.6728515625,
            0.074951171875
          ]
        ]
      ]
    },
    "stats_list": [
      {
        "psnr": 10.123011589050293,
        "distortion": 0.026495568454265594,
        "rotation_rmse": 17.595027923583984,
        "translation_rmse_100": 24.036664962768555,
        "t_final": [
          [
            [
              0.96435546875,
              -0.08551025390625,
              0.251220703125,
              -0.60009765625
            ],
            [
              0.1409912109375,
              0.96728515625,
              -0.2119140625,
              0.14453125
            ],
            [
              -0.224853515625,
              0.23974609375,
              0.9443359375,
              -0.205322265625
            ]
          ]
        ]
      },
      {
        "psnr": 22.482419967651367,
        "distortion": 0.016279179602861404,
        "rotation_rmse": 0.037058111280202866,
        "translation_rmse_100": 0.073109932243824,
        "t_final": [
          [
            [
              0.9130859375,
              0.181396484375,
              0.36572265625,
              -0.355224609375
            ],
            [
              0.10711669921875,
              0.75830078125,
              -0.64306640625,
              0.33056640625
            ],
            [
              -0.39404296875,
              0.62646484375,
              0.6728515625,
              0.07513427734375
            ]
          ]
        ]
      },
      {
        "psnr": 11.746294021606445,
        "distortion": 0.15722711384296417,
        "rotation_rmse": 14.88906192779541,
        "translation_rmse_100": 34.35503387451172,
        "t_final": [
          [
            [
              0.78662109375,
              -0.2330322265625,
              0.57177734375,
              0.0609130859375
            ],
            [
              0.47265625,
              0.8232421875,
              -0.314453125,
              -0.0888671875
            ],
            [
              -0.3974609375,
              0.517578125,
              0.7578125,
              0.1502685546875
            ]
          ]
        ]
      },
      {
        "psnr": 22.470247268676758,
        "distortion": 0.016557510942220688,
        "rotation_rmse": 0.03656723350286484,
        "translation_rmse_100": 0.06962788105010986,
        "t_final": [
          [
            [
              0.9130859375,
              0.1812744140625,
              0.36572265625,
              -0.355224609375
            ],
            [
              0.10711669921875,
              0.75830078125,
              -0.64306640625,
              0.330810546875
            ],
            [
              -0.39404296875,
              0.62646484375,
              0.6728515625,
              0.07501220703125
            ]
          ]
        ]
      },
      {
        "psnr": 11.98496150970459,
        "distortion": 0.14018064737319946,
        "rotation_rmse": 13.37398624420166,
        "translation_rmse_100": 11.674493789672852,
        "t_final": [
          [
            [
              0.8310546875,
              -0.050018310546875,
              0.5537109375,
              -0.1806640625
            ],
            [
              0.4384765625,
              0.67138671875,
              -0.59765625,
              0.355224609375
            ],
            [
              -0.341552734375,
              0.73974609375,
              0.580078125,
              -0.0264434814453125
            ]
          ]
        ]
      },
      {
        "psnr": 11.768200874328613,
        "distortion": 0.10095332562923431,
        "rotation_rmse": 24.153005599975586,
        "translation_rmse_100": 23.95673370361328,
        "t_final": [
          [
            [
              0.79541015625,
              -0.54296875,
              0.2685546875,
              -0.376220703125
            ],
            [
              0.60498046875,
              0.7353515625,
              -0.305419921875,
              -0.050567626953125
            ],
            [
              -0.03155517578125,
              0.4052734375,
              0.91357421875,
              -0.0880126953125
            ]
          ]
        ]
      },
      {
        "psnr": 22.48446273803711,
        "distortion": 0.016526686027646065,
        "rotation_rmse": 0.036376167088747025,
        "translation_rmse_100": 0.0678345113992691,
        "t_final": [
          [
            [
              0.9130859375,
              0.1810302734375,
              0.365966796875,
              -0.355224609375
            ],
            [
              0.10748291015625,
              0.75830078125,
              -0.64306640625,
              0.330810546875
            ],
            [
              -0.393798828125,
              0.62646484375,
              0.6728515625,
              0.074951171875
            ]
          ]
        ]
      },
      {
        "psnr": 11.952518463134766,
        "distortion": 0.02513251267373562,
        "rotation_rmse": 15.310552597045898,
        "translation_rmse_100": 15.82201099395752,
        "t_final": [
          [
            [
              0.86865234375,
              -0.273193359375,
              0.4130859375,
              -0.486083984375
            ],
            [
              0.403564453125,
              0.8740234375,
              -0.270263671875,
              0.162841796875
            ],
            [
              -0.287109375,
              0.401611328125,
              0.86962890625,
              -0.0975341796875
            ]
          ]
        ]
      },
      {
        "psnr": 22.471858978271484,
        "distortion": 0.016522884368896484,
        "rotation_rmse": 0.0319993756711483,
        "translation_rmse_100": 0.06962788105010986,
        "t_final": [
          [
            [
              0.9130859375,
              0.18115234375,
              0.36572265625,
              -0.355224609375
            ],
            [
              0.10711669921875,
              0.75830078125,
              -0.64306640625,
              0.330810546875
            ],
            [
              -0.393798828125,
              0.62646484375,
              0.6728515625,
              0.07501220703125
            ]
          ]
        ]
      },
      {
        "psnr": 10.983620643615723,
        "distortion": 0.022302638739347458,
        "rotation_rmse": 21.80864906311035,
        "translation_rmse_100": 45.66265106201172,
        "t_final": [
          [
            [
              0.64501953125,
              -0.300048828125,
              0.70263671875,
              -0.99755859375
            ],
            [
              0.40478515625,
              0.9140625,
              0.01873779296875,
              -0.1285400390625
            ],
            [
              -0.64794921875,
              0.2724609375,
              0.71142578125,
              0.102294921875
            ]
          ]
        ]
      }
    ]
  }
}