{
  "trex_0_100_even_odd": {
    "best": {
      "psnr": 24.504701614379883,
      "distortion": 0.011866390705108643,
      "rotation_rmse": 0.00978065188974142,
      "translation_rmse_100": 0.06337178498506546,
      "t_final": [
        [
          [
            0.791015625,
            -0.0789794921875,
            0.60693359375,
            -0.24658203125
          ],
          [
            0.3564453125,
            0.865234375,
            -0.352294921875,
            -0.06829833984375
          ],
          [
            -0.497314453125,
            0.494873046875,
            0.71240234375,
            -0.197509765625
          ]
        ]
      ]
    },
    "stats_list": [
      {
        "psnr": 11.383801460266113,
        "distortion": 0.19455988705158234,
        "rotation_rmse": 13.986883163452148,
        "translation_rmse_100": 45.85923385620117,
        "t_final": [
          [
            [
              0.7587890625,
              -0.0070648193359375,
              0.6513671875,
              0.48681640625
            ],
            [
              0.1502685546875,
              0.97509765625,
              -0.16455078125,
              0.1072998046875
            ],
            [
              -0.6337890625,
              0.22265625,
              0.74072265625,
              -0.443603515625
            ]
          ]
        ]
      },
      {
        "psnr": 11.353532791137695,
        "distortion": 0.1256280541419983,
        "rotation_rmse": 14.966670036315918,
        "translation_rmse_100": 24.34735679626465,
        "t_final": [
          [
            [
              0.73486328125,
              -0.431640625,
              0.52294921875,
              0.16162109375
            ],
            [
              0.6513671875,
              0.6640625,
              -0.36767578125,
              -0.165283203125
            ],
            [
              -0.1883544921875,
              0.61083984375,
              0.76904296875,
              -0.167236328125
            ]
          ]
        ]
      },
      {
        "psnr": 11.3173189163208,
        "distortion": 0.20524580776691437,
        "rotation_rmse": 10.920940399169922,
        "translation_rmse_100": 45.096675872802734,
        "t_final": [
          [
            [
              0.91748046875,
              -0.0111846923828125,
              0.397705078125,
              0.5224609375
            ],
            [
              0.28125,
              0.724609375,
              -0.62890625,
              0.03509521484375
            ],
            [
              -0.28125,
              0.68896484375,
              0.66796875,
              -0.1180419921875
            ]
          ]
        ]
      },
      {
        "psnr": 11.340178489685059,
        "distortion": 0.12125743925571442,
        "rotation_rmse": 14.553910255432129,
        "translation_rmse_100": 24.031696319580078,
        "t_final": [
          [
            [
              0.736328125,
              -0.425537109375,
              0.5263671875,
              0.15478515625
            ],
            [
              0.646484375,
              0.67236328125,
              -0.36083984375,
              -0.168701171875
            ],
            [
              -0.2001953125,
              0.60595703125,
              0.77001953125,
              -0.1627197265625
            ]
          ]
        ]
      },
      {
        "psnr": 11.229490280151367,
        "distortion": 0.18968279659748077,
        "rotation_rmse": 10.242449760437012,
        "translation_rmse_100": 46.20716094970703,
        "t_final": [
          [
            [
              0.79638671875,
              -0.06817626953125,
              0.60107421875,
              0.147705078125
            ],
            [
              0.222412109375,
              0.95703125,
              -0.186279296875,
              -0.1524658203125
            ],
            [
              -0.5625,
              0.281982421875,
              0.77734375,
              -0.88818359375
            ]
          ]
        ]
      },
      {
        "psnr": 24.504701614379883,
        "distortion": 0.011866390705108643,
        "rotation_rmse": 0.00978065188974142,
        "translation_rmse_100": 0.06337178498506546,
        "t_final": [
          [
            [
              0.791015625,
              -0.0789794921875,
              0.60693359375,
              -0.24658203125
            ],
            [
              0.3564453125,
              0.865234375,
              -0.352294921875,
              -0.06829833984375
            ],
            [
              -0.497314453125,
              0.494873046875,
              0.71240234375,
              -0.197509765625
            ]
          ]
        ]
      },
      {
        "psnr": 24.45682144165039,
        "distortion": 0.012033023871481419,
        "rotation_rmse": 0.018323907628655434,
        "translation_rmse_100": 0.06337178498506546,
        "t_final": [
          [
            [
              0.79052734375,
              -0.07952880859375,
              0.60693359375,
              -0.24658203125
            ],
            [
              0.35693359375,
              0.865234375,
              -0.351806640625,
              -0.06829833984375
            ],
            [
              -0.497314453125,
              0.494873046875,
              0.71240234375,
              -0.197509765625
            ]
          ]
        ]
      },
      {
        "psnr": 24.43364143371582,
        "distortion": 0.011896329000592232,
        "rotation_rmse": 0.016879286617040634,
        "translation_rmse_100": 0.05762066692113876,
        "t_final": [
          [
            [
              0.791015625,
              -0.07861328125,
              0.60693359375,
              -0.2467041015625
            ],
            [
              0.356201171875,
              0.865234375,
              -0.352294921875,
              -0.068115234375
            ],
            [
              -0.497314453125,
              0.494873046875,
              0.71240234375,
              -0.197509765625
            ]
          ]
        ]
      },
      {
        "psnr": 24.44431495666504,
        "distortion": 0.011877858079969883,
        "rotation_rmse": 0.009906085208058357,
        "translation_rmse_100": 0.04955681413412094,
        "t_final": [
          [
            [
              0.791015625,
              -0.07916259765625,
              0.60693359375,
              -0.246826171875
            ],
            [
              0.356689453125,
              0.865234375,
              -0.35205078125,
              -0.0682373046875
            ],
            [
              -0.497314453125,
              0.494873046875,
              0.71240234375,
              -0.197509765625
            ]
          ]
        ]
      },
      {
        "psnr": 24.456640243530273,
        "distortion": 0.012066168710589409,
        "rotation_rmse": 0.005488655995577574,
        "translation_rmse_100": 0.05655205622315407,
        "t_final": [
          [
            [
              0.791015625,
              -0.0789794921875,
              0.60693359375,
              -0.2467041015625
            ],
            [
              0.3564453125,
              0.865234375,
              -0.35205078125,
              -0.0682373046875
            ],
            [
              -0.49755859375,
              0.494873046875,
              0.71240234375,
              -0.197509765625
            ]
          ]
        ]
      }
    ]
  }
}