{
  "horns_50_50": {
    "best": {
      "psnr": 11.356976509094238,
      "distortion": 0.06444928795099258,
      "rotation_rmse": 22.53048324584961,
      "translation_rmse_100": 11.179510116577148,
      "t_final": [
        [
          [
            0.900390625,
            -0.33935546875,
            0.272216796875,
            -0.1500244140625
          ],
          [
            0.432373046875,
            0.767578125,
            -0.473388671875,
            0.1988525390625
          ],
          [
            -0.0482177734375,
            0.5439453125,
            0.837890625,
            -0.09149169921875
          ]
        ]
      ]
    },
    "stats_list": [
      {
        "psnr": 10.726524353027344,
        "distortion": 0.20664776861667633,
        "rotation_rmse": 15.970770835876465,
        "translation_rmse_100": 65.2469482421875,
        "t_final": [
          [
            [
              0.97509765625,
              -0.1307373046875,
              0.1783447265625,
              0.7236328125
            ],
            [
              0.1959228515625,
              0.884765625,
              -0.422607421875,
              -0.211181640625
            ],
            [
              -0.1025390625,
              0.447021484375,
              0.888671875,
              -0.994140625
            ]
          ]
        ]
      },
      {
        "psnr": 10.678824424743652,
        "distortion": 0.13184216618537903,
        "rotation_rmse": 13.727402687072754,
        "translation_rmse_100": 54.6793327331543,
        "t_final": [
          [
            [
              0.95654296875,
              -0.107666015625,
              0.271484375,
              -0.05328369140625
            ],
            [
              0.217041015625,
              0.8837890625,
              -0.414306640625,
              -0.6630859375
            ],
            [
              -0.1953125,
              0.455078125,
              0.86865234375,
              -0.7568359375
            ]
          ]
        ]
      },
      {
        "psnr": 11.356976509094238,
        "distortion": 0.06444928795099258,
        "rotation_rmse": 22.53048324584961,
        "translation_rmse_100": 11.179510116577148,
        "t_final": [
          [
            [
              0.900390625,
              -0.33935546875,
              0.272216796875,
              -0.1500244140625
            ],
            [
              0.432373046875,
              0.767578125,
              -0.473388671875,
              0.1988525390625
            ],
            [
              -0.0482177734375,
              0.5439453125,
              0.837890625,
              -0.09149169921875
            ]
          ]
        ]
      },
      {
        "psnr": 10.470287322998047,
        "distortion": 0.19572803378105164,
        "rotation_rmse": 20.45441246032715,
        "translation_rmse_100": 53.161136627197266,
        "t_final": [
          [
            [
              0.89599609375,
              -0.205322265625,
              0.394287109375,
              0.053375244140625
            ],
            [
              0.400634765625,
              0.7568359375,
              -0.51611328125,
              0.9990234375
            ],
            [
              -0.1925048828125,
              0.62060546875,
              0.76025390625,
              -0.5224609375
            ]
          ]
        ]
      },
      {
        "psnr": 11.334580421447754,
        "distortion": 0.15411172807216644,
        "rotation_rmse": 12.876908302307129,
        "translation_rmse_100": 49.893699645996094,
        "t_final": [
          [
            [
              0.94873046875,
              0.202392578125,
              0.242431640625,
              0.2196044921875
            ],
            [
              -0.158447265625,
              0.96923828125,
              -0.188720703125,
              -0.4169921875
            ],
            [
              -0.273193359375,
              0.140625,
              0.95166015625,
              -0.853515625
            ]
          ]
        ]
      },
      {
        "psnr": 11.197996139526367,
        "distortion": 0.14751480519771576,
        "rotation_rmse": 8.26975154876709,
        "translation_rmse_100": 49.55250549316406,
        "t_final": [
          [
            [
              0.8720703125,
              0.35791015625,
              0.334228515625,
              0.79443359375
            ],
            [
              -0.158935546875,
              0.8525390625,
              -0.498291015625,
              0.2861328125
            ],
            [
              -0.463134765625,
              0.38134765625,
              0.7998046875,
              -0.141845703125
            ]
          ]
        ]
      },
      {
        "psnr": 11.032522201538086,
        "distortion": 0.2056272029876709,
        "rotation_rmse": 13.66143798828125,
        "translation_rmse_100": 81.33255004882812,
        "t_final": [
          [
            [
              0.919921875,
              0.06793212890625,
              0.38671875,
              1.31640625
            ],
            [
              0.178466796875,
              0.80517578125,
              -0.56591796875,
              0.455078125
            ],
            [
              -0.349853515625,
              0.58935546875,
              0.72802734375,
              -0.07098388671875
            ]
          ]
        ]
      },
      {
        "psnr": 10.826510429382324,
        "distortion": 0.2149406224489212,
        "rotation_rmse": 13.346120834350586,
        "translation_rmse_100": 64.79107666015625,
        "t_final": [
          [
            [
              0.9794921875,
              0.1651611328125,
              0.11407470703125,
              0.447509765625
            ],
            [
              -0.10693359375,
              0.91015625,
              -0.39990234375,
              -0.341064453125
            ],
            [
              -0.169921875,
              0.379638671875,
              0.9091796875,
              0.6552734375
            ]
          ]
        ]
      },
      {
        "psnr": 10.141233444213867,
        "distortion": 0.012175461277365685,
        "rotation_rmse": 7.292106628417969,
        "translation_rmse_100": 30.86557388305664,
        "t_final": [
          [
            [
              0.9345703125,
              -0.0035552978515625,
              0.355712890625,
              -0.455810546875
            ],
            [
              0.082763671875,
              0.974609375,
              -0.207763671875,
              -0.1773681640625
            ],
            [
              -0.345947265625,
              0.2236328125,
              0.9111328125,
              -0.386962890625
            ]
          ]
        ]
      },
      {
        "psnr": 9.881099700927734,
        "distortion": 0.03575709089636803,
        "rotation_rmse": 29.40678596496582,
        "translation_rmse_100": 29.84906768798828,
        "t_final": [
          [
            [
              0.7626953125,
              -0.36474609375,
              0.5341796875,
              -0.27392578125
            ],
            [
              0.630859375,
              0.6025390625,
              -0.489013671875,
              -0.2337646484375
            ],
            [
              -0.143310546875,
              0.7099609375,
              0.68994140625,
              -0.525390625
            ]
          ]
        ]
      }
    ]
  }
}