{
  "room_30_70_even_odd": {
    "best": {
      "psnr": 29.67176055908203,
      "distortion": 0.01066106278449297,
      "rotation_rmse": 0.02480040118098259,
      "translation_rmse_100": 0.027960140258073807,
      "t_final": [
        [
          [
            0.99853515625,
            0.0197906494140625,
            0.04852294921875,
            -0.19970703125
          ],
          [
            0.006145477294921875,
            0.87548828125,
            -0.4833984375,
            0.1904296875
          ],
          [
            -0.052032470703125,
            0.483154296875,
            0.8740234375,
            0.463134765625
          ]
        ]
      ]
    },
    "stats_list": [
      {
        "psnr": 29.607677459716797,
        "distortion": 0.010787777602672577,
        "rotation_rmse": 0.021647358313202858,
        "translation_rmse_100": 0.04097462072968483,
        "t_final": [
          [
            [
              0.99853515625,
              0.0198822021484375,
              0.048431396484375,
              -0.199951171875
            ],
            [
              0.006015777587890625,
              0.87548828125,
              -0.4833984375,
              0.1905517578125
            ],
            [
              -0.052001953125,
              0.483154296875,
              0.8740234375,
              0.463134765625
            ]
          ]
        ]
      },
      {
        "psnr": 29.545907974243164,
        "distortion": 0.010780311189591885,
        "rotation_rmse": 0.020717691630125046,
        "translation_rmse_100": 0.04097462072968483,
        "t_final": [
          [
            [
              0.99853515625,
              0.019927978515625,
              0.04840087890625,
              -0.199951171875
            ],
            [
              0.005962371826171875,
              0.87548828125,
              -0.4833984375,
              0.1905517578125
            ],
            [
              -0.052001953125,
              0.483154296875,
              0.8740234375,
              0.463134765625
            ]
          ]
        ]
      },
      {
        "psnr": 29.67176055908203,
        "distortion": 0.01066106278449297,
        "rotation_rmse": 0.02480040118098259,
        "translation_rmse_100": 0.027960140258073807,
        "t_final": [
          [
            [
              0.99853515625,
              0.0197906494140625,
              0.04852294921875,
              -0.19970703125
            ],
            [
              0.006145477294921875,
              0.87548828125,
              -0.4833984375,
              0.1904296875
            ],
            [
              -0.052032470703125,
              0.483154296875,
              0.8740234375,
              0.463134765625
            ]
          ]
        ]
      },
      {
        "psnr": 29.554706573486328,
        "distortion": 0.01072300411760807,
        "rotation_rmse": 0.01630917564034462,
        "translation_rmse_100": 0.0362083837389946,
        "t_final": [
          [
            [
              0.99853515625,
              0.02001953125,
              0.048309326171875,
              -0.1998291015625
            ],
            [
              0.005863189697265625,
              0.875,
              -0.48388671875,
              0.1903076171875
            ],
            [
              -0.051971435546875,
              0.4833984375,
              0.8740234375,
              0.463134765625
            ]
          ]
        ]
      },
      {
        "psnr": 13.645669937133789,
        "distortion": 0.03680156171321869,
        "rotation_rmse": 22.82368278503418,
        "translation_rmse_100": 32.81141662597656,
        "t_final": [
          [
            [
              0.77685546875,
              -0.498291015625,
              0.384521484375,
              -0.2457275390625
            ],
            [
              0.57373046875,
              0.81201171875,
              -0.106689453125,
              -0.366455078125
            ],
            [
              -0.259033203125,
              0.303466796875,
              0.9169921875,
              0.56591796875
            ]
          ]
        ]
      },
      {
        "psnr": 12.480273246765137,
        "distortion": 0.09543384611606598,
        "rotation_rmse": 16.563562393188477,
        "translation_rmse_100": 29.843568801879883,
        "t_final": [
          [
            [
              0.9921875,
              0.07080078125,
              0.10357666015625,
              0.100830078125
            ],
            [
              -0.069091796875,
              0.99755859375,
              -0.0203094482421875,
              0.44921875
            ],
            [
              -0.104736328125,
              0.0129852294921875,
              0.99462890625,
              0.1309814453125
            ]
          ]
        ]
      },
      {
        "psnr": 29.583881378173828,
        "distortion": 0.010718891397118568,
        "rotation_rmse": 0.022275513038039207,
        "translation_rmse_100": 0.04782102257013321,
        "t_final": [
          [
            [
              0.99853515625,
              0.0199737548828125,
              0.0484619140625,
              -0.2000732421875
            ],
            [
              0.005950927734375,
              0.87548828125,
              -0.4833984375,
              0.1905517578125
            ],
            [
              -0.05206298828125,
              0.483154296875,
              0.8740234375,
              0.463134765625
            ]
          ]
        ]
      },
      {
        "psnr": 29.58367156982422,
        "distortion": 0.010677427984774113,
        "rotation_rmse": 0.025652261450886726,
        "translation_rmse_100": 0.04122629389166832,
        "t_final": [
          [
            [
              0.99853515625,
              0.0197296142578125,
              0.04852294921875,
              -0.199951171875
            ],
            [
              0.006191253662109375,
              0.87548828125,
              -0.4833984375,
              0.1904296875
            ],
            [
              -0.052032470703125,
              0.483154296875,
              0.8740234375,
              0.463134765625
            ]
          ]
        ]
      },
      {
        "psnr": 13.401915550231934,
        "distortion": 0.01522553339600563,
        "rotation_rmse": 17.98017692565918,
        "translation_rmse_100": 16.101022720336914,
        "t_final": [
          [
            [
              0.85791015625,
              -0.47314453125,
              0.199462890625,
              -0.3134765625
            ],
            [
              0.51318359375,
              0.77880859375,
              -0.360595703125,
              -0.058868408203125
            ],
            [
              0.01535797119140625,
              0.411865234375,
              0.9111328125,
              0.41259765625
            ]
          ]
        ]
      },
      {
        "psnr": 12.648871421813965,
        "distortion": 0.11513368785381317,
        "rotation_rmse": 2.238874912261963,
        "translation_rmse_100": 44.3873291015625,
        "t_final": [
          [
            [
              0.99560546875,
              0.07550048828125,
              0.055419921875,
              0.263671875
            ],
            [
              -0.04205322265625,
              0.88916015625,
              -0.45556640625,
              0.429931640625
            ],
            [
              -0.08367919921875,
              0.451171875,
              0.888671875,
              -0.10223388671875
            ]
          ]
        ]
      }
    ]
  }
}