{
  "trex_50_50": {
    "best": {
      "psnr": 22.342132568359375,
      "distortion": 0.015583708882331848,
      "rotation_rmse": 0.021895356476306915,
      "translation_rmse_100": 0.04927300661802292,
      "t_final": [
        [
          [
            0.791015625,
            -0.07830810546875,
            0.60693359375,
            -0.246826171875
          ],
          [
            0.356201171875,
            0.865234375,
            -0.352783203125,
            -0.068359375
          ],
          [
            -0.49755859375,
            0.4951171875,
            0.71240234375,
            -0.1973876953125
          ]
        ]
      ]
    },
    "stats_list": [
      {
        "psnr": 11.02333927154541,
        "distortion": 0.06617531180381775,
        "rotation_rmse": 18.466615676879883,
        "translation_rmse_100": 41.31319808959961,
        "t_final": [
          [
            [
              0.63671875,
              -0.6474609375,
              0.418212890625,
              -0.1478271484375
            ],
            [
              0.72021484375,
              0.69384765625,
              -0.02227783203125,
              -0.76611328125
            ],
            [
              -0.275634765625,
              0.315185546875,
              0.908203125,
              -0.320556640625
            ]
          ]
        ]
      },
      {
        "psnr": 9.662429809570312,
        "distortion": 0.010541214607656002,
        "rotation_rmse": 7.321132659912109,
        "translation_rmse_100": 23.434585571289062,
        "t_final": [
          [
            [
              0.70703125,
              -0.09320068359375,
              0.70068359375,
              -0.425048828125
            ],
            [
              0.46435546875,
              0.80859375,
              -0.361083984375,
              -0.349609375
            ],
            [
              -0.533203125,
              0.5810546875,
              0.61474609375,
              0.035308837890625
            ]
          ]
        ]
      },
      {
        "psnr": 12.173516273498535,
        "distortion": 0.12238774448633194,
        "rotation_rmse": 9.285375595092773,
        "translation_rmse_100": 11.4536714553833,
        "t_final": [
          [
            [
              0.82421875,
              -0.335205078125,
              0.456787109375,
              -0.09210205078125
            ],
            [
              0.48388671875,
              0.83544921875,
              -0.26025390625,
              -0.0171051025390625
            ],
            [
              -0.294189453125,
              0.435302734375,
              0.8505859375,
              -0.08551025390625
            ]
          ]
        ]
      },
      {
        "psnr": 10.950361251831055,
        "distortion": 0.2141515612602234,
        "rotation_rmse": 20.07759666442871,
        "translation_rmse_100": 60.75583267211914,
        "t_final": [
          [
            [
              0.8017578125,
              -0.399658203125,
              0.4443359375,
              0.50634765625
            ],
            [
              0.59765625,
              0.53857421875,
              -0.59375,
              0.47509765625
            ],
            [
              -0.0019063949584960938,
              0.74169921875,
              0.6708984375,
              -0.69091796875
            ]
          ]
        ]
      },
      {
        "psnr": 22.292882919311523,
        "distortion": 0.015615327283740044,
        "rotation_rmse": 0.01773652248084545,
        "translation_rmse_100": 0.058384187519550323,
        "t_final": [
          [
            [
              0.791015625,
              -0.0784912109375,
              0.60693359375,
              -0.2467041015625
            ],
            [
              0.356201171875,
              0.865234375,
              -0.3525390625,
              -0.068115234375
            ],
            [
              -0.49755859375,
              0.4951171875,
              0.71240234375,
              -0.197265625
            ]
          ]
        ]
      },
      {
        "psnr": 22.293317794799805,
        "distortion": 0.015200342983007431,
        "rotation_rmse": 0.02520638331770897,
        "translation_rmse_100": 0.028309086337685585,
        "t_final": [
          [
            [
              0.791015625,
              -0.07916259765625,
              0.6064453125,
              -0.2471923828125
            ],
            [
              0.356689453125,
              0.865234375,
              -0.35205078125,
              -0.06829833984375
            ],
            [
              -0.4970703125,
              0.494873046875,
              0.712890625,
              -0.197509765625
            ]
          ]
        ]
      },
      {
        "psnr": 22.289461135864258,
        "distortion": 0.015697406604886055,
        "rotation_rmse": 0.015064403414726257,
        "translation_rmse_100": 0.04308321326971054,
        "t_final": [
          [
            [
              0.791015625,
              -0.0784912109375,
              0.60693359375,
              -0.2469482421875
            ],
            [
              0.3564453125,
              0.865234375,
              -0.3525390625,
              -0.06817626953125
            ],
            [
              -0.49755859375,
              0.4951171875,
              0.71240234375,
              -0.1973876953125
            ]
          ]
        ]
      },
      {
        "psnr": 11.661595344543457,
        "distortion": 0.18110407888889313,
        "rotation_rmse": 29.254413604736328,
        "translation_rmse_100": 59.92930603027344,
        "t_final": [
          [
            [
              0.6884765625,
              0.31005859375,
              0.6552734375,
              0.6923828125
            ],
            [
              -0.1751708984375,
              0.9482421875,
              -0.2646484375,
              -0.49951171875
            ],
            [
              -0.70361328125,
              0.0675048828125,
              0.70751953125,
              -0.285888671875
            ]
          ]
        ]
      },
      {
        "psnr": 11.02596664428711,
        "distortion": 0.043875712901353836,
        "rotation_rmse": 12.316771507263184,
        "translation_rmse_100": 16.16315460205078,
        "t_final": [
          [
            [
              0.6533203125,
              -0.03948974609375,
              0.75634765625,
              -0.133544921875
            ],
            [
              0.50341796875,
              0.76806640625,
              -0.39501953125,
              0.18701171875
            ],
            [
              -0.5654296875,
              0.63916015625,
              0.52197265625,
              -0.209716796875
            ]
          ]
        ]
      },
      {
        "psnr": 22.342132568359375,
        "distortion": 0.015583708882331848,
        "rotation_rmse": 0.021895356476306915,
        "translation_rmse_100": 0.04927300661802292,
        "t_final": [
          [
            [
              0.791015625,
              -0.07830810546875,
              0.60693359375,
              -0.246826171875
            ],
            [
              0.356201171875,
              0.865234375,
              -0.352783203125,
              -0.068359375
            ],
            [
              -0.49755859375,
              0.4951171875,
              0.71240234375,
              -0.1973876953125
            ]
          ]
        ]
      }
    ]
  }
}