{
  "room_0_100_even_odd": {
    "best": {
      "psnr": 19.44771957397461,
      "distortion": 0.012904807925224304,
      "rotation_rmse": 0.6127800345420837,
      "translation_rmse_100": 0.7642505168914795,
      "t_final": [
        [
          [
            0.99853515625,
            0.037567138671875,
            0.042236328125,
            -0.1951904296875
          ],
          [
            -0.0124664306640625,
            0.875,
            -0.48388671875,
            0.2030029296875
          ],
          [
            -0.055145263671875,
            0.482666015625,
            0.8740234375,
            0.464599609375
          ]
        ]
      ]
    },
    "stats_list": [
      {
        "psnr": 13.806192398071289,
        "distortion": 0.010364298708736897,
        "rotation_rmse": 8.06814193725586,
        "translation_rmse_100": 10.915435791015625,
        "t_final": [
          [
            [
              0.98681640625,
              -0.12286376953125,
              -0.103515625,
              -0.354248046875
            ],
            [
              0.07562255859375,
              0.923828125,
              -0.37548828125,
              0.25048828125
            ],
            [
              0.1417236328125,
              0.362548828125,
              0.9208984375,
              0.372802734375
            ]
          ]
        ]
      },
      {
        "psnr": 13.5125732421875,
        "distortion": 0.14288805425167084,
        "rotation_rmse": 7.616583824157715,
        "translation_rmse_100": 24.849029541015625,
        "t_final": [
          [
            [
              0.99658203125,
              -0.06231689453125,
              -0.054290771484375,
              0.227294921875
            ],
            [
              0.042388916015625,
              0.94921875,
              -0.311279296875,
              0.1572265625
            ],
            [
              0.0709228515625,
              0.307861328125,
              0.94873046875,
              0.416259765625
            ]
          ]
        ]
      },
      {
        "psnr": 13.155248641967773,
        "distortion": 0.1942036896944046,
        "rotation_rmse": 13.029936790466309,
        "translation_rmse_100": 55.191715240478516,
        "t_final": [
          [
            [
              0.98193359375,
              -0.15380859375,
              -0.11163330078125,
              0.61328125
            ],
            [
              0.12939453125,
              0.97119140625,
              -0.19970703125,
              0.32861328125
            ],
            [
              0.13916015625,
              0.181640625,
              0.9736328125,
              -0.021331787109375
            ]
          ]
        ]
      },
      {
        "psnr": 14.496498107910156,
        "distortion": 0.0347360260784626,
        "rotation_rmse": 4.631476402282715,
        "translation_rmse_100": 7.377089500427246,
        "t_final": [
          [
            [
              0.99169921875,
              -0.11785888671875,
              0.049163818359375,
              -0.09637451171875
            ],
            [
              0.1273193359375,
              0.88134765625,
              -0.455078125,
              0.1156005859375
            ],
            [
              0.01031494140625,
              0.45751953125,
              0.88916015625,
              0.45166015625
            ]
          ]
        ]
      },
      {
        "psnr": 12.210092544555664,
        "distortion": 0.14998382329940796,
        "rotation_rmse": 24.21210479736328,
        "translation_rmse_100": 44.14984130859375,
        "t_final": [
          [
            [
              0.75,
              -0.54931640625,
              0.368408203125,
              0.2130126953125
            ],
            [
              0.62109375,
              0.7763671875,
              -0.1064453125,
              -0.4404296875
            ],
            [
              -0.2276611328125,
              0.30859375,
              0.92333984375,
              0.333740234375
            ]
          ]
        ]
      },
      {
        "psnr": 13.212084770202637,
        "distortion": 0.1616191416978836,
        "rotation_rmse": 3.596920967102051,
        "translation_rmse_100": 38.91917037963867,
        "t_final": [
          [
            [
              0.9990234375,
              0.005222320556640625,
              0.041412353515625,
              0.430908203125
            ],
            [
              0.01120758056640625,
              0.92236328125,
              -0.386474609375,
              -0.046051025390625
            ],
            [
              -0.04022216796875,
              0.386474609375,
              0.92138671875,
              0.426513671875
            ]
          ]
        ]
      },
      {
        "psnr": 13.395772933959961,
        "distortion": 0.17942367494106293,
        "rotation_rmse": 12.791182518005371,
        "translation_rmse_100": 28.83197593688965,
        "t_final": [
          [
            [
              0.98193359375,
              -0.1734619140625,
              -0.07220458984375,
              0.29931640625
            ],
            [
              0.1563720703125,
              0.9677734375,
              -0.1986083984375,
              0.2144775390625
            ],
            [
              0.10430908203125,
              0.1837158203125,
              0.9775390625,
              0.47802734375
            ]
          ]
        ]
      },
      {
        "psnr": 19.44771957397461,
        "distortion": 0.012904807925224304,
        "rotation_rmse": 0.6127800345420837,
        "translation_rmse_100": 0.7642505168914795,
        "t_final": [
          [
            [
              0.99853515625,
              0.037567138671875,
              0.042236328125,
              -0.1951904296875
            ],
            [
              -0.0124664306640625,
              0.875,
              -0.48388671875,
              0.2030029296875
            ],
            [
              -0.055145263671875,
              0.482666015625,
              0.8740234375,
              0.464599609375
            ]
          ]
        ]
      },
      {
        "psnr": 13.113387107849121,
        "distortion": 0.11065017431974411,
        "rotation_rmse": 13.32928466796875,
        "translation_rmse_100": 7.342674732208252,
        "t_final": [
          [
            [
              0.96240234375,
              -0.2227783203125,
              -0.155517578125,
              -0.09619140625
            ],
            [
              0.1728515625,
              0.94384765625,
              -0.281982421875,
              0.2481689453125
            ],
            [
              0.2095947265625,
              0.2445068359375,
              0.94677734375,
              0.415771484375
            ]
          ]
        ]
      },
      {
        "psnr": 12.803231239318848,
        "distortion": 0.18604667484760284,
        "rotation_rmse": 5.50243616104126,
        "translation_rmse_100": 65.99366760253906,
        "t_final": [
          [
            [
              0.998046875,
              0.032745361328125,
              0.052337646484375,
              0.64990234375
            ],
            [
              -0.01336669921875,
              0.9423828125,
              -0.33447265625,
              0.6787109375
            ],
            [
              -0.060272216796875,
              0.3330078125,
              0.94091796875,
              -0.126220703125
            ]
          ]
        ]
      }
    ]
  }
}