{
  "fern_0_100_even_odd": {
    "best": {
      "psnr": 24.70345115661621,
      "distortion": 0.018443012610077858,
      "rotation_rmse": 0.021407615393400192,
      "translation_rmse_100": 0.035352542996406555,
      "t_final": [
        [
          [
            0.91357421875,
            0.1807861328125,
            0.36474609375,
            -0.353759765625
          ],
          [
            0.10650634765625,
            0.75830078125,
            -0.64306640625,
            0.3310546875
          ],
          [
            -0.392822265625,
            0.6259765625,
            0.67333984375,
            0.0743408203125
          ]
        ]
      ]
    },
    "stats_list": [
      {
        "psnr": 10.471909523010254,
        "distortion": 0.024184411391615868,
        "rotation_rmse": 18.70984649658203,
        "translation_rmse_100": 18.866214752197266,
        "t_final": [
          [
            [
              0.9501953125,
              -0.1845703125,
              0.251708984375,
              -0.488037109375
            ],
            [
              0.2322998046875,
              0.95654296875,
              -0.1756591796875,
              0.2105712890625
            ],
            [
              -0.208251953125,
              0.225341796875,
              0.95166015625,
              -0.198486328125
            ]
          ]
        ]
      },
      {
        "psnr": 11.01891040802002,
        "distortion": 0.14889799058437347,
        "rotation_rmse": 13.136268615722656,
        "translation_rmse_100": 19.184656143188477,
        "t_final": [
          [
            [
              0.951171875,
              -0.0169525146484375,
              0.30859375,
              -0.1357421875
            ],
            [
              0.12200927734375,
              0.93798828125,
              -0.32470703125,
              0.29345703125
            ],
            [
              -0.283935546875,
              0.346435546875,
              0.89404296875,
              -0.1732177734375
            ]
          ]
        ]
      },
      {
        "psnr": 11.698813438415527,
        "distortion": 0.222224161028862,
        "rotation_rmse": 21.260662078857422,
        "translation_rmse_100": 38.43971633911133,
        "t_final": [
          [
            [
              0.5888671875,
              -0.12939453125,
              0.7978515625,
              0.2205810546875
            ],
            [
              0.47705078125,
              0.85205078125,
              -0.214111328125,
              0.026153564453125
            ],
            [
              -0.65234375,
              0.5068359375,
              0.5634765625,
              0.2164306640625
            ]
          ]
        ]
      },
      {
        "psnr": 12.592284202575684,
        "distortion": 0.11298839002847672,
        "rotation_rmse": 8.754374504089355,
        "translation_rmse_100": 6.349094390869141,
        "t_final": [
          [
            [
              0.86669921875,
              -0.0643310546875,
              0.49462890625,
              -0.24951171875
            ],
            [
              0.31103515625,
              0.8447265625,
              -0.435302734375,
              0.322265625
            ],
            [
              -0.389892578125,
              0.53125,
              0.75244140625,
              0.04180908203125
            ]
          ]
        ]
      },
      {
        "psnr": 11.00649642944336,
        "distortion": 0.07062697410583496,
        "rotation_rmse": 20.33971405029297,
        "translation_rmse_100": 54.25136184692383,
        "t_final": [
          [
            [
              0.6416015625,
              -0.2327880859375,
              0.73095703125,
              -0.32421875
            ],
            [
              0.5498046875,
              0.80419921875,
              -0.2264404296875,
              -0.5966796875
            ],
            [
              -0.53515625,
              0.546875,
              0.64404296875,
              0.22314453125
            ]
          ]
        ]
      },
      {
        "psnr": 11.83425521850586,
        "distortion": 0.08221229910850525,
        "rotation_rmse": 5.964311599731445,
        "translation_rmse_100": 68.71688079833984,
        "t_final": [
          [
            [
              0.8916015625,
              0.0994873046875,
              0.44189453125,
              -0.2021484375
            ],
            [
              0.2449951171875,
              0.71484375,
              -0.6552734375,
              -0.8388671875
            ],
            [
              -0.380859375,
              0.6923828125,
              0.61279296875,
              -0.08599853515625
            ]
          ]
        ]
      },
      {
        "psnr": 24.70345115661621,
        "distortion": 0.018443012610077858,
        "rotation_rmse": 0.021407615393400192,
        "translation_rmse_100": 0.035352542996406555,
        "t_final": [
          [
            [
              0.91357421875,
              0.1807861328125,
              0.36474609375,
              -0.353759765625
            ],
            [
              0.10650634765625,
              0.75830078125,
              -0.64306640625,
              0.3310546875
            ],
            [
              -0.392822265625,
              0.6259765625,
              0.67333984375,
              0.0743408203125
            ]
          ]
        ]
      },
      {
        "psnr": 10.464465141296387,
        "distortion": 0.08337520807981491,
        "rotation_rmse": 7.893355369567871,
        "translation_rmse_100": 80.52631378173828,
        "t_final": [
          [
            [
              0.90673828125,
              -0.0689697265625,
              0.41552734375,
              0.30224609375
            ],
            [
              0.291259765625,
              0.8154296875,
              -0.5,
              -0.83837890625
            ],
            [
              -0.304443359375,
              0.57470703125,
              0.759765625,
              -0.31005859375
            ]
          ]
        ]
      },
      {
        "psnr": 10.797597885131836,
        "distortion": 0.05444744601845741,
        "rotation_rmse": 16.077573776245117,
        "translation_rmse_100": 12.59641170501709,
        "t_final": [
          [
            [
              0.98193359375,
              -0.1336669921875,
              0.1331787109375,
              -0.261474609375
            ],
            [
              0.1744384765625,
              0.912109375,
              -0.37109375,
              0.2802734375
            ],
            [
              -0.0718994140625,
              0.3876953125,
              0.9189453125,
              -0.1165771484375
            ]
          ]
        ]
      },
      {
        "psnr": 10.67815113067627,
        "distortion": 0.06030202656984329,
        "rotation_rmse": 21.639293670654297,
        "translation_rmse_100": 53.07051467895508,
        "t_final": [
          [
            [
              0.64453125,
              -0.3310546875,
              0.68896484375,
              -0.118408203125
            ],
            [
              0.461669921875,
              0.88671875,
              -0.00572967529296875,
              -0.5537109375
            ],
            [
              -0.609375,
              0.32177734375,
              0.724609375,
              0.1595458984375
            ]
          ]
        ]
      }
    ]
  }
}