{
  "horns_30_70_even_odd": {
    "best": {
      "psnr": 11.619022369384766,
      "distortion": 0.20494771003723145,
      "rotation_rmse": 9.94699764251709,
      "translation_rmse_100": 51.9556884765625,
      "t_final": [
        [
          [
            0.8359375,
            0.43017578125,
            0.341064453125,
            0.8544921875
          ],
          [
            -0.2047119140625,
            0.82080078125,
            -0.533203125,
            0.177734375
          ],
          [
            -0.50927734375,
            0.375732421875,
            0.7744140625,
            -0.257080078125
          ]
        ]
      ]
    },
    "stats_list": [
      {
        "psnr": 11.170032501220703,
        "distortion": 0.22164030373096466,
        "rotation_rmse": 21.66202163696289,
        "translation_rmse_100": 65.33129119873047,
        "t_final": [
          [
            [
              0.98291015625,
              -0.17529296875,
              -0.0517578125,
              0.66357421875
            ],
            [
              0.1536865234375,
              0.94580078125,
              -0.285400390625,
              -0.73193359375
            ],
            [
              0.09893798828125,
              0.272705078125,
              0.95703125,
              -0.43505859375
            ]
          ]
        ]
      },
      {
        "psnr": 10.421258926391602,
        "distortion": 0.16830290853977203,
        "rotation_rmse": 18.488895416259766,
        "translation_rmse_100": 36.69955825805664,
        "t_final": [
          [
            [
              0.88330078125,
              -0.26416015625,
              0.387451171875,
              0.41064453125
            ],
            [
              0.41796875,
              0.8173828125,
              -0.395751953125,
              -0.09130859375
            ],
            [
              -0.2120361328125,
              0.51171875,
              0.83251953125,
              -0.62353515625
            ]
          ]
        ]
      },
      {
        "psnr": 10.494039535522461,
        "distortion": 0.02243352308869362,
        "rotation_rmse": 15.123889923095703,
        "translation_rmse_100": 19.156749725341797,
        "t_final": [
          [
            [
              0.79736328125,
              -0.17822265625,
              0.576171875,
              -0.260009765625
            ],
            [
              0.391845703125,
              0.87939453125,
              -0.2705078125,
              -0.119873046875
            ],
            [
              -0.45849609375,
              0.441650390625,
              0.77099609375,
              -0.2763671875
            ]
          ]
        ]
      },
      {
        "psnr": 11.295110702514648,
        "distortion": 0.20351268351078033,
        "rotation_rmse": 21.599145889282227,
        "translation_rmse_100": 29.68857192993164,
        "t_final": [
          [
            [
              0.935546875,
              -0.05523681640625,
              0.34814453125,
              0.01983642578125
            ],
            [
              0.28955078125,
              0.68408203125,
              -0.66943359375,
              0.14404296875
            ],
            [
              -0.2012939453125,
              0.7275390625,
              0.65576171875,
              -0.74755859375
            ]
          ]
        ]
      },
      {
        "psnr": 11.021279335021973,
        "distortion": 0.18880194425582886,
        "rotation_rmse": 15.226982116699219,
        "translation_rmse_100": 54.74203109741211,
        "t_final": [
          [
            [
              0.9853515625,
              -0.064697265625,
              0.15673828125,
              0.111083984375
            ],
            [
              0.128662109375,
              0.8876953125,
              -0.4423828125,
              -0.66943359375
            ],
            [
              -0.11053466796875,
              0.4560546875,
              0.8828125,
              -0.72509765625
            ]
          ]
        ]
      },
      {
        "psnr": 11.082900047302246,
        "distortion": 0.21109405159950256,
        "rotation_rmse": 13.17304515838623,
        "translation_rmse_100": 65.6074447631836,
        "t_final": [
          [
            [
              0.82568359375,
              0.363037109375,
              0.431884765625,
              0.8388671875
            ],
            [
              0.0175933837890625,
              0.748046875,
              -0.6630859375,
              -0.4658203125
            ],
            [
              -0.56396484375,
              0.55517578125,
              0.611328125,
              0.1605224609375
            ]
          ]
        ]
      },
      {
        "psnr": 11.619022369384766,
        "distortion": 0.20494771003723145,
        "rotation_rmse": 9.94699764251709,
        "translation_rmse_100": 51.9556884765625,
        "t_final": [
          [
            [
              0.8359375,
              0.43017578125,
              0.341064453125,
              0.8544921875
            ],
            [
              -0.2047119140625,
              0.82080078125,
              -0.533203125,
              0.177734375
            ],
            [
              -0.50927734375,
              0.375732421875,
              0.7744140625,
              -0.257080078125
            ]
          ]
        ]
      },
      {
        "psnr": 11.324372291564941,
        "distortion": 0.2031969279050827,
        "rotation_rmse": 10.27919864654541,
        "translation_rmse_100": 67.59599304199219,
        "t_final": [
          [
            [
              0.94775390625,
              0.11309814453125,
              0.297607421875,
              0.86572265625
            ],
            [
              0.058502197265625,
              0.85693359375,
              -0.51220703125,
              0.002716064453125
            ],
            [
              -0.31298828125,
              0.5029296875,
              0.8056640625,
              0.48876953125
            ]
          ]
        ]
      },
      {
        "psnr": 10.55000114440918,
        "distortion": 0.019260728731751442,
        "rotation_rmse": 10.046857833862305,
        "translation_rmse_100": 29.822345733642578,
        "t_final": [
          [
            [
              0.8740234375,
              -0.1934814453125,
              0.4453125,
              -0.409912109375
            ],
            [
              0.253173828125,
              0.96435546875,
              -0.07794189453125,
              -0.211181640625
            ],
            [
              -0.414306640625,
              0.180908203125,
              0.89208984375,
              -0.36865234375
            ]
          ]
        ]
      },
      {
        "psnr": 11.157175064086914,
        "distortion": 0.15161697566509247,
        "rotation_rmse": 31.62633514404297,
        "translation_rmse_100": 52.7393798828125,
        "t_final": [
          [
            [
              0.84033203125,
              -0.53662109375,
              -0.07696533203125,
              0.15673828125
            ],
            [
              0.455810546875,
              0.7763671875,
              -0.43505859375,
              -0.6865234375
            ],
            [
              0.293212890625,
              0.33056640625,
              0.89697265625,
              -0.59716796875
            ]
          ]
        ]
      }
    ]
  }
}