{
  "trex_30_70_even_odd": {
    "best": {
      "psnr": 22.185705184936523,
      "distortion": 0.012940101325511932,
      "rotation_rmse": 0.02524237148463726,
      "translation_rmse_100": 0.06594334542751312,
      "t_final": [
        [
          [
            0.791015625,
            -0.0791015625,
            0.6064453125,
            -0.24658203125
          ],
          [
            0.356689453125,
            0.865234375,
            -0.35205078125,
            -0.0682373046875
          ],
          [
            -0.4970703125,
            0.494873046875,
            0.712890625,
            -0.19775390625
          ]
        ]
      ]
    },
    "stats_list": [
      {
        "psnr": 11.556336402893066,
        "distortion": 0.2135452926158905,
        "rotation_rmse": 6.6233673095703125,
        "translation_rmse_100": 70.43878936767578,
        "t_final": [
          [
            [
              0.75146484375,
              0.030792236328125,
              0.6591796875,
              0.9453125
            ],
            [
              0.2392578125,
              0.91796875,
              -0.31591796875,
              -0.1260986328125
            ],
            [
              -0.61474609375,
              0.39501953125,
              0.6826171875,
              -0.4462890625
            ]
          ]
        ]
      },
      {
        "psnr": 22.185705184936523,
        "distortion": 0.012940101325511932,
        "rotation_rmse": 0.02524237148463726,
        "translation_rmse_100": 0.06594334542751312,
        "t_final": [
          [
            [
              0.791015625,
              -0.0791015625,
              0.6064453125,
              -0.24658203125
            ],
            [
              0.356689453125,
              0.865234375,
              -0.35205078125,
              -0.0682373046875
            ],
            [
              -0.4970703125,
              0.494873046875,
              0.712890625,
              -0.19775390625
            ]
          ]
        ]
      },
      {
        "psnr": 11.505579948425293,
        "distortion": 0.20211751759052277,
        "rotation_rmse": 11.12209701538086,
        "translation_rmse_100": 46.74942398071289,
        "t_final": [
          [
            [
              0.93359375,
              0.083984375,
              0.347900390625,
              0.55517578125
            ],
            [
              0.139404296875,
              0.81005859375,
              -0.5693359375,
              -0.11749267578125
            ],
            [
              -0.329833984375,
              0.580078125,
              0.74462890625,
              -0.1043701171875
            ]
          ]
        ]
      },
      {
        "psnr": 11.470144271850586,
        "distortion": 0.031911756843328476,
        "rotation_rmse": 6.133646488189697,
        "translation_rmse_100": 12.227266311645508,
        "t_final": [
          [
            [
              0.83935546875,
              -0.219482421875,
              0.4970703125,
              -0.058013916015625
            ],
            [
              0.424560546875,
              0.8359375,
              -0.347900390625,
              -0.1590576171875
            ],
            [
              -0.339111328125,
              0.5029296875,
              0.794921875,
              -0.1719970703125
            ]
          ]
        ]
      },
      {
        "psnr": 11.4955472946167,
        "distortion": 0.18798327445983887,
        "rotation_rmse": 16.147167205810547,
        "translation_rmse_100": 47.258243560791016,
        "t_final": [
          [
            [
              0.79736328125,
              0.0219573974609375,
              0.60302734375,
              0.214111328125
            ],
            [
              0.09844970703125,
              0.9814453125,
              -0.166015625,
              0.0257415771484375
            ],
            [
              -0.59521484375,
              0.191650390625,
              0.7802734375,
              -0.86669921875
            ]
          ]
        ]
      },
      {
        "psnr": 11.213708877563477,
        "distortion": 0.06618800014257431,
        "rotation_rmse": 26.36597442626953,
        "translation_rmse_100": 4.2650980949401855,
        "t_final": [
          [
            [
              0.87353515625,
              0.36767578125,
              0.318603515625,
              -0.3193359375
            ],
            [
              -0.2529296875,
              0.90283203125,
              -0.347900390625,
              -0.08489990234375
            ],
            [
              -0.41552734375,
              0.2232666015625,
              0.8818359375,
              -0.204345703125
            ]
          ]
        ]
      },
      {
        "psnr": 22.113479614257812,
        "distortion": 0.013036943972110748,
        "rotation_rmse": 0.02679954282939434,
        "translation_rmse_100": 0.0814441591501236,
        "t_final": [
          [
            [
              0.791015625,
              -0.07867431640625,
              0.6064453125,
              -0.246337890625
            ],
            [
              0.356201171875,
              0.865234375,
              -0.3525390625,
              -0.0682373046875
            ],
            [
              -0.4970703125,
              0.4951171875,
              0.71240234375,
              -0.1978759765625
            ]
          ]
        ]
      },
      {
        "psnr": 11.905842781066895,
        "distortion": 0.19850724935531616,
        "rotation_rmse": 13.70627212524414,
        "translation_rmse_100": 27.854841232299805,
        "t_final": [
          [
            [
              0.70751953125,
              -0.388671875,
              0.58984375,
              0.0753173828125
            ],
            [
              0.41552734375,
              0.904296875,
              0.09735107421875,
              0.2166748046875
            ],
            [
              -0.5712890625,
              0.1763916015625,
              0.8017578125,
              0.0198516845703125
            ]
          ]
        ]
      },
      {
        "psnr": 22.09914207458496,
        "distortion": 0.012904842384159565,
        "rotation_rmse": 0.023111799731850624,
        "translation_rmse_100": 0.05921930819749832,
        "t_final": [
          [
            [
              0.791015625,
              -0.0787353515625,
              0.6064453125,
              -0.2467041015625
            ],
            [
              0.356689453125,
              0.865234375,
              -0.352294921875,
              -0.0682373046875
            ],
            [
              -0.4970703125,
              0.4951171875,
              0.71240234375,
              -0.19775390625
            ]
          ]
        ]
      },
      {
        "psnr": 22.12001609802246,
        "distortion": 0.012610084377229214,
        "rotation_rmse": 0.029529446735978127,
        "translation_rmse_100": 0.03543940559029579,
        "t_final": [
          [
            [
              0.791015625,
              -0.07867431640625,
              0.6064453125,
              -0.2471923828125
            ],
            [
              0.356201171875,
              0.865234375,
              -0.3525390625,
              -0.068115234375
            ],
            [
              -0.4970703125,
              0.494873046875,
              0.712890625,
              -0.19775390625
            ]
          ]
        ]
      }
    ]
  }
}