{
  "horns_0_100_even_odd": {
    "best": {
      "psnr": 28.233854293823242,
      "distortion": 0.016282394528388977,
      "rotation_rmse": 0.005484757479280233,
      "translation_rmse_100": 0.038510750979185104,
      "t_final": [
        [
          [
            0.85595703125,
            0.1358642578125,
            0.4990234375,
            -0.044464111328125
          ],
          [
            0.034393310546875,
            0.94775390625,
            -0.31689453125,
            0.128662109375
          ],
          [
            -0.51611328125,
            0.28857421875,
            0.806640625,
            -0.2373046875
          ]
        ]
      ]
    },
    "stats_list": [
      {
        "psnr": 28.233854293823242,
        "distortion": 0.016282394528388977,
        "rotation_rmse": 0.005484757479280233,
        "translation_rmse_100": 0.038510750979185104,
        "t_final": [
          [
            [
              0.85595703125,
              0.1358642578125,
              0.4990234375,
              -0.044464111328125
            ],
            [
              0.034393310546875,
              0.94775390625,
              -0.31689453125,
              0.128662109375
            ],
            [
              -0.51611328125,
              0.28857421875,
              0.806640625,
              -0.2373046875
            ]
          ]
        ]
      },
      {
        "psnr": 11.303709983825684,
        "distortion": 0.11402168869972229,
        "rotation_rmse": 19.67450523376465,
        "translation_rmse_100": 41.65468215942383,
        "t_final": [
          [
            [
              0.681640625,
              -0.403076171875,
              0.6103515625,
              -0.02874755859375
            ],
            [
              0.50146484375,
              0.86474609375,
              0.01084136962890625,
              -0.53125
            ],
            [
              -0.53271484375,
              0.298828125,
              0.7919921875,
              -0.5283203125
            ]
          ]
        ]
      },
      {
        "psnr": 10.679186820983887,
        "distortion": 0.11878296732902527,
        "rotation_rmse": 29.295801162719727,
        "translation_rmse_100": 30.081092834472656,
        "t_final": [
          [
            [
              0.712890625,
              -0.354248046875,
              0.60498046875,
              0.13525390625
            ],
            [
              0.65869140625,
              0.6337890625,
              -0.405029296875,
              -0.18212890625
            ],
            [
              -0.239990234375,
              0.6875,
              0.685546875,
              -0.615234375
            ]
          ]
        ]
      },
      {
        "psnr": 11.877032279968262,
        "distortion": 0.18401001393795013,
        "rotation_rmse": 13.923649787902832,
        "translation_rmse_100": 45.86619567871094,
        "t_final": [
          [
            [
              0.77685546875,
              0.3515625,
              0.52294921875,
              0.276123046875
            ],
            [
              0.07220458984375,
              0.77490234375,
              -0.6279296875,
              -0.07977294921875
            ],
            [
              -0.6259765625,
              0.525390625,
              0.576171875,
              -0.93408203125
            ]
          ]
        ]
      },
      {
        "psnr": 10.755178451538086,
        "distortion": 0.13091745972633362,
        "rotation_rmse": 27.403606414794922,
        "translation_rmse_100": 46.27467346191406,
        "t_final": [
          [
            [
              0.95361328125,
              -0.199462890625,
              -0.22607421875,
              0.431396484375
            ],
            [
              0.139404296875,
              0.95654296875,
              -0.256103515625,
              -0.45166015625
            ],
            [
              0.267333984375,
              0.212646484375,
              0.93994140625,
              -0.51953125
            ]
          ]
        ]
      },
      {
        "psnr": 11.414816856384277,
        "distortion": 0.1531081646680832,
        "rotation_rmse": 8.854143142700195,
        "translation_rmse_100": 29.332626342773438,
        "t_final": [
          [
            [
              0.95849609375,
              0.12353515625,
              0.257080078125,
              0.3896484375
            ],
            [
              -0.00899505615234375,
              0.9140625,
              -0.40576171875,
              0.2783203125
            ],
            [
              -0.284912109375,
              0.386474609375,
              0.876953125,
              -0.0187835693359375
            ]
          ]
        ]
      },
      {
        "psnr": 10.884543418884277,
        "distortion": 0.053114764392375946,
        "rotation_rmse": 20.10222053527832,
        "translation_rmse_100": 40.799476623535156,
        "t_final": [
          [
            [
              0.7216796875,
              -0.06988525390625,
              0.6884765625,
              -0.411376953125
            ],
            [
              0.41748046875,
              0.8369140625,
              -0.35302734375,
              -0.4716796875
            ],
            [
              -0.5517578125,
              0.54248046875,
              0.6337890625,
              -0.298095703125
            ]
          ]
        ]
      },
      {
        "psnr": 11.185966491699219,
        "distortion": 0.22929000854492188,
        "rotation_rmse": 19.250152587890625,
        "translation_rmse_100": 56.268863677978516,
        "t_final": [
          [
            [
              0.94287109375,
              -0.116943359375,
              0.31201171875,
              0.52734375
            ],
            [
              0.287841796875,
              0.7578125,
              -0.58544921875,
              -0.4013671875
            ],
            [
              -0.16796875,
              0.64208984375,
              0.748046875,
              0.34765625
            ]
          ]
        ]
      },
      {
        "psnr": 10.837285995483398,
        "distortion": 0.12396523356437683,
        "rotation_rmse": 15.182354927062988,
        "translation_rmse_100": 30.67287826538086,
        "t_final": [
          [
            [
              0.92041015625,
              -0.049560546875,
              0.388427734375,
              0.24267578125
            ],
            [
              0.26220703125,
              0.814453125,
              -0.517578125,
              -0.10699462890625
            ],
            [
              -0.29052734375,
              0.578125,
              0.76220703125,
              -0.61767578125
            ]
          ]
        ]
      },
      {
        "psnr": 11.670198440551758,
        "distortion": 0.11615411937236786,
        "rotation_rmse": 15.698384284973145,
        "translation_rmse_100": 32.41331481933594,
        "t_final": [
          [
            [
              0.77587890625,
              -0.201904296875,
              0.59765625,
              0.0203857421875
            ],
            [
              0.408447265625,
              0.8828125,
              -0.232177734375,
              -0.248779296875
            ],
            [
              -0.480712890625,
              0.42431640625,
              0.767578125,
              -0.64794921875
            ]
          ]
        ]
      }
    ]
  }
}