{
  "fern_30_70_even_odd": {
    "best": {
      "psnr": 23.054996490478516,
      "distortion": 0.017437081784009933,
      "rotation_rmse": 0.023532366380095482,
      "translation_rmse_100": 0.058320172131061554,
      "t_final": [
        [
          [
            0.9130859375,
            0.1810302734375,
            0.365478515625,
            -0.35498046875
          ],
          [
            0.1070556640625,
            0.75830078125,
            -0.64306640625,
            0.330810546875
          ],
          [
            -0.3935546875,
            0.62646484375,
            0.6728515625,
            0.07501220703125
          ]
        ]
      ]
    },
    "stats_list": [
      {
        "psnr": 10.12105655670166,
        "distortion": 0.037561822682619095,
        "rotation_rmse": 19.79368019104004,
        "translation_rmse_100": 11.007957458496094,
        "t_final": [
          [
            [
              0.99853515625,
              -0.04345703125,
              0.03485107421875,
              -0.32861328125
            ],
            [
              0.051666259765625,
              0.9560546875,
              -0.28857421875,
              0.2110595703125
            ],
            [
              -0.020782470703125,
              0.2900390625,
              0.95703125,
              -0.0718994140625
            ]
          ]
        ]
      },
      {
        "psnr": 23.047712326049805,
        "distortion": 0.017076656222343445,
        "rotation_rmse": 0.023532366380095482,
        "translation_rmse_100": 0.06060196831822395,
        "t_final": [
          [
            [
              0.9130859375,
              0.1810302734375,
              0.365478515625,
              -0.35498046875
            ],
            [
              0.1070556640625,
              0.75830078125,
              -0.64306640625,
              0.330810546875
            ],
            [
              -0.3935546875,
              0.62646484375,
              0.6728515625,
              0.0750732421875
            ]
          ]
        ]
      },
      {
        "psnr": 11.069528579711914,
        "distortion": 0.12727347016334534,
        "rotation_rmse": 22.103599548339844,
        "translation_rmse_100": 56.074607849121094,
        "t_final": [
          [
            [
              0.6318359375,
              -0.11614990234375,
              0.76611328125,
              0.39892578125
            ],
            [
              0.58837890625,
              0.7158203125,
              -0.376708984375,
              -0.274658203125
            ],
            [
              -0.50439453125,
              0.68896484375,
              0.5205078125,
              0.1728515625
            ]
          ]
        ]
      },
      {
        "psnr": 11.091524124145508,
        "distortion": 0.1512606143951416,
        "rotation_rmse": 14.827383041381836,
        "translation_rmse_100": 6.638421058654785,
        "t_final": [
          [
            [
              0.9013671875,
              -0.1292724609375,
              0.413818359375,
              -0.302734375
            ],
            [
              0.2373046875,
              0.94580078125,
              -0.22119140625,
              0.360595703125
            ],
            [
              -0.36279296875,
              0.297607421875,
              0.8828125,
              0.1727294921875
            ]
          ]
        ]
      },
      {
        "psnr": 11.685583114624023,
        "distortion": 0.033543411642313004,
        "rotation_rmse": 30.187788009643555,
        "translation_rmse_100": 22.399028778076172,
        "t_final": [
          [
            [
              0.469482421875,
              -0.10186767578125,
              0.876953125,
              -0.378173828125
            ],
            [
              0.65087890625,
              0.7109375,
              -0.265625,
              -0.0345458984375
            ],
            [
              -0.5966796875,
              0.6953125,
              0.400146484375,
              0.203125
            ]
          ]
        ]
      },
      {
        "psnr": 10.947122573852539,
        "distortion": 0.058447934687137604,
        "rotation_rmse": 15.378486633300781,
        "translation_rmse_100": 55.9208869934082,
        "t_final": [
          [
            [
              0.92236328125,
              0.1475830078125,
              0.357177734375,
              -0.336669921875
            ],
            [
              0.26025390625,
              0.44580078125,
              -0.8564453125,
              -0.623046875
            ],
            [
              -0.28564453125,
              0.8828125,
              0.372802734375,
              -0.0938720703125
            ]
          ]
        ]
      },
      {
        "psnr": 10.629447937011719,
        "distortion": 0.02925873175263405,
        "rotation_rmse": 8.296242713928223,
        "translation_rmse_100": 33.84550094604492,
        "t_final": [
          [
            [
              0.94384765625,
              0.01123046875,
              0.33056640625,
              -0.498046875
            ],
            [
              0.14892578125,
              0.8779296875,
              -0.454833984375,
              -0.22119140625
            ],
            [
              -0.29541015625,
              0.478515625,
              0.82666015625,
              -0.061431884765625
            ]
          ]
        ]
      },
      {
        "psnr": 10.74643325805664,
        "distortion": 0.11153905093669891,
        "rotation_rmse": 17.565637588500977,
        "translation_rmse_100": 42.642642974853516,
        "t_final": [
          [
            [
              0.69287109375,
              -0.1878662109375,
              0.6962890625,
              0.06829833984375
            ],
            [
              0.40478515625,
              0.900390625,
              -0.1597900390625,
              -0.273681640625
            ],
            [
              -0.5966796875,
              0.392578125,
              0.7001953125,
              0.11669921875
            ]
          ]
        ]
      },
      {
        "psnr": 23.054996490478516,
        "distortion": 0.017437081784009933,
        "rotation_rmse": 0.023532366380095482,
        "translation_rmse_100": 0.058320172131061554,
        "t_final": [
          [
            [
              0.9130859375,
              0.1810302734375,
              0.365478515625,
              -0.35498046875
            ],
            [
              0.1070556640625,
              0.75830078125,
              -0.64306640625,
              0.330810546875
            ],
            [
              -0.3935546875,
              0.62646484375,
              0.6728515625,
              0.07501220703125
            ]
          ]
        ]
      },
      {
        "psnr": 11.207403182983398,
        "distortion": 0.06635212898254395,
        "rotation_rmse": 3.58444881439209,
        "translation_rmse_100": 75.33111572265625,
        "t_final": [
          [
            [
              0.923828125,
              0.089111328125,
              0.37255859375,
              -0.234130859375
            ],
            [
              0.18701171875,
              0.744140625,
              -0.6416015625,
              -0.9677734375
            ],
            [
              -0.33447265625,
              0.662109375,
              0.67041015625,
              0.0283050537109375
            ]
          ]
        ]
      }
    ]
  }
}