{
  "fern_50_50": {
    "psnr": 9.452567100524902,
    "distortion": 0.024140790104866028,
    "rotation_rmse": 20.67293357849121,
    "translation_rmse": 0.33422139286994934
  }
}