{
  "fern_0_100_even_odd": {
    "psnr": 10.215873718261719,
    "distortion": 0.10696148872375488,
    "rotation_rmse": 10.324614524841309,
    "translation_rmse": 0.43144845962524414
  },
  "fern_30_70_even_odd": {
    "psnr": 6.862767219543457,
    "distortion": 0.08882196992635727,
    "rotation_rmse": 45.09724426269531,
    "translation_rmse": 0.2886580228805542
  },
  "fern_50_50": {
    "psnr": 9.408787727355957,
    "distortion": 0.05199397727847099,
    "rotation_rmse": 16.474563598632812,
    "translation_rmse": 0.43091610074043274
  },
  "fortress_0_100_even_odd": {
    "psnr": 30.923254013061523,
    "distortion": 0.0036213090643286705,
    "rotation_rmse": 0.09483654052019119,
    "translation_rmse": 0.0012982544722035527
  },
  "fortress_30_70_even_odd": {
    "psnr": 10.0885648727417,
    "distortion": 0.05976133421063423,
    "rotation_rmse": 19.676088333129883,
    "translation_rmse": 0.18655075132846832
  },
  "fortress_50_50": {
    "psnr": 31.66486930847168,
    "distortion": 0.003677951404824853,
    "rotation_rmse": 0.09445825219154358,
    "translation_rmse": 0.0011673816479742527
  },
  "horns_0_100_even_odd": {
    "psnr": 10.918825149536133,
    "distortion": 0.16037143766880035,
    "rotation_rmse": 11.466094970703125,
    "translation_rmse": 0.3174203634262085
  },
  "horns_30_70_even_odd": {
    "psnr": 10.467883110046387,
    "distortion": 0.19914808869361877,
    "rotation_rmse": 8.999438285827637,
    "translation_rmse": 0.6062885522842407
  },
  "horns_50_50": {
    "psnr": 26.160551071166992,
    "distortion": 0.012168129906058311,
    "rotation_rmse": 0.04841745272278786,
    "translation_rmse": 0.001404565409757197
  },
  "room_0_100_even_odd": {
    "psnr": 10.539445877075195,
    "distortion": 0.05506325885653496,
    "rotation_rmse": 38.57685470581055,
    "translation_rmse": 0.14096175134181976
  },
  "room_30_70_even_odd": {
    "psnr": 10.747329711914062,
    "distortion": 0.015588703565299511,
    "rotation_rmse": 30.657691955566406,
    "translation_rmse": 0.2473812699317932
  },
  "room_50_50": {
    "psnr": 29.501609802246094,
    "distortion": 0.00844522938132286,
    "rotation_rmse": 0.049237944185733795,
    "translation_rmse": 0.0012050060322508216
  }
}