{
  "horns_0_100_even_odd": {
    "psnr": 33.557395935058594,
    "distortion": 0.008213476277887821,
    "rotation_rmse": 0.017123250290751457,
    "translation_rmse": 4.355068085715175e-05
  },
  "horns_30_70_even_odd": {
    "psnr": 29.331857681274414,
    "distortion": 0.012882838025689125,
    "rotation_rmse": 0.00378886959515512,
    "translation_rmse": 0.00019070314010605216
  },
  "horns_50_50": {
    "psnr": 24.995628356933594,
    "distortion": 0.009719536639750004,
    "rotation_rmse": 0.015007656998932362,
    "translation_rmse": 0.00015446021279785782
  }
}