{
  "table_30_70_even_odd": {
    "psnr": 26.468677520751953,
    "distortion": 0.019393257796764374,
    "rotation_rmse": 0.0051278104074299335,
    "translation_rmse": 0.00026270022499375045
  },
  "lion_30_70_even_odd": {
    "psnr": 20.79322624206543,
    "distortion": 0.006135137286037207,
    "rotation_rmse": 9.794014930725098,
    "translation_rmse": 0.3462963104248047
  }
}