{
  "fern_50_50": {
    "psnr": 14.290399551391602,
    "distortion": 0.01641775295138359,
    "rotation_rmse": 8.245296478271484,
    "translation_rmse": 0.05426347255706787
  }
}