{
  "horns_0_100_even_odd": {
    "psnr": 11.238798141479492,
    "distortion": 0.1492513120174408,
    "rotation_rmse": 23.222991943359375,
    "translation_rmse": 0.5092324018478394
  }
}