{
  "fern_50_50": {
    "psnr": 11.04020881652832,
    "distortion": 0.037704840302467346,
    "rotation_rmse": 24.153959274291992,
    "translation_rmse": 0.21609772741794586
  }
}