{
  "fortress_30_70_even_odd": {
    "psnr": 29.159378051757812,
    "distortion": 0.017513589933514595,
    "rotation_rmse": 0.05155295506119728,
    "translation_rmse": 0.0004111019952688366
  }
}