{
  "horns_30_70_even_odd": {
    "psnr": 19.13631248474121,
    "distortion": 0.023349888622760773,
    "rotation_rmse": 0.030244523659348488,
    "translation_rmse": 0.0013909618137404323
  }
}