{
  "fern_0_100_even_odd_no_init": {
    "psnr": 10.711626052856445,
    "distortion": 0.07313334196805954,
    "rotation_rmse": 54.35903549194336,
    "translation_rmse": 0.26731011271476746
  },
  "fortress_0_100_even_odd_no_init": {
    "psnr": 13.902034759521484,
    "distortion": 0.09734412282705307,
    "rotation_rmse": 57.32278823852539,
    "translation_rmse": 0.5297054052352905
  },
  "horns_0_100_even_odd_no_init": {
    "psnr": 10.728813171386719,
    "distortion": 0.16668085753917694,
    "rotation_rmse": 25.61335563659668,
    "translation_rmse": 0.5621768832206726
  },
  "room_0_100_even_odd_no_init": {
    "psnr": 10.176131248474121,
    "distortion": 0.05496424436569214,
    "rotation_rmse": 30.75474739074707,
    "translation_rmse": 0.11808314919471741
  },
  "fern_0_100_even_odd_single_image": {
    "psnr": 13.216593742370605,
    "distortion": 0.08142746239900589,
    "rotation_rmse": 17.655879974365234,
    "translation_rmse": 0.027608200907707214
  },
  "fortress_0_100_even_odd_single_image": {
    "psnr": 24.19554328918457,
    "distortion": 0.019071049988269806,
    "rotation_rmse": 0.12734760344028473,
    "translation_rmse": 0.0008445374551229179
  },
  "horns_0_100_even_odd_single_image": {
    "psnr": 25.493412017822266,
    "distortion": 0.0179420318454504,
    "rotation_rmse": 0.013540654443204403,
    "translation_rmse": 0.0004478861519601196
  },
  "room_0_100_even_odd_single_image": {
    "psnr": 13.427580833435059,
    "distortion": 0.0223464947193861,
    "rotation_rmse": 16.56687355041504,
    "translation_rmse": 0.1652839481830597
  },
  "fern_0_100_even_odd_no_masks": {
    "psnr": 9.189618110656738,
    "distortion": 0.05203298479318619,
    "rotation_rmse": 5.076654434204102,
    "translation_rmse": 0.3719402849674225
  },
  "fortress_0_100_even_odd_no_masks": {
    "psnr": 19.631837844848633,
    "distortion": 0.0291958786547184,
    "rotation_rmse": 47.62978744506836,
    "translation_rmse": 0.5926016569137573
  },
  "horns_0_100_even_odd_no_masks": {
    "psnr": 25.928319931030273,
    "distortion": 0.017906365916132927,
    "rotation_rmse": 0.013540654443204403,
    "translation_rmse": 0.00022761461150366813
  },
  "room_0_100_even_odd_no_masks": {
    "psnr": 21.828899383544922,
    "distortion": 0.018966451287269592,
    "rotation_rmse": 0.10830371826887131,
    "translation_rmse": 0.0004425364313647151
  }
}