{
  "horns_0_100_even_odd": {
    "psnr": 23.92167091369629,
    "distortion": 0.02420368231832981,
    "rotation_rmse": 0.015430708415806293,
    "translation_rmse": 0.00017175855464302003
  }
}