{
  "fern_0_100_even_odd": {
    "psnr": 8.564866065979004,
    "distortion": 0.07291746884584427,
    "rotation_rmse": 16.77640151977539,
    "translation_rmse": 0.3586508631706238
  },
  "fern_30_70_even_odd": {
    "psnr": 7.641695499420166,
    "distortion": 0.01835150644183159,
    "rotation_rmse": 14.077181816101074,
    "translation_rmse": 0.2682703733444214
  },
  "fern_50_50": {
    "psnr": 12.697887420654297,
    "distortion": 0.08913231641054153,
    "rotation_rmse": 10.281376838684082,
    "translation_rmse": 0.5613142848014832
  },
  "fortress_0_100_even_odd": {
    "psnr": 19.65911102294922,
    "distortion": 0.005566242150962353,
    "rotation_rmse": 6.662428855895996,
    "translation_rmse": 0.15636861324310303
  },
  "fortress_30_70_even_odd": {
    "psnr": 17.73674774169922,
    "distortion": 0.0034799848217517138,
    "rotation_rmse": 18.790340423583984,
    "translation_rmse": 0.2822226881980896
  },
  "fortress_50_50": {
    "psnr": 21.43968963623047,
    "distortion": 0.003694157348945737,
    "rotation_rmse": 13.601286888122559,
    "translation_rmse": 0.41406869888305664
  },
  "horns_0_100_even_odd": {
    "psnr": 33.557395935058594,
    "distortion": 0.008213476277887821,
    "rotation_rmse": 0.017123250290751457,
    "translation_rmse": 4.355068085715175e-05
  },
  "horns_30_70_even_odd": {
    "psnr": 29.331857681274414,
    "distortion": 0.012882838025689125,
    "rotation_rmse": 0.00378886959515512,
    "translation_rmse": 0.00019070314010605216
  },
  "horns_50_50": {
    "psnr": 24.995628356933594,
    "distortion": 0.009719536639750004,
    "rotation_rmse": 0.015007656998932362,
    "translation_rmse": 0.00015446021279785782
  },
  "room_0_100_even_odd": {
    "psnr": 12.043195724487305,
    "distortion": 0.0038754187989979982,
    "rotation_rmse": 12.954999923706055,
    "translation_rmse": 0.19698210060596466
  },
  "room_30_70_even_odd": {
    "psnr": 9.924883842468262,
    "distortion": 0.027802079916000366,
    "rotation_rmse": 27.068227767944336,
    "translation_rmse": 0.2381531447172165
  },
  "room_50_50": {
    "psnr": 11.662735939025879,
    "distortion": 0.04194642975926399,
    "rotation_rmse": 22.95124053955078,
    "translation_rmse": 0.12001470476388931
  }
}