{
  "fern_0_100_even_odd": {
    "psnr": 7.078701972961426,
    "distortion": 0.04661283642053604,
    "rotation_rmse": 30.12530517578125,
    "translation_rmse": 0.42938852310180664
  },
  "fern_30_70_even_odd": {
    "psnr": 6.857478141784668,
    "distortion": 0.09342015534639359,
    "rotation_rmse": 47.418216705322266,
    "translation_rmse": 0.2764066457748413
  },
  "fern_50_50": {
    "psnr": 7.940371990203857,
    "distortion": 0.08556141704320908,
    "rotation_rmse": 48.709144592285156,
    "translation_rmse": 0.19481782615184784
  },
  "fortress_0_100_even_odd": {
    "psnr": 9.946961402893066,
    "distortion": 0.10276695340871811,
    "rotation_rmse": 20.035295486450195,
    "translation_rmse": 0.4793195426464081
  },
  "fortress_30_70_even_odd": {
    "psnr": 10.012499809265137,
    "distortion": 0.056868091225624084,
    "rotation_rmse": 19.2286434173584,
    "translation_rmse": 0.19540083408355713
  },
  "fortress_50_50": {
    "psnr": 31.54848289489746,
    "distortion": 0.0036642798222601414,
    "rotation_rmse": 0.08899962157011032,
    "translation_rmse": 0.0012435417156666517
  },
  "horns_0_100_even_odd": {
    "psnr": 25.8516902923584,
    "distortion": 0.015754859894514084,
    "rotation_rmse": 0.05677619203925133,
    "translation_rmse": 0.001203583087772131
  },
  "horns_30_70_even_odd": {
    "psnr": 10.658578872680664,
    "distortion": 0.2181856632232666,
    "rotation_rmse": 15.214889526367188,
    "translation_rmse": 0.648762583732605
  },
  "horns_50_50": {
    "psnr": 25.78692054748535,
    "distortion": 0.012540743686258793,
    "rotation_rmse": 0.027295660227537155,
    "translation_rmse": 0.0012511879904195666
  },
  "room_0_100_even_odd": {
    "psnr": 10.445028305053711,
    "distortion": 0.05524493008852005,
    "rotation_rmse": 38.49203109741211,
    "translation_rmse": 0.13553257286548615
  },
  "room_30_70_even_odd": {
    "psnr": 7.4030656814575195,
    "distortion": 0.01648292876780033,
    "rotation_rmse": 35.33718490600586,
    "translation_rmse": 0.2936379015445709
  },
  "room_50_50": {
    "psnr": 10.128271102905273,
    "distortion": 0.01743296906352043,
    "rotation_rmse": 29.1467227935791,
    "translation_rmse": 0.293265700340271
  }
}