{
  "horns_50_50": {
    "psnr": 10.650957107543945,
    "distortion": 0.1975931078195572,
    "rotation_rmse": 15.812309265136719,
    "translation_rmse": 0.517180323600769
  }
}