{
  "fern_0_100_even_odd": {
    "psnr": 10.370716094970703,
    "distortion": 0.20933102071285248,
    "rotation_rmse": 71.55852508544922,
    "translation_rmse": 0.6343824863433838
  },
  "fern_30_70_even_odd": {
    "psnr": 9.347060203552246,
    "distortion": 0.18778103590011597,
    "rotation_rmse": 38.25873565673828,
    "translation_rmse": 0.10301535576581955
  },
  "fern_50_50": {
    "psnr": 10.908112525939941,
    "distortion": 0.14601507782936096,
    "rotation_rmse": 153.01792907714844,
    "translation_rmse": 0.664208173751831
  },
  "fortress_0_100_even_odd": {
    "psnr": 11.089540481567383,
    "distortion": 0.06503657251596451,
    "rotation_rmse": 44.77457809448242,
    "translation_rmse": 0.33152568340301514
  },
  "fortress_30_70_even_odd": {
    "psnr": 10.965258598327637,
    "distortion": 0.014440827071666718,
    "rotation_rmse": 44.24148178100586,
    "translation_rmse": 0.13101951777935028
  },
  "fortress_50_50": {
    "psnr": 9.58568000793457,
    "distortion": 0.023491764441132545,
    "rotation_rmse": 104.80866241455078,
    "translation_rmse": 0.38331735134124756
  },
  "horns_0_100_even_odd": {
    "psnr": 11.154945373535156,
    "distortion": 0.2573493719100952,
    "rotation_rmse": 20.10765838623047,
    "translation_rmse": 0.2337169200181961
  },
  "horns_30_70_even_odd": {
    "psnr": 10.577277183532715,
    "distortion": 0.14449763298034668,
    "rotation_rmse": 60.82919692993164,
    "translation_rmse": 0.45450177788734436
  },
  "horns_50_50": {
    "psnr": 11.216940879821777,
    "distortion": 0.2597063481807709,
    "rotation_rmse": 41.48723220825195,
    "translation_rmse": 0.8928273320198059
  },
  "room_0_100_even_odd": {
    "psnr": 13.07196044921875,
    "distortion": 0.23569361865520477,
    "rotation_rmse": 54.26776123046875,
    "translation_rmse": 0.4749147891998291
  },
  "room_30_70_even_odd": {
    "psnr": 13.053420066833496,
    "distortion": 0.2328549325466156,
    "rotation_rmse": 22.91713523864746,
    "translation_rmse": 0.5141831636428833
  },
  "room_50_50": {
    "psnr": 12.774611473083496,
    "distortion": 0.21080045402050018,
    "rotation_rmse": 110.51097106933594,
    "translation_rmse": 1.3117660284042358
  }
}