{
  "horns_0_100_even_odd": {
    "psnr": 11.56798267364502,
    "distortion": 0.12887120246887207,
    "rotation_rmse": 32.70195770263672,
    "translation_rmse": 0.2575888931751251
  }
}