{
  "fern_50_50": {
    "psnr": 18.85169219970703,
    "distortion": 0.01656712405383587,
    "rotation_rmse": 0.17747730016708374,
    "translation_rmse": 0.0024997075088322163
  }
}