{
  "table_50_50": {
    "psnr": 21.20941162109375,
    "distortion": 0.08481679111719131,
    "rotation_rmse": 0.022273842245340347,
    "translation_rmse": 0.0002963460283353925
  }
}