{
  "fern_50_50": {
    "psnr": 11.733389854431152,
    "distortion": 0.07566604763269424,
    "rotation_rmse": 15.702009201049805,
    "translation_rmse": 0.44067010283470154
  }
}