{
  "fern_0_100_even_odd": {
    "psnr": 7.03548526763916,
    "distortion": 0.049421560019254684,
    "rotation_rmse": 43.65737533569336,
    "translation_rmse": 0.3297971189022064
  },
  "fern_30_70_even_odd": {
    "psnr": 6.1497721672058105,
    "distortion": 0.02209845371544361,
    "rotation_rmse": 51.165096282958984,
    "translation_rmse": 0.10971609503030777
  },
  "fern_50_50": {
    "psnr": 23.9427433013916,
    "distortion": 0.01337358821183443,
    "rotation_rmse": 0.026103386655449867,
    "translation_rmse": 0.002070437418296933
  },
  "fortress_0_100_even_odd": {
    "psnr": 10.709607124328613,
    "distortion": 0.11861127614974976,
    "rotation_rmse": 30.02187156677246,
    "translation_rmse": 0.49465373158454895
  },
  "fortress_30_70_even_odd": {
    "psnr": 10.213393211364746,
    "distortion": 0.058919284492731094,
    "rotation_rmse": 19.285423278808594,
    "translation_rmse": 0.19165797531604767
  },
  "fortress_50_50": {
    "psnr": 10.094557762145996,
    "distortion": 0.009386719204485416,
    "rotation_rmse": 42.066646575927734,
    "translation_rmse": 0.06393519043922424
  },
  "horns_0_100_even_odd": {
    "psnr": 9.727498054504395,
    "distortion": 0.024706261232495308,
    "rotation_rmse": 35.20731735229492,
    "translation_rmse": 0.4177803695201874
  },
  "horns_30_70_even_odd": {
    "psnr": 10.114322662353516,
    "distortion": 0.011340632103383541,
    "rotation_rmse": 7.72614049911499,
    "translation_rmse": 0.36500459909439087
  },
  "horns_50_50": {
    "psnr": 9.404289245605469,
    "distortion": 0.020478125661611557,
    "rotation_rmse": 17.96001625061035,
    "translation_rmse": 0.375832200050354
  },
  "room_0_100_even_odd": {
    "psnr": 30.00153923034668,
    "distortion": 0.008549540303647518,
    "rotation_rmse": 0.04436289891600609,
    "translation_rmse": 0.0014443019172176719
  },
  "room_30_70_even_odd": {
    "psnr": 12.047048568725586,
    "distortion": 0.009671526029706001,
    "rotation_rmse": 20.09912109375,
    "translation_rmse": 0.21814410388469696
  },
  "room_50_50": {
    "psnr": 29.583742141723633,
    "distortion": 0.008667746558785439,
    "rotation_rmse": 0.05383426696062088,
    "translation_rmse": 0.0012200744822621346
  }
}