{
  "horns_0_100_even_odd": {
    "psnr": 7.7660369873046875,
    "distortion": 0.02230013906955719,
    "rotation_rmse": 7.022216320037842,
    "translation_rmse": 0.18386539816856384
  }
}