{
  "fern_50_50": {
    "psnr": 17.685583114624023,
    "distortion": 0.01903698779642582,
    "rotation_rmse": 0.1331925392150879,
    "translation_rmse": 0.0008505048463121057
  }
}