{
  "fern_0_100_even_odd": {
    "psnr": 12.057045936584473,
    "distortion": 0.021131521090865135,
    "rotation_rmse": 10.42595386505127,
    "translation_rmse": 0.06101205572485924
  },
  "fern_30_70_even_odd": {
    "psnr": 12.064915657043457,
    "distortion": 0.022301260381937027,
    "rotation_rmse": 13.761295318603516,
    "translation_rmse": 0.06012009456753731
  },
  "fern_50_50": {
    "psnr": 12.634438514709473,
    "distortion": 0.020336519926786423,
    "rotation_rmse": 10.690263748168945,
    "translation_rmse": 0.03984636440873146
  },
  "fortress_0_100_even_odd": {
    "psnr": 11.287321090698242,
    "distortion": 0.03032008931040764,
    "rotation_rmse": 32.89218521118164,
    "translation_rmse": 0.13655897974967957
  },
  "fortress_30_70_even_odd": {
    "psnr": 9.41054630279541,
    "distortion": 0.05101963132619858,
    "rotation_rmse": 31.820240020751953,
    "translation_rmse": 0.15992781519889832
  },
  "fortress_50_50": {
    "psnr": 9.41239070892334,
    "distortion": 0.010598978027701378,
    "rotation_rmse": 14.597073554992676,
    "translation_rmse": 0.23768268525600433
  },
  "horns_0_100_even_odd": {
    "psnr": 10.923651695251465,
    "distortion": 0.09417030215263367,
    "rotation_rmse": 18.954181671142578,
    "translation_rmse": 0.07257890701293945
  },
  "horns_30_70_even_odd": {
    "psnr": 10.499980926513672,
    "distortion": 0.04361756145954132,
    "rotation_rmse": 20.282833099365234,
    "translation_rmse": 0.08836739510297775
  },
  "horns_50_50": {
    "psnr": 10.830671310424805,
    "distortion": 0.027598358690738678,
    "rotation_rmse": 18.132020950317383,
    "translation_rmse": 0.052784863859415054
  },
  "room_0_100_even_odd": {
    "psnr": 12.517498016357422,
    "distortion": 0.014009657315909863,
    "rotation_rmse": 14.526291847229004,
    "translation_rmse": 0.02056756056845188
  },
  "room_30_70_even_odd": {
    "psnr": 12.922415733337402,
    "distortion": 0.007395623717457056,
    "rotation_rmse": 15.836113929748535,
    "translation_rmse": 0.0755079984664917
  },
  "room_50_50": {
    "psnr": 12.945228576660156,
    "distortion": 0.0080327820032835,
    "rotation_rmse": 17.238128662109375,
    "translation_rmse": 0.0919666588306427
  }
}