{
  "fortress_30_70_even_odd": {
    "psnr": 29.08060073852539,
    "distortion": 0.009938585571944714,
    "rotation_rmse": 0.041850585490465164,
    "translation_rmse": 0.00020744057837873697
  }
}