{
  "fern_50_50": {
    "psnr": 21.83391571044922,
    "distortion": 0.015523835085332394,
    "rotation_rmse": 0.04885027930140495,
    "translation_rmse": 0.00046795065281912684
  }
}