{
  "horns_0_100_even_odd": {
    "psnr": 21.703153610229492,
    "distortion": 0.06301669776439667,
    "rotation_rmse": 0.014083226211369038,
    "translation_rmse": 0.0001688319316599518
  }
}