{
  "horns_50_50": {
    "psnr": 20.70416831970215,
    "distortion": 0.02499375492334366,
    "rotation_rmse": 0.03141988068819046,
    "translation_rmse": 0.0006935338024049997
  }
}