{
  "fern_0_100_even_odd": {
    "psnr": 12.164848327636719,
    "distortion": 0.055973026901483536,
    "rotation_rmse": 10.843976974487305,
    "translation_rmse": 0.043585218489170074
  },
  "fern_30_70_even_odd": {
    "psnr": 9.754179954528809,
    "distortion": 0.06984136998653412,
    "rotation_rmse": 10.984768867492676,
    "translation_rmse": 0.5203955769538879
  },
  "fern_50_50": {
    "psnr": 11.176526069641113,
    "distortion": 0.011929506435990334,
    "rotation_rmse": 6.1511640548706055,
    "translation_rmse": 0.18099650740623474
  },
  "fortress_0_100_even_odd": {
    "psnr": 15.892663955688477,
    "distortion": 0.016681833192706108,
    "rotation_rmse": 22.585384368896484,
    "translation_rmse": 0.3363077640533447
  },
  "fortress_30_70_even_odd": {
    "psnr": 20.395282745361328,
    "distortion": 0.0217897929251194,
    "rotation_rmse": 7.130584239959717,
    "translation_rmse": 0.04610023647546768
  },
  "fortress_50_50": {
    "psnr": 18.40252685546875,
    "distortion": 0.011062003672122955,
    "rotation_rmse": 1.3844389915466309,
    "translation_rmse": 0.005417667794972658
  },
  "horns_0_100_even_odd": {
    "psnr": 29.704530715942383,
    "distortion": 0.007802588865160942,
    "rotation_rmse": 0.015531228855252266,
    "translation_rmse": 0.00017243243928533047
  },
  "horns_30_70_even_odd": {
    "psnr": 20.96820831298828,
    "distortion": 0.018945099785923958,
    "rotation_rmse": 0.021227899938821793,
    "translation_rmse": 0.000436944275861606
  },
  "horns_50_50": {
    "psnr": 13.672296524047852,
    "distortion": 0.24796544015407562,
    "rotation_rmse": 28.7440185546875,
    "translation_rmse": 0.2833532392978668
  },
  "room_0_100_even_odd": {
    "psnr": 11.865019798278809,
    "distortion": 0.024837493896484375,
    "rotation_rmse": 21.431135177612305,
    "translation_rmse": 0.17722974717617035
  },
  "room_30_70_even_odd": {
    "psnr": 12.422017097473145,
    "distortion": 0.06102120503783226,
    "rotation_rmse": 13.193445205688477,
    "translation_rmse": 0.1738085299730301
  },
  "room_50_50": {
    "psnr": 10.492562294006348,
    "distortion": 0.09860223531723022,
    "rotation_rmse": 26.781463623046875,
    "translation_rmse": 0.1588745415210724
  }
}