{
  "lion_30_70_even_odd": {
    "psnr": 20.79322624206543,
    "distortion": 0.006135137286037207,
    "rotation_rmse": 9.794014930725098,
    "translation_rmse": 0.3462963104248047
  }
}