{
  "table_30_70_even_odd": {
    "psnr": 25.824459075927734,
    "distortion": 0.021213019266724586,
    "rotation_rmse": 0.004676638171076775,
    "translation_rmse": 0.0001083649112842977
  },
  "lion_30_70_even_odd": {
    "psnr": 28.99116325378418,
    "distortion": 0.019458718597888947,
    "rotation_rmse": 0.10124889761209488,
    "translation_rmse": 0.0007339693838730454
  }
}