{
  "room_0_100_even_odd": {
    "psnr": 24.394790649414062,
    "distortion": 0.023766418918967247,
    "rotation_rmse": 0.016773847863078117,
    "translation_rmse": 0.00019468767277430743
  }
}