{
  "horns_50_50": {
    "psnr": 11.744424819946289,
    "distortion": 0.1477700173854828,
    "rotation_rmse": 4.954439640045166,
    "translation_rmse": 0.2731510400772095
  }
}