{
  "fern_0_100_even_odd": {
    "psnr": 10.377801895141602,
    "distortion": 0.025611363351345062,
    "rotation_rmse": 18.950708389282227,
    "translation_rmse": 0.18160459399223328
  },
  "fern_30_70_even_odd": {
    "psnr": 13.982223510742188,
    "distortion": 0.014463264495134354,
    "rotation_rmse": 5.491542816162109,
    "translation_rmse": 0.05312880128622055
  },
  "fern_50_50": {
    "psnr": 16.909334182739258,
    "distortion": 0.009943507611751556,
    "rotation_rmse": 3.1518962383270264,
    "translation_rmse": 0.012308376841247082
  },
  "fortress_0_100_even_odd": {
    "psnr": 20.033342361450195,
    "distortion": 0.002551751211285591,
    "rotation_rmse": 18.567115783691406,
    "translation_rmse": 0.3035070300102234
  },
  "fortress_30_70_even_odd": {
    "psnr": 23.263683319091797,
    "distortion": 0.0067257946357131,
    "rotation_rmse": 3.3383407592773438,
    "translation_rmse": 0.0531761571764946
  },
  "fortress_50_50": {
    "psnr": 21.43968963623047,
    "distortion": 0.003694157348945737,
    "rotation_rmse": 13.601286888122559,
    "translation_rmse": 0.41406869888305664
  },
  "horns_0_100_even_odd": {
    "psnr": 33.557395935058594,
    "distortion": 0.008213476277887821,
    "rotation_rmse": 0.017123250290751457,
    "translation_rmse": 4.355068085715175e-05
  },
  "horns_30_70_even_odd": {
    "psnr": 29.331857681274414,
    "distortion": 0.012882838025689125,
    "rotation_rmse": 0.00378886959515512,
    "translation_rmse": 0.00019070314010605216
  },
  "horns_50_50": {
    "psnr": 24.995628356933594,
    "distortion": 0.009719536639750004,
    "rotation_rmse": 0.015007656998932362,
    "translation_rmse": 0.00015446021279785782
  },
  "room_0_100_even_odd": {
    "psnr": 12.043195724487305,
    "distortion": 0.0038754187989979982,
    "rotation_rmse": 12.954999923706055,
    "translation_rmse": 0.19698210060596466
  },
  "room_30_70_even_odd": {
    "psnr": 11.631485939025879,
    "distortion": 0.08017037063837051,
    "rotation_rmse": 10.144610404968262,
    "translation_rmse": 0.21332593262195587
  },
  "room_50_50": {
    "psnr": 11.835196495056152,
    "distortion": 0.060742639005184174,
    "rotation_rmse": 10.495229721069336,
    "translation_rmse": 0.1819385588169098
  }
}