{
  "fern_0_100_even_odd": {
    "psnr": 19.186304092407227,
    "distortion": 0.02164444513618946,
    "rotation_rmse": 0.13187597692012787,
    "translation_rmse": 0.0005596316186711192
  },
  "fern_30_70_even_odd": {
    "psnr": 19.893957138061523,
    "distortion": 0.016469234600663185,
    "rotation_rmse": 0.03543740138411522,
    "translation_rmse": 0.0006748121231794357
  },
  "fern_50_50": {
    "psnr": 12.962435722351074,
    "distortion": 0.011203808709979057,
    "rotation_rmse": 4.30518102645874,
    "translation_rmse": 0.15179002285003662
  },
  "fortress_0_100_even_odd": {
    "psnr": 25.27620506286621,
    "distortion": 0.009854127652943134,
    "rotation_rmse": 0.06404834240674973,
    "translation_rmse": 0.0011705508222803473
  },
  "fortress_30_70_even_odd": {
    "psnr": 26.506607055664062,
    "distortion": 0.006269269157201052,
    "rotation_rmse": 0.10901817679405212,
    "translation_rmse": 0.0011951749911531806
  },
  "fortress_50_50": {
    "psnr": 20.052711486816406,
    "distortion": 0.004015018697828054,
    "rotation_rmse": 0.3190280497074127,
    "translation_rmse": 0.0012414248194545507
  },
  "horns_0_100_even_odd": {
    "psnr": 9.642828941345215,
    "distortion": 0.019213436171412468,
    "rotation_rmse": 8.08413028717041,
    "translation_rmse": 0.21741558611392975
  },
  "horns_30_70_even_odd": {
    "psnr": 20.86250114440918,
    "distortion": 0.030469143763184547,
    "rotation_rmse": 0.05021454021334648,
    "translation_rmse": 0.0007125501288101077
  },
  "horns_50_50": {
    "psnr": 15.73636245727539,
    "distortion": 0.03648240491747856,
    "rotation_rmse": 1.2188150882720947,
    "translation_rmse": 0.008778238669037819
  },
  "room_0_100_even_odd": {
    "psnr": 20.061599731445312,
    "distortion": 0.016741128638386726,
    "rotation_rmse": 0.36873358488082886,
    "translation_rmse": 0.0013520343927666545
  },
  "room_30_70_even_odd": {
    "psnr": 18.595836639404297,
    "distortion": 0.027055803686380386,
    "rotation_rmse": 0.8101471662521362,
    "translation_rmse": 0.000311030016746372
  },
  "room_50_50": {
    "psnr": 19.87700843811035,
    "distortion": 0.013970634900033474,
    "rotation_rmse": 0.4841538369655609,
    "translation_rmse": 0.0007250216440297663
  }
}