{
  "fern_50_50": {
    "psnr": 20.011402130126953,
    "distortion": 0.016539109870791435,
    "rotation_rmse": 0.09837130457162857,
    "translation_rmse": 0.0011037319200113416
  }
}