{
  "lion_30_70_even_odd": {
    "psnr": 21.02061653137207,
    "distortion": 0.02202104963362217,
    "rotation_rmse": 14.97024917602539,
    "translation_rmse": 0.045368049293756485
  }
}