{
  "horns_0_100_even_odd": {
    "psnr": 13.913493156433105,
    "distortion": 0.14683690667152405,
    "rotation_rmse": 20.915422439575195,
    "translation_rmse": 0.3803027868270874
  }
}