{
  "horns_0_100_even_odd": {
    "psnr": 23.054943084716797,
    "distortion": 0.03898685798048973,
    "rotation_rmse": 0.023111075162887573,
    "translation_rmse": 0.0003140416229143739
  }
}