{
  "fern_0_100_even_odd": {
    "psnr": 23.937335968017578,
    "distortion": 0.014741597697138786,
    "rotation_rmse": 0.07718025147914886,
    "translation_rmse": 0.0001775766140781343
  },
  "fern_30_70_even_odd": {
    "psnr": 20.87161636352539,
    "distortion": 0.01435323990881443,
    "rotation_rmse": 0.039964962750673294,
    "translation_rmse": 0.0004106485575903207
  },
  "fern_50_50": {
    "psnr": 14.290399551391602,
    "distortion": 0.01641775295138359,
    "rotation_rmse": 8.245296478271484,
    "translation_rmse": 0.05426347255706787
  },
  "fortress_0_100_even_odd": {
    "psnr": 31.16689682006836,
    "distortion": 0.013133429922163486,
    "rotation_rmse": 0.019900798797607422,
    "translation_rmse": 0.00029059837106615305
  },
  "fortress_30_70_even_odd": {
    "psnr": 29.10757064819336,
    "distortion": 0.020359240472316742,
    "rotation_rmse": 0.046117380261421204,
    "translation_rmse": 0.00046190194552764297
  },
  "fortress_50_50": {
    "psnr": 28.00400161743164,
    "distortion": 0.005776685196906328,
    "rotation_rmse": 0.05234934762120247,
    "translation_rmse": 0.000321083702147007
  },
  "horns_0_100_even_odd": {
    "psnr": 23.865264892578125,
    "distortion": 0.02473720721900463,
    "rotation_rmse": 0.021836841478943825,
    "translation_rmse": 0.00024563210899941623
  },
  "horns_30_70_even_odd": {
    "psnr": 24.444721221923828,
    "distortion": 0.02004275843501091,
    "rotation_rmse": 0.030560072511434555,
    "translation_rmse": 0.00023887502902653068
  },
  "horns_50_50": {
    "psnr": 11.783011436462402,
    "distortion": 0.21215930581092834,
    "rotation_rmse": 14.898011207580566,
    "translation_rmse": 0.5482354760169983
  },
  "room_0_100_even_odd": {
    "psnr": 26.37021255493164,
    "distortion": 0.015021070837974548,
    "rotation_rmse": 0.09060020744800568,
    "translation_rmse": 0.00024595673312433064
  },
  "room_30_70_even_odd": {
    "psnr": 22.14196014404297,
    "distortion": 0.026685349643230438,
    "rotation_rmse": 0.05218660086393356,
    "translation_rmse": 0.00026459171203896403
  },
  "room_50_50": {
    "psnr": 22.58069610595703,
    "distortion": 0.024455135688185692,
    "rotation_rmse": 0.1359557807445526,
    "translation_rmse": 0.00023654766846448183
  }
}