{
  "room_0_100_even_odd": {
    "psnr": 26.88068389892578,
    "distortion": 0.02037861756980419,
    "rotation_rmse": 0.018110129982233047,
    "translation_rmse": 0.00031704804860055447
  }
}