{
  "F_15_C_Jungle_Camo16c6": {
    "best": {
      "psnr": 13.936715126037598,
      "distortion": 0.0009078790317289531,
      "rotation_rmse": 3.137899491725785,
      "translation_rmse_100": 0.9276255965232849,
      "t_final": [
        [
          [
            0.08599853515625,
            -0.572265625,
            0.81591796875,
            -0.05591122806072235
          ],
          [
            -0.6884765625,
            0.55712890625,
            0.464111328125,
            -0.01564524881541729
          ],
          [
            -0.72021484375,
            -0.6015625,
            -0.346435546875,
            0.09068077057600021
          ]
        ]
      ],
      "t0_rotation_rmse": 3.72554612276545,
      "t0_translation_rmse_100": 4.16859245300293
    },
    "stats_list": [
      {
        "psnr": 13.936715126037598,
        "distortion": 0.0009078790317289531,
        "rotation_rmse": 3.137899491725785,
        "translation_rmse_100": 0.9276255965232849,
        "t_final": [
          [
            [
              0.08599853515625,
              -0.572265625,
              0.81591796875,
              -0.05591122806072235
            ],
            [
              -0.6884765625,
              0.55712890625,
              0.464111328125,
              -0.01564524881541729
            ],
            [
              -0.72021484375,
              -0.6015625,
              -0.346435546875,
              0.09068077057600021
            ]
          ]
        ],
        "t0_rotation_rmse": 3.72554612276545,
        "t0_translation_rmse_100": 4.16859245300293
      }
    ]
  },
  "Hl_Maximilian09f0": {
    "best": {
      "psnr": 11.361075401306152,
      "distortion": 0.0005040811956860125,
      "rotation_rmse": 163.1546053471517,
      "translation_rmse_100": 1.355452060699463,
      "t_final": [
        [
          [
            -0.02001953125,
            -0.73046875,
            0.6826171875,
            -0.057354144752025604
          ],
          [
            -0.80224609375,
            -0.39501953125,
            -0.44677734375,
            -0.28483808040618896
          ],
          [
            0.595703125,
            -0.556640625,
            -0.57861328125,
            0.21196416020393372
          ]
        ]
      ],
      "t0_rotation_rmse": 163.7448459501531,
      "t0_translation_rmse_100": 0.4025407135486603
    },
    "stats_list": [
      {
        "psnr": 11.361075401306152,
        "distortion": 0.0005040811956860125,
        "rotation_rmse": 163.1546053471517,
        "translation_rmse_100": 1.355452060699463,
        "t_final": [
          [
            [
              -0.02001953125,
              -0.73046875,
              0.6826171875,
              -0.057354144752025604
            ],
            [
              -0.80224609375,
              -0.39501953125,
              -0.44677734375,
              -0.28483808040618896
            ],
            [
              0.595703125,
              -0.556640625,
              -0.57861328125,
              0.21196416020393372
            ]
          ]
        ],
        "t0_rotation_rmse": 163.7448459501531,
        "t0_translation_rmse_100": 0.4025407135486603
      }
    ]
  },
  "MiG_23_Desert_Camo089f": {
    "best": {
      "psnr": 10.998115539550781,
      "distortion": 0.0018057443667203188,
      "rotation_rmse": 4.105155559951766,
      "translation_rmse_100": 3.7865891456604004,
      "t_final": [
        [
          [
            -0.81396484375,
            -0.31201171875,
            -0.489990234375,
            -0.21009139716625214
          ],
          [
            0.55712890625,
            -0.1802978515625,
            -0.81103515625,
            0.09222672879695892
          ],
          [
            0.1646728515625,
            -0.93310546875,
            0.3203125,
            -0.4606238603591919
          ]
        ]
      ],
      "t0_rotation_rmse": 4.624775562742002,
      "t0_translation_rmse_100": 2.4132981300354004
    },
    "stats_list": [
      {
        "psnr": 10.998115539550781,
        "distortion": 0.0018057443667203188,
        "rotation_rmse": 4.105155559951766,
        "translation_rmse_100": 3.7865891456604004,
        "t_final": [
          [
            [
              -0.81396484375,
              -0.31201171875,
              -0.489990234375,
              -0.21009139716625214
            ],
            [
              0.55712890625,
              -0.1802978515625,
              -0.81103515625,
              0.09222672879695892
            ],
            [
              0.1646728515625,
              -0.93310546875,
              0.3203125,
              -0.4606238603591919
            ]
          ]
        ],
        "t0_rotation_rmse": 4.624775562742002,
        "t0_translation_rmse_100": 2.4132981300354004
      }
    ]
  },
  "Tolix_Industrial_Chairs3f2d": {
    "best": {
      "psnr": 8.677797317504883,
      "distortion": 0.0019159724470227957,
      "rotation_rmse": 6.18299954097692,
      "translation_rmse_100": 2.816568374633789,
      "t_final": [
        [
          [
            -0.09521484375,
            0.1844482421875,
            0.97802734375,
            0.127603679895401
          ],
          [
            0.55859375,
            -0.8037109375,
            0.2059326171875,
            -0.001824093982577324
          ],
          [
            0.82421875,
            0.56640625,
            -0.0265045166015625,
            -0.04387993738055229
          ]
        ]
      ],
      "t0_rotation_rmse": 7.281386638654342,
      "t0_translation_rmse_100": 7.293497085571289
    },
    "stats_list": [
      {
        "psnr": 8.677797317504883,
        "distortion": 0.0019159724470227957,
        "rotation_rmse": 6.18299954097692,
        "translation_rmse_100": 2.816568374633789,
        "t_final": [
          [
            [
              -0.09521484375,
              0.1844482421875,
              0.97802734375,
              0.127603679895401
            ],
            [
              0.55859375,
              -0.8037109375,
              0.2059326171875,
              -0.001824093982577324
            ],
            [
              0.82421875,
              0.56640625,
              -0.0265045166015625,
              -0.04387993738055229
            ]
          ]
        ],
        "t0_rotation_rmse": 7.281386638654342,
        "t0_translation_rmse_100": 7.293497085571289
      }
    ]
  },
  "Procedural_Bananas3a07": {
    "best": {
      "psnr": 14.152018547058105,
      "distortion": 0.00136095960624516,
      "rotation_rmse": 6.773051352371915,
      "translation_rmse_100": 4.315282344818115,
      "t_final": [
        [
          [
            0.95166015625,
            -0.305908203125,
            -0.00794219970703125,
            0.08454756438732147
          ],
          [
            -0.279541015625,
            -0.85986328125,
            -0.427734375,
            0.16653898358345032
          ],
          [
            0.12396240234375,
            0.409423828125,
            -0.90380859375,
            0.11209549009799957
          ]
        ]
      ],
      "t0_rotation_rmse": 8.240056702036865,
      "t0_translation_rmse_100": 9.545995712280273
    },
    "stats_list": [
      {
        "psnr": 14.152018547058105,
        "distortion": 0.00136095960624516,
        "rotation_rmse": 6.773051352371915,
        "translation_rmse_100": 4.315282344818115,
        "t_final": [
          [
            [
              0.95166015625,
              -0.305908203125,
              -0.00794219970703125,
              0.08454756438732147
            ],
            [
              -0.279541015625,
              -0.85986328125,
              -0.427734375,
              0.16653898358345032
            ],
            [
              0.12396240234375,
              0.409423828125,
              -0.90380859375,
              0.11209549009799957
            ]
          ]
        ],