{
  "Simply_Guitar14f8": {
    "best": {
      "psnr": 9.316530227661133,
      "distortion": 0.0014376562321558595,
      "rotation_rmse": 5.040315294677291,
      "translation_rmse_100": 3.3668630123138428,
      "t_final": [
        [
          [
            0.669921875,
            0.282958984375,
            -0.6865234375,
            -0.09546472877264023
          ],
          [
            -0.50732421875,
            0.849609375,
            -0.1448974609375,
            0.00561145693063736
          ],
          [
            0.5419921875,
            0.4453125,
            0.712890625,
            -0.02676541917026043
          ]
        ]
      ],
      "t0_rotation_rmse": 3.756427798244321,
      "t0_translation_rmse_100": 2.1194570064544678
    },
    "stats_list": [
      {
        "psnr": 9.316530227661133,
        "distortion": 0.0014376562321558595,
        "rotation_rmse": 5.040315294677291,
        "translation_rmse_100": 3.3668630123138428,
        "t_final": [
          [
            [
              0.669921875,
              0.282958984375,
              -0.6865234375,
              -0.09546472877264023
            ],
            [
              -0.50732421875,
              0.849609375,
              -0.1448974609375,
              0.00561145693063736
            ],
            [
              0.5419921875,
              0.4453125,
              0.712890625,
              -0.02676541917026043
            ]
          ]
        ],
        "t0_rotation_rmse": 3.756427798244321,
        "t0_translation_rmse_100": 2.1194570064544678
      }
    ]
  }
}