{
  "Simply_Guitar14f8": {
    "best": {
      "psnr": 15.541897773742676,
      "distortion": 0.0010725873289629817,
      "rotation_rmse": 1.9228815513876667,
      "translation_rmse_100": 0.013743340969085693,
      "t_final": [
        [
          [
            0.671875,
            0.223388671875,
            -0.7060546875,
            -0.12899592518806458
          ],
          [
            -0.47216796875,
            0.86376953125,
            -0.1763916015625,
            -0.02478405088186264
          ],
          [
            0.5703125,
            0.451904296875,
            0.68603515625,
            -0.03282316029071808
          ]
        ]
      ],
      "t0_rotation_rmse": 3.756427798244321,
      "t0_translation_rmse_100": 2.1194570064544678
    },
    "stats_list": [
      {
        "psnr": 15.541897773742676,
        "distortion": 0.0010725873289629817,
        "rotation_rmse": 1.9228815513876667,
        "translation_rmse_100": 0.013743340969085693,
        "t_final": [
          [
            [
              0.671875,
              0.223388671875,
              -0.7060546875,
              -0.12899592518806458
            ],
            [
              -0.47216796875,
              0.86376953125,
              -0.1763916015625,
              -0.02478405088186264
            ],
            [
              0.5703125,
              0.451904296875,
              0.68603515625,
              -0.03282316029071808
            ]
          ]
        ],
        "t0_rotation_rmse": 3.756427798244321,
        "t0_translation_rmse_100": 2.1194570064544678
      }
    ]
  }
}