{
  "lion_30_70_even_odd": {
    "best": {
      "psnr": 31.09041976928711,
      "distortion": 0.0029745236970484257,
      "rotation_rmse": 0.0755874514579773,
      "translation_rmse_100": 0.01679587922990322,
      "t_final": [
        [
          [
            0.92041015625,
            -0.2408447265625,
            0.308349609375,
            0.30460187792778015
          ],
          [
            0.30615234375,
            0.93408203125,
            -0.1839599609375,
            0.18295662105083466
          ],
          [
            -0.2437744140625,
            0.263671875,
            0.93310546875,
            -0.1189168393611908
          ]
        ]
      ],
      "t0_rotation_rmse": 2.9533848762512207,
      "t0_translation_rmse_100": 2.971428871154785
    },
    "stats_list": [
      {
        "psnr": 31.09041976928711,
        "distortion": 0.0029745236970484257,
        "rotation_rmse": 0.0755874514579773,
        "translation_rmse_100": 0.01679587922990322,
        "t_final": [
          [
            [
              0.92041015625,
              -0.2408447265625,
              0.308349609375,
              0.30460187792778015
            ],
            [
              0.30615234375,
              0.93408203125,
              -0.1839599609375,
              0.18295662105083466
            ],
            [
              -0.2437744140625,
              0.263671875,
              0.93310546875,
              -0.1189168393611908
            ]
          ]
        ],
        "t0_rotation_rmse": 2.9533848762512207,
        "t0_translation_rmse_100": 2.971428871154785
      }
    ]
  },
  "table_30_70_even_odd": {
    "best": {
      "psnr": 26.26828956604004,
      "distortion": 0.02293115295469761,
      "rotation_rmse": 0.010005462914705276,
      "translation_rmse_100": 0.03051181323826313,
      "t_final": [
        [
          [
            0.98681640625,
            0.044464111328125,
            0.1568603515625,
            -0.056534867733716965
          ],
          [
            0.0113677978515625,
            0.94091796875,
            -0.33837890625,
            0.1552697718143463
          ],
          [
            -0.1627197265625,
            0.335693359375,
            0.92822265625,
            -0.18821795284748077
          ]
        ]
      ],
      "t0_rotation_rmse": 1.248037338256836,
      "t0_translation_rmse_100": 1.0841610431671143
    },
    "stats_list": [
      {
        "psnr": 26.26828956604004,
        "distortion": 0.02293115295469761,
        "rotation_rmse": 0.010005462914705276,
        "translation_rmse_100": 0.03051181323826313,
        "t_final": [
          [
            [
              0.98681640625,
              0.044464111328125,
              0.1568603515625,
              -0.056534867733716965
            ],
            [
              0.0113677978515625,
              0.94091796875,
              -0.33837890625,
              0.1552697718143463
            ],
            [
              -0.1627197265625,
              0.335693359375,
              0.92822265625,
              -0.18821795284748077
            ]
          ]
        ],
        "t0_rotation_rmse": 1.248037338256836,
        "t0_translation_rmse_100": 1.0841610431671143
      }
    ]
  }
}