{
  "fern_0_100_even_odd": {
    "best": {
      "psnr": 24.08319664001465,
      "distortion": 0.016579803079366684,
      "rotation_rmse": 0.08401026576757431,
      "translation_rmse_100": 0.09148335456848145,
      "t_final": [
        [
          [
            0.9130859375,
            0.1824951171875,
            0.363525390625,
            -0.3533523976802826
          ],
          [
            0.10467529296875,
            0.75830078125,
            -0.6435546875,
            0.3319667875766754
          ],
          [
            -0.39306640625,
            0.62646484375,
            0.67333984375,
            0.0742264837026596
          ]
        ]
      ],
      "t0_rotation_rmse": 1.3997185230255127,
      "t0_translation_rmse_100": 0.9680689573287964
    },
    "stats_list": [
      {
        "psnr": 24.08319664001465,
        "distortion": 0.016579803079366684,
        "rotation_rmse": 0.08401026576757431,
        "translation_rmse_100": 0.09148335456848145,
        "t_final": [
          [
            [
              0.9130859375,
              0.1824951171875,
              0.363525390625,
              -0.3533523976802826
            ],
            [
              0.10467529296875,
              0.75830078125,
              -0.6435546875,
              0.3319667875766754
            ],
            [
              -0.39306640625,
              0.62646484375,
              0.67333984375,
              0.0742264837026596
            ]
          ]
        ],
        "t0_rotation_rmse": 1.3997185230255127,
        "t0_translation_rmse_100": 0.9680689573287964
      }
    ]
  },
  "fern_30_70_even_odd": {
    "best": {
      "psnr": 13.34083080291748,
      "distortion": 0.01875118725001812,
      "rotation_rmse": 3.9947803020477295,
      "translation_rmse_100": 2.062265634536743,
      "t_final": [
        [
          [
            0.947265625,
            0.193115234375,
            0.255126953125,
            -0.3843950629234314
          ],
          [
            0.048797607421875,
            0.70068359375,
            -0.71142578125,
            0.34440094232559204
          ],
          [
            -0.31640625,
            0.68701171875,
            0.65478515625,
            0.061119116842746735
          ]
        ]
      ],
      "t0_rotation_rmse": 5.611567974090576,
      "t0_translation_rmse_100": 9.61656379699707
    },
    "stats_list": [
      {
        "psnr": 13.34083080291748,
        "distortion": 0.01875118725001812,
        "rotation_rmse": 3.9947803020477295,
        "translation_rmse_100": 2.062265634536743,
        "t_final": [
          [
            [
              0.947265625,
              0.193115234375,
              0.255126953125,
              -0.3843950629234314
            ],
            [
              0.048797607421875,
              0.70068359375,
              -0.71142578125,
              0.34440094232559204
            ],
            [
              -0.31640625,
              0.68701171875,
              0.65478515625,
              0.061119116842746735
            ]
          ]
        ],
        "t0_rotation_rmse": 5.611567974090576,
        "t0_translation_rmse_100": 9.61656379699707
      }
    ]
  },
  "fern_50_50": {
    "best": {
      "psnr": 19.83169937133789,
      "distortion": 0.017227400094270706,
      "rotation_rmse": 0.18825122714042664,
      "translation_rmse_100": 0.20923244953155518,
      "t_final": [
        [
          [
            0.91552734375,
            0.1796875,
            0.360107421875,
            -0.3549482822418213
          ],
          [
            0.10430908203125,
            0.7578125,
            -0.64404296875,
            0.33200258016586304
          ],
          [
            -0.388671875,
            0.62646484375,
            0.67529296875,
            0.07109694927930832
          ]
        ]
      ],
      "t0_rotation_rmse": 2.9586141109466553,
      "t0_translation_rmse_100": 3.636718273162842
    },
    "stats_list": [
      {
        "psnr": 19.83169937133789,
        "distortion": 0.017227400094270706,
        "rotation_rmse": 0.18825122714042664,
        "translation_rmse_100": 0.20923244953155518,
        "t_final": [
          [
            [
              0.91552734375,
              0.1796875,
              0.360107421875,
              -0.3549482822418213
            ],
            [
              0.10430908203125,
              0.7578125,
              -0.64404296875,
              0.33200258016586304
            ],
            [
              -0.388671875,
              0.62646484375,
              0.67529296875,
              0.07109694927930832
            ]
          ]
        ],
        "t0_rotation_rmse": 2.9586141109466553,
        "t0_translation_rmse_100": 3.636718273162842
      }
    ]
  },
  "horns_0_100_even_odd": {
    "best": {
      "psnr": 29.06062889099121,
      "distortion": 0.011242722161114216,
      "rotation_rmse": 0.02200532704591751,
      "translation_rmse_100": 0.018861975520849228,
      "t_final": [
        [
          [
            0.85595703125,
            0.1357421875,
            0.49853515625,
            -0.04416627809405327
          ],
          [
            0.0345458984375,
            0.94775390625,
            -0.3173828125,
            0.1288818120956421
          ],
          [
            -0.515625,
            0.2890625,
            0.806640625,
            -0.2376500368118286
          ]
        ]
      ],
      "t0_rotation_rmse": 1.2831549644470215,
      "t0_translation_rmse_100": 1.7415271997451782
    },
    "stats_list": [
      {
        "psnr": 29.06062889099121,
        "distortion": 0.011242722161114216,
        "rotation_rmse": 0.02200532704591751,
        "translation_rmse_100": 0.018861975520849228,
        "t_final": [
          [
            [
              0.85595703125,
              0.1357421875,
              0.49853515625,
              -0.04416627809405327
            ],
            [
              0.0345458984375,
              0.94775390625,
              -0.3173828125,
              0.1288818120956421
            ],
            [
              -0.515625,
              0.2890625,
              0.806640625,
              -0.2376500368118286
            ]
          ]
        ],
        "t0_rotation_rmse": 1.2831549644470215,
        "t0_translation_rmse_100": 1.7415271997451782
      }
    ]
  },
  "horns_30_70_even_odd": {
    "best": {
      "psnr": 25.917272567749023,
      "distortion": 0.013983014971017838,
      "rotation_rmse": 0.0401468500494957,
      "translation_rmse_100": 0.030332714319229126,
      "t_final": [
        [
          [
            0.85595703125,
            0.135986328125,
            0.49951171875,
            -0.04436250030994415
          ],
          [
            0.0347900390625,
            0.947265625,
            -0.31787109375,
            0.12899340689182281
          ],
          [
            -0.51611328125,
            0.289306640625,
            0.80615234375,
            -0.23742011189460754
          ]
        ]
      ],
      "t0_rotation_rmse": 1.6391682624816895,
      "t0_translation_rmse_100": 1.609495997428894
    },
    "stats_list": [
      {
        "psnr": 25.917272567749023,
        "distortion": 0.013983014971017838,
        "rotation_rmse": 0.0401468500494957,
        "translation_rmse_100": 0.030332714319229126,
        "t_final": [
          [
            [
              0.85595703125,
              0.135986328125,
              0.49951171875,
              -0.04436250030994415
            ],
            [
              0.0347900390625,
              0.947265625,
              -0.31787109375,
              0.12899340689182281
            ],
            [
              -0.51611328125,
              0.289306640625,
              0.80615234375,
              -0.23742011189460754
            ]
          ]
        ],
        "t0_rotation_rmse": 1.6391682624816895,