{
  "4b05": {
    "best": {
      "psnr": 15.486905097961426,
      "distortion": 0.001729136798530817,
      "rotation_rmse": 0.02562345176980362,
      "translation_rmse_100": 3.359478712081909,
      "t_final": [
        [
          [
            -0.275634765625,
            -0.48583984375,
            0.82958984375,
            -0.06036725640296936
          ],
          [
            0.7099609375,
            -0.6845703125,
            -0.16552734375,
            0.07876423001289368
          ],
          [
            0.6484375,
            0.54296875,
            0.53369140625,
            0.06461465358734131
          ]
        ]
      ],
      "t0_rotation_rmse": 16.398821717568445,
      "t0_translation_rmse_100": 2.73234224319458
    },
    "stats_list": [
      {
        "psnr": 15.486905097961426,
        "distortion": 0.001729136798530817,
        "rotation_rmse": 0.02562345176980362,
        "translation_rmse_100": 3.359478712081909,
        "t_final": [
          [
            [
              -0.275634765625,
              -0.48583984375,
              0.82958984375,
              -0.06036725640296936
            ],
            [
              0.7099609375,
              -0.6845703125,
              -0.16552734375,
              0.07876423001289368
            ],
            [
              0.6484375,
              0.54296875,
              0.53369140625,
              0.06461465358734131
            ]
          ]
        ],
        "t0_rotation_rmse": 16.398821717568445,
        "t0_translation_rmse_100": 2.73234224319458
      }
    ]
  }
}