{
  "26851W_Odeon_Lightab66": {
    "best": {
      "psnr": 14.633216857910156,
      "distortion": 0.007948620244860649,
      "rotation_rmse": 134.083169940993,
      "translation_rmse_100": 12.353022575378418,
      "t_final": [
        [
          [
            0.93017578125,
            0.125,
            -0.34423828125,
            0.18941886723041534
          ],
          [
            -0.3662109375,
            0.31787109375,
            -0.87451171875,
            -0.08218211680650711
          ],
          [
            0.00013816356658935547,
            0.93994140625,
            0.341552734375,
            -0.33906176686286926
          ]
        ]
      ]
    },
    "stats_list": [
      {
        "psnr": 14.633216857910156,
        "distortion": 0.007948620244860649,
        "rotation_rmse": 134.083169940993,
        "translation_rmse_100": 12.353022575378418,
        "t_final": [
          [
            [
              0.93017578125,
              0.125,
              -0.34423828125,
              0.18941886723041534
            ],
            [
              -0.3662109375,
              0.31787109375,
              -0.87451171875,
              -0.08218211680650711
            ],
            [
              0.00013816356658935547,
              0.93994140625,
              0.341552734375,
              -0.33906176686286926
            ]
          ]
        ]
      }
    ]
  }
}