{
  "26851W_Odeon_Lightab66": {
    "best": {
      "psnr": 13.777031898498535,
      "distortion": 0.005104147829115391,
      "rotation_rmse": 145.2501143355509,
      "translation_rmse_100": 33.82489013671875,
      "t_final": [
        [
          [
            0.28955078125,
            0.333740234375,
            0.89697265625,
            -0.27236026525497437
          ],
          [
            0.8837890625,
            0.26708984375,
            -0.384521484375,
            0.25874513387680054
          ],
          [
            -0.367919921875,
            0.90380859375,
            -0.2177734375,
            -0.3831809461116791
          ]
        ]
      ]
    },
    "stats_list": [
      {
        "psnr": 13.777031898498535,
        "distortion": 0.005104147829115391,
        "rotation_rmse": 145.2501143355509,
        "translation_rmse_100": 33.82489013671875,
        "t_final": [
          [
            [
              0.28955078125,
              0.333740234375,
              0.89697265625,
              -0.27236026525497437
            ],
            [
              0.8837890625,
              0.26708984375,
              -0.384521484375,
              0.25874513387680054
            ],
            [
              -0.367919921875,
              0.90380859375,
              -0.2177734375,
              -0.3831809461116791
            ]
          ]
        ]
      }
    ]
  }
}