{
  "26851W_Odeon_Lightab66": {
    "best": {
      "psnr": 13.654784202575684,
      "distortion": 0.004079852718859911,
      "rotation_rmse": 127.34354721945672,
      "translation_rmse_100": 19.251293182373047,
      "t_final": [
        [
          [
            0.84033203125,
            0.402587890625,
            -0.364013671875,
            -0.12662428617477417
          ],
          [
            -0.4794921875,
            0.2362060546875,
            -0.84521484375,
            -0.11032991111278534
          ],
          [
            -0.25439453125,
            0.88427734375,
            0.391357421875,
            -0.515884518623352
          ]
        ]
      ]
    },
    "stats_list": [
      {
        "psnr": 13.654784202575684,
        "distortion": 0.004079852718859911,
        "rotation_rmse": 127.34354721945672,
        "translation_rmse_100": 19.251293182373047,
        "t_final": [
          [
            [
              0.84033203125,
              0.402587890625,
              -0.364013671875,
              -0.12662428617477417
            ],
            [
              -0.4794921875,
              0.2362060546875,
              -0.84521484375,
              -0.11032991111278534
            ],
            [
              -0.25439453125,
              0.88427734375,
              0.391357421875,
              -0.515884518623352
            ]
          ]
        ]
      }
    ]
  }
}