{
  "01_Portugal_Fire_Hydrant0063": {
    "best": {
      "psnr": 9.747533798217773,
      "distortion": 0.002369826892390847,
      "rotation_rmse": 176.16247352302977,
      "translation_rmse_100": 36.29900360107422,
      "t_final": [
        [
          [
            -0.07464599609375,
            0.35107421875,
            -0.93310546875,
            0.24574273824691772
          ],
          [
            0.043243408203125,
            -0.93408203125,
            -0.35498046875,
            -0.48094284534454346
          ],
          [
            -0.99609375,
            -0.06671142578125,
            0.05426025390625,
            0.6660362482070923
          ]
        ]
      ]
    },
    "stats_list": [
      {
        "psnr": 9.747533798217773,
        "distortion": 0.002369826892390847,
        "rotation_rmse": 176.16247352302977,
        "translation_rmse_100": 36.29900360107422,
        "t_final": [
          [
            [
              -0.07464599609375,
              0.35107421875,
              -0.93310546875,
              0.24574273824691772
            ],
            [
              0.043243408203125,
              -0.93408203125,
              -0.35498046875,
              -0.48094284534454346
            ],
            [
              -0.99609375,
              -0.06671142578125,
              0.05426025390625,
              0.6660362482070923
            ]
          ]
        ]
      }
    ]
  }
}