{
  "trex_0_100_even_odd": {
    "best": {
      "psnr": 28.522506713867188,
      "distortion": 0.013274278491735458,
      "rotation_rmse": 0.013463501818478107,
      "translation_rmse_100": 0.033586762845516205,
      "t_final": [
        [
          [
            0.791015625,
            -0.07879638671875,
            0.60693359375,
            -0.24825292825698853
          ],
          [
            0.35693359375,
            0.86572265625,
            -0.352294921875,
            -0.0684097483754158
          ],
          [
            -0.497314453125,
            0.4951171875,
            0.71240234375,
            -0.19744093716144562
          ]
        ]
      ],
      "t0_rotation_rmse": 3.8115713596343994,
      "t0_translation_rmse_100": 1.094628095626831
    },
    "stats_list": [
      {
        "psnr": 28.522506713867188,
        "distortion": 0.013274278491735458,
        "rotation_rmse": 0.013463501818478107,
        "translation_rmse_100": 0.033586762845516205,
        "t_final": [
          [
            [
              0.791015625,
              -0.07879638671875,
              0.60693359375,
              -0.24825292825698853
            ],
            [
              0.35693359375,
              0.86572265625,
              -0.352294921875,
              -0.0684097483754158
            ],
            [
              -0.497314453125,
              0.4951171875,
              0.71240234375,
              -0.19744093716144562
            ]
          ]
        ],
        "t0_rotation_rmse": 3.8115713596343994,
        "t0_translation_rmse_100": 1.094628095626831
      }
    ]
  }
}