{
  "1983_Chevrolet_C101431": {
    "best": {
      "psnr": 9.519360542297363,
      "distortion": 0.038707584142684937,
      "rotation_rmse": 103.98479526909505,
      "translation_rmse_100": 82.83431243896484,
      "t_final": [
        [
          [
            -0.20068359375,
            -0.97705078125,
            0.076904296875,
            -1.0554896593093872
          ],
          [
            -0.11431884765625,
            -0.054656982421875,
            -0.9921875,
            -0.2779467701911926
          ],
          [
            0.97265625,
            -0.208251953125,
            -0.10107421875,
            -0.3605367839336395
          ]
        ]
      ]
    },
    "stats_list": [
      {
        "psnr": 9.519360542297363,
        "distortion": 0.038707584142684937,
        "rotation_rmse": 103.98479526909505,
        "translation_rmse_100": 82.83431243896484,
        "t_final": [
          [
            [
              -0.20068359375,
              -0.97705078125,
              0.076904296875,
              -1.0554896593093872
            ],
            [
              -0.11431884765625,
              -0.054656982421875,
              -0.9921875,
              -0.2779467701911926
            ],
            [
              0.97265625,
              -0.208251953125,
              -0.10107421875,
              -0.3605367839336395
            ]
          ]
        ]
      }
    ]
  }
}