{
  "fern_0_100_even_odd": {
    "best": {
      "psnr": 24.331846237182617,
      "distortion": 0.019325559958815575,
      "rotation_rmse": 0.02760118804872036,
      "translation_rmse_100": 0.03214418143033981,
      "t_final": [
        [
          [
            0.91357421875,
            0.18115234375,
            0.364501953125,
            -0.3544243276119232
          ],
          [
            0.10638427734375,
            0.75830078125,
            -0.64306640625,
            0.33110466599464417
          ],
          [
            -0.392822265625,
            0.62646484375,
            0.67333984375,
            0.07414256036281586
          ]
        ]
      ],
      "t0_rotation_rmse": 1.3997185230255127,
      "t0_translation_rmse_100": 0.9680689573287964
    },
    "stats_list": [
      {
        "psnr": 24.331846237182617,
        "distortion": 0.019325559958815575,
        "rotation_rmse": 0.02760118804872036,
        "translation_rmse_100": 0.03214418143033981,
        "t_final": [
          [
            [
              0.91357421875,
              0.18115234375,
              0.364501953125,
              -0.3544243276119232
            ],
            [
              0.10638427734375,
              0.75830078125,
              -0.64306640625,
              0.33110466599464417
            ],
            [
              -0.392822265625,
              0.62646484375,
              0.67333984375,
              0.07414256036281586
            ]
          ]
        ],
        "t0_rotation_rmse": 1.3997185230255127,
        "t0_translation_rmse_100": 0.9680689573287964
      }
    ]
  }
}