{
  "1983_Chevrolet_C101431": {
    "best": {
      "psnr": 6.7906880378723145,
      "distortion": 0.01243029348552227,
      "rotation_rmse": 79.21541122641258,
      "translation_rmse_100": 57.600318908691406,
      "t_final": [
        [
          [
            0.2164306640625,
            -0.95751953125,
            0.190673828125,
            -0.8031497597694397
          ],
          [
            -0.86181640625,
            -0.27880859375,
            -0.424072265625,
            0.02403929829597473
          ],
          [
            0.459228515625,
            -0.072509765625,
            -0.88525390625,
            -0.3298075199127197
          ]
        ]
      ]
    },
    "stats_list": [
      {
        "psnr": 6.7906880378723145,
        "distortion": 0.01243029348552227,
        "rotation_rmse": 79.21541122641258,
        "translation_rmse_100": 57.600318908691406,
        "t_final": [
          [
            [
              0.2164306640625,
              -0.95751953125,
              0.190673828125,
              -0.8031497597694397
            ],
            [
              -0.86181640625,
              -0.27880859375,
              -0.424072265625,
              0.02403929829597473
            ],
            [
              0.459228515625,
              -0.072509765625,
              -0.88525390625,
              -0.3298075199127197
            ]
          ]
        ]
      }
    ]
  }
}