{
  "horns_0_100_even_odd": {
    "best": {
      "psnr": 29.08840560913086,
      "distortion": 0.010518547147512436,
      "rotation_rmse": 0.015205074101686478,
      "translation_rmse_100": 0.007824772037565708,
      "t_final": [
        [
          [
            0.85546875,
            0.1361083984375,
            0.499267578125,
            -0.04393739625811577
          ],
          [
            0.034149169921875,
            0.94775390625,
            -0.317138671875,
            0.1289581060409546
          ],
          [
            -0.51611328125,
            0.288330078125,
            0.80615234375,
            -0.23758137226104736
          ]
        ]
      ],
      "t0_rotation_rmse": 1.2831549644470215,
      "t0_translation_rmse_100": 1.7415271997451782
    },
    "stats_list": [
      {
        "psnr": 29.08840560913086,
        "distortion": 0.010518547147512436,
        "rotation_rmse": 0.015205074101686478,
        "translation_rmse_100": 0.007824772037565708,
        "t_final": [
          [
            [
              0.85546875,
              0.1361083984375,
              0.499267578125,
              -0.04393739625811577
            ],
            [
              0.034149169921875,
              0.94775390625,
              -0.317138671875,
              0.1289581060409546
            ],
            [
              -0.51611328125,
              0.288330078125,
              0.80615234375,
              -0.23758137226104736
            ]
          ]
        ],
        "t0_rotation_rmse": 1.2831549644470215,
        "t0_translation_rmse_100": 1.7415271997451782
      },
      {
        "psnr": 29.08840560913086,
        "distortion": 0.010518547147512436,
        "rotation_rmse": 0.015205074101686478,
        "translation_rmse_100": 0.007824772037565708,
        "t_final": [
          [
            [
              0.85546875,
              0.1361083984375,
              0.499267578125,
              -0.04393739625811577
            ],
            [
              0.034149169921875,
              0.94775390625,
              -0.317138671875,
              0.1289581060409546
            ],
            [
              -0.51611328125,
              0.288330078125,
              0.80615234375,
              -0.23758137226104736
            ]
          ]
        ],
        "t0_rotation_rmse": 1.2831549644470215,
        "t0_translation_rmse_100": 1.7415271997451782
      },
      {
        "psnr": 29.08840560913086,
        "distortion": 0.010518547147512436,
        "rotation_rmse": 0.015205074101686478,
        "translation_rmse_100": 0.007824772037565708,
        "t_final": [
          [
            [
              0.85546875,
              0.1361083984375,
              0.499267578125,
              -0.04393739625811577
            ],
            [
              0.034149169921875,
              0.94775390625,
              -0.317138671875,
              0.1289581060409546
            ],
            [
              -0.51611328125,
              0.288330078125,
              0.80615234375,
              -0.23758137226104736
            ]
          ]
        ],
        "t0_rotation_rmse": 1.2831549644470215,
        "t0_translation_rmse_100": 1.7415271997451782
      },
      {
        "psnr": 29.08840560913086,
        "distortion": 0.010518547147512436,
        "rotation_rmse": 0.015205074101686478,
        "translation_rmse_100": 0.007824772037565708,
        "t_final": [
          [
            [
              0.85546875,
              0.1361083984375,
              0.499267578125,
              -0.04393739625811577
            ],
            [
              0.034149169921875,
              0.94775390625,
              -0.317138671875,
              0.1289581060409546
            ],
            [
              -0.51611328125,
              0.288330078125,
              0.80615234375,
              -0.23758137226104736
            ]
          ]
        ],
        "t0_rotation_rmse": 1.2831549644470215,
        "t0_translation_rmse_100": 1.7415271997451782
      },
      {
        "psnr": 29.08840560913086,
        "distortion": 0.010518547147512436,
        "rotation_rmse": 0.015205074101686478,
        "translation_rmse_100": 0.007824772037565708,
        "t_final": [
          [
            [
              0.85546875,
              0.1361083984375,
              0.499267578125,
              -0.04393739625811577
            ],
            [
              0.034149169921875,
              0.94775390625,
              -0.317138671875,
              0.1289581060409546
            ],
            [
              -0.51611328125,
              0.288330078125,
              0.80615234375,
              -0.23758137226104736
            ]
          ]
        ],
        "t0_rotation_rmse": 1.2831549644470215,
        "t0_translation_rmse_100": 1.7415271997451782
      },
      {
        "psnr": 29.08840560913086,
        "distortion": 0.010518547147512436,
        "rotation_rmse": 0.015205074101686478,
        "translation_rmse_100": 0.007824772037565708,
        "t_final": [
          [
            [
              0.85546875,
              0.1361083984375,
              0.499267578125,
              -0.04393739625811577
            ],
            [
              0.034149169921875,
              0.94775390625,
              -0.317138671875,
              0.1289581060409546
            ],
            [
              -0.51611328125,
              0.288330078125,
              0.80615234375,
              -0.23758137226104736
            ]
          ]
        ],
        "t0_rotation_rmse": 1.2831549644470215,
        "t0_translation_rmse_100": 1.7415271997451782
      },
      {
        "psnr": 29.08840560913086,
        "distortion": 0.010518547147512436,
        "rotation_rmse": 0.015205074101686478,
        "translation_rmse_100": 0.007824772037565708,
        "t_final": [
          [
            [
              0.85546875,
              0.1361083984375,
              0.499267578125,
              -0.04393739625811577
            ],
            [
              0.034149169921875,
              0.94775390625,
              -0.317138671875,
              0.1289581060409546
            ],
            [
              -0.51611328125,
              0.288330078125,
              0.80615234375,
              -0.23758137226104736
            ]
          ]
        ],
        "t0_rotation_rmse": 1.2831549644470215,
        "t0_translation_rmse_100": 1.7415271997451782
      },
      {
        "psnr": 29.08840560913086,
        "distortion": 0.010518547147512436,
        "rotation_rmse": 0.015205074101686478,
        "translation_rmse_100": 0.007824772037565708,
        "t_final": [
          [
            [
              0.85546875,
              0.1361083984375,
              0.499267578125,
              -0.04393739625811577
            ],
            [
              0.034149169921875,
              0.94775390625,
              -0.317138671875,
              0.1289581060409546
            ],
            [
              -0.51611328125,
              0.288330078125,
              0.80615234375,
              -0.23758137226104736
            ]
          ]
        ],
        "t0_rotation_rmse": 1.2831549644470215,
        "t0_translation_rmse_100": 1.7415271997451782
      },
      {
        "psnr": 29.08840560913086,
        "distortion": 0.010518547147512436,
        "rotation_rmse": 0.015205074101686478,
        "translation_rmse_100": 0.007824772037565708,