{
  "table_30_70_even_odd": {
    "best": {
      "psnr": 11.60303020477295,
      "distortion": 0.0829242616891861,
      "rotation_rmse": 132.36343383789062,
      "translation_rmse_100": 21.027597427368164,
      "t_final": [
        [
          [
            -0.64794921875,
            0.76025390625,
            0.05401611328125,
            0.08657931536436081
          ],
          [
            0.6875,
            0.61328125,
            -0.38916015625,
            0.20235812664031982
          ],
          [
            -0.328857421875,
            -0.21484375,
            -0.919921875,
            0.14392663538455963
          ]
        ]
      ],
      "t0_rotation_rmse": 132.43357849121094,
      "t0_translation_rmse_100": 19.040607452392578
    },
    "stats_list": [
      {
        "psnr": 11.60303020477295,
        "distortion": 0.0829242616891861,
        "rotation_rmse": 132.36343383789062,
        "translation_rmse_100": 21.027597427368164,
        "t_final": [
          [
            [
              -0.64794921875,
              0.76025390625,
              0.05401611328125,
              0.08657931536436081
            ],
            [
              0.6875,
              0.61328125,
              -0.38916015625,
              0.20235812664031982
            ],
            [
              -0.328857421875,
              -0.21484375,
              -0.919921875,
              0.14392663538455963
            ]
          ]
        ],
        "t0_rotation_rmse": 132.43357849121094,
        "t0_translation_rmse_100": 19.040607452392578
      }
    ]
  }
}