{
  "4b05": {
    "best": {
      "psnr": 15.45297908782959,
      "distortion": 0.001732774660922587,
      "rotation_rmse": 1.761741627255505,
      "translation_rmse_100": 3.3613719940185547,
      "t_final": [
        [
          [
            -0.275634765625,
            -0.485107421875,
            0.82958984375,
            -0.060386188328266144
          ],
          [
            0.71044921875,
            -0.68359375,
            -0.1640625,
            0.07833851128816605
          ],
          [
            0.64697265625,
            0.54443359375,
            0.53369140625,
            0.06469462066888809
          ]
        ]
      ],
      "t0_rotation_rmse": 13.548317201996237,
      "t0_translation_rmse_100": 0.6974660158157349
    },
    "stats_list": [
      {
        "psnr": 15.45297908782959,
        "distortion": 0.001732774660922587,
        "rotation_rmse": 1.761741627255505,
        "translation_rmse_100": 3.3613719940185547,
        "t_final": [
          [
            [
              -0.275634765625,
              -0.485107421875,
              0.82958984375,
              -0.060386188328266144
            ],
            [
              0.71044921875,
              -0.68359375,
              -0.1640625,
              0.07833851128816605
            ],
            [
              0.64697265625,
              0.54443359375,
              0.53369140625,
              0.06469462066888809
            ]
          ]
        ],
        "t0_rotation_rmse": 13.548317201996237,
        "t0_translation_rmse_100": 0.6974660158157349
      }
    ]
  }
}