{
  "trex_0_100_even_odd": {
    "best": {
      "psnr": 29.19681739807129,
      "distortion": 0.012631082907319069,
      "rotation_rmse": 0.009030850604176521,
      "translation_rmse_100": 0.008938021026551723,
      "t_final": [
        [
          [
            0.79052734375,
            -0.07879638671875,
            0.60693359375,
            -0.24764588475227356
          ],
          [
            0.3564453125,
            0.865234375,
            -0.352294921875,
            -0.06817463040351868
          ],
          [
            -0.497314453125,
            0.494873046875,
            0.71240234375,
            -0.19743835926055908
          ]
        ]
      ],
      "t0_rotation_rmse": 2.574037551879883,
      "t0_translation_rmse_100": 2.68068790435791
    },
    "stats_list": [
      {
        "psnr": 29.19681739807129,
        "distortion": 0.012631082907319069,
        "rotation_rmse": 0.009030850604176521,
        "translation_rmse_100": 0.008938021026551723,
        "t_final": [
          [
            [
              0.79052734375,
              -0.07879638671875,
              0.60693359375,
              -0.24764588475227356
            ],
            [
              0.3564453125,
              0.865234375,
              -0.352294921875,
              -0.06817463040351868
            ],
            [
              -0.497314453125,
              0.494873046875,
              0.71240234375,
              -0.19743835926055908
            ]
          ]
        ],
        "t0_rotation_rmse": 2.574037551879883,
        "t0_translation_rmse_100": 2.68068790435791
      }
    ]
  }
}