{
  "trex_0_100_even_odd": {
    "psnr": 29.969585418701172,
    "distortion": 0.015631690621376038,
    "rotation_rmse": 0.012220497243106365,
    "translation_rmse": 7.251962961163372e-05,
    "t_final": [
      [
        [
          0.79052734375,
          -0.07891845703125,
          0.607421875,
          -0.24773377180099487
        ],
        [
          0.356689453125,
          0.865234375,
          -0.35205078125,
          -0.06839004158973694
        ],
        [
          -0.49755859375,
          0.4951171875,
          0.71240234375,
          -0.1973499059677124
        ]
      ]
    ]
  }
}