{
  "Stylized_Skateboard10c7": {
    "best": {
      "psnr": 20.490537643432617,
      "distortion": 0.0020344038493931293,
      "rotation_rmse": 179.9743765482302,
      "translation_rmse_100": 1.9723176956176758,
      "t_final": [
        [
          [
            -0.6376953125,
            -0.6513671875,
            0.410888671875,
            -0.3064948320388794
          ],
          [
            -0.66748046875,
            0.19970703125,
            -0.7177734375,
            0.13803473114967346
          ],
          [
            0.3857421875,
            -0.73193359375,
            -0.56201171875,
            0.19945722818374634
          ]
        ]
      ],
      "t0_rotation_rmse": 178.75630623999706,
      "t0_translation_rmse_100": 6.247830390930176
    },
    "stats_list": [
      {
        "psnr": 20.490537643432617,
        "distortion": 0.0020344038493931293,
        "rotation_rmse": 179.9743765482302,
        "translation_rmse_100": 1.9723176956176758,
        "t_final": [
          [
            [
              -0.6376953125,
              -0.6513671875,
              0.410888671875,
              -0.3064948320388794
            ],
            [
              -0.66748046875,
              0.19970703125,
              -0.7177734375,
              0.13803473114967346
            ],
            [
              0.3857421875,
              -0.73193359375,
              -0.56201171875,
              0.19945722818374634
            ]
          ]
        ],
        "t0_rotation_rmse": 178.75630623999706,
        "t0_translation_rmse_100": 6.247830390930176
      }
    ]
  }
}