{
  "table_30_70_even_odd": {
    "psnr": 26.95334243774414,
    "distortion": 0.015701724216341972,
    "rotation_rmse": 0.01727750152349472,
    "translation_rmse": 0.00028864946216344833,
    "t_final": [
      [
        [
          0.947265625,
          0.1868896484375,
          0.2607421875,
          -0.11283685266971588
        ],
        [
          0.021759033203125,
          0.7734375,
          -0.6337890625,
          0.31046062707901
        ],
        [
          -0.320068359375,
          0.60595703125,
          0.728515625,
          -0.3758492171764374
        ]
      ]
    ]
  }
}