{
  "fern_30_70_even_odd": {
    "best": {
      "psnr": 19.693273544311523,
      "distortion": 0.017453840002417564,
      "rotation_rmse": 0.2435569167137146,
      "translation_rmse_100": 0.23282082378864288,
      "t_final": [
        [
          [
            0.91259765625,
            0.1754150390625,
            0.368896484375,
            -0.3568481504917145
          ],
          [
            0.11358642578125,
            0.7587890625,
            -0.6416015625,
            0.3276185393333435
          ],
          [
            -0.392333984375,
            0.6279296875,
            0.67236328125,
            0.07477658987045288
          ]
        ]
      ],
      "t0_rotation_rmse": 3.061319351196289,
      "t0_translation_rmse_100": 7.641226768493652
    },
    "stats_list": [
      {
        "psnr": 19.693273544311523,
        "distortion": 0.017453840002417564,
        "rotation_rmse": 0.2435569167137146,
        "translation_rmse_100": 0.23282082378864288,
        "t_final": [
          [
            [
              0.91259765625,
              0.1754150390625,
              0.368896484375,
              -0.3568481504917145
            ],
            [
              0.11358642578125,
              0.7587890625,
              -0.6416015625,
              0.3276185393333435
            ],
            [
              -0.392333984375,
              0.6279296875,
              0.67236328125,
              0.07477658987045288
            ]
          ]
        ],
        "t0_rotation_rmse": 3.061319351196289,
        "t0_translation_rmse_100": 7.641226768493652
      }
    ]
  }
}