{
  "horns_30_70_even_odd": {
    "best": {
      "psnr": 11.24569320678711,
      "distortion": 0.20935404300689697,
      "rotation_rmse": 21.393274307250977,
      "translation_rmse_100": 57.15995407104492,
      "t_final": [
        [
          [
            0.9921875,
            -0.11920166015625,
            -0.03387451171875,
            0.563897430896759
          ],
          [
            0.11602783203125,
            0.98974609375,
            -0.0848388671875,
            0.1533069610595703
          ],
          [
            0.04364013671875,
            0.08026123046875,
            0.99560546875,
            0.5436314344406128
          ]
        ]
      ]
    },
    "stats_list": [
      {
        "psnr": 11.21718692779541,
        "distortion": 0.22043482959270477,
        "rotation_rmse": 14.620987892150879,
        "translation_rmse_100": 58.21587371826172,
        "t_final": [
          [
            [
              0.99169921875,
              -0.044708251953125,
              0.1221923828125,
              0.700411856174469
            ],
            [
              0.07940673828125,
              0.9521484375,
              -0.2958984375,
              0.16311831772327423
            ],
            [
              -0.10308837890625,
              0.302978515625,
              0.947265625,
              0.44188985228538513
            ]
          ]
        ]
      },
      {
        "psnr": 11.185620307922363,
        "distortion": 0.23586547374725342,
        "rotation_rmse": 11.710817337036133,
        "translation_rmse_100": 93.49552154541016,
        "t_final": [
          [
            [
              0.6650390625,
              0.41796875,
              0.61865234375,
              0.9107540249824524
            ],
            [
              -0.048583984375,
              0.85107421875,
              -0.52294921875,
              -0.5759536623954773
            ],
            [
              -0.7451171875,
              0.31787109375,
              0.58642578125,
              0.864457905292511
            ]
          ]
        ]
      },
      {
        "psnr": 11.24569320678711,
        "distortion": 0.20935404300689697,
        "rotation_rmse": 21.393274307250977,
        "translation_rmse_100": 57.15995407104492,
        "t_final": [
          [
            [
              0.9921875,
              -0.11920166015625,
              -0.03387451171875,
              0.563897430896759
            ],
            [
              0.11602783203125,
              0.98974609375,
              -0.0848388671875,
              0.1533069610595703
            ],
            [
              0.04364013671875,
              0.08026123046875,
              0.99560546875,
              0.5436314344406128
            ]
          ]
        ]
      }
    ]
  }
}