{
  "Stylized_Skateboard10c7": {
    "best": {
      "psnr": 11.963894844055176,
      "distortion": 0.0022310817148536444,
      "rotation_rmse": 179.17247100271288,
      "translation_rmse_100": 2.8133273124694824,
      "t_final": [
        [
          [
            -0.61376953125,
            -0.6611328125,
            0.430908203125,
            -0.29808473587036133
          ],
          [
            -0.681640625,
            0.1690673828125,
            -0.7119140625,
            0.1340613216161728
          ],
          [
            0.39794921875,
            -0.73095703125,
            -0.5546875,
            0.22859469056129456
          ]
        ]
      ],
      "t0_rotation_rmse": 179.4499023390445,
      "t0_translation_rmse_100": 3.0437350273132324
    },
    "stats_list": [
      {
        "psnr": 11.963894844055176,
        "distortion": 0.0022310817148536444,
        "rotation_rmse": 179.17247100271288,
        "translation_rmse_100": 2.8133273124694824,
        "t_final": [
          [
            [
              -0.61376953125,
              -0.6611328125,
              0.430908203125,
              -0.29808473587036133
            ],
            [
              -0.681640625,
              0.1690673828125,
              -0.7119140625,
              0.1340613216161728
            ],
            [
              0.39794921875,
              -0.73095703125,
              -0.5546875,
              0.22859469056129456
            ]
          ]
        ],
        "t0_rotation_rmse": 179.4499023390445,
        "t0_translation_rmse_100": 3.0437350273132324
      }
    ]
  }
}