{
  "26851W_Odeon_Lightab66": {
    "best": {
      "psnr": 13.702433586120605,
      "distortion": 0.004354409407824278,
      "rotation_rmse": 127.94219701747546,
      "translation_rmse_100": 18.03632926940918,
      "t_final": [
        [
          [
            0.84716796875,
            0.39306640625,
            -0.357177734375,
            -0.11447464674711227
          ],
          [
            -0.470458984375,
            0.2430419921875,
            -0.84814453125,
            -0.11473231017589569
          ],
          [
            -0.2464599609375,
            0.88671875,
            0.390869140625,
            -0.5144302248954773
          ]
        ]
      ]
    },
    "stats_list": [
      {
        "psnr": 13.702433586120605,
        "distortion": 0.004354409407824278,
        "rotation_rmse": 127.94219701747546,
        "translation_rmse_100": 18.03632926940918,
        "t_final": [
          [
            [
              0.84716796875,
              0.39306640625,
              -0.357177734375,
              -0.11447464674711227
            ],
            [
              -0.470458984375,
              0.2430419921875,
              -0.84814453125,
              -0.11473231017589569
            ],
            [
              -0.2464599609375,
              0.88671875,
              0.390869140625,
              -0.5144302248954773
            ]
          ]
        ]
      }
    ]
  }
}