{
  "Tolix_Industrial_Chairs3f2d": {
    "best": {
      "psnr": 8.852386474609375,
      "distortion": 0.0016839131712913513,
      "rotation_rmse": 6.979662732070098,
      "translation_rmse_100": 0.4782535135746002,
      "t_final": [
        [
          [
            -0.2626953125,
            0.062164306640625,
            0.962890625,
            0.10422053188085556
          ],
          [
            0.62548828125,
            -0.7490234375,
            0.2188720703125,
            0.0034691791515797377
          ],
          [
            0.73486328125,
            0.65966796875,
            0.1578369140625,
            -0.03902411088347435
          ]
        ]
      ],
      "t0_rotation_rmse": 7.313864060667077,
      "t0_translation_rmse_100": 1.2091494798660278
    },
    "stats_list": [
      {
        "psnr": 8.852386474609375,
        "distortion": 0.0016839131712913513,
        "rotation_rmse": 6.979662732070098,
        "translation_rmse_100": 0.4782535135746002,
        "t_final": [
          [
            [
              -0.2626953125,
              0.062164306640625,
              0.962890625,
              0.10422053188085556
            ],
            [
              0.62548828125,
              -0.7490234375,
              0.2188720703125,
              0.0034691791515797377
            ],
            [
              0.73486328125,
              0.65966796875,
              0.1578369140625,
              -0.03902411088347435
            ]
          ]
        ],
        "t0_rotation_rmse": 7.313864060667077,
        "t0_translation_rmse_100": 1.2091494798660278
      }
    ]
  }
}