{
  "trex_30_70_even_odd": {
    "psnr": 22.541812896728516,
    "distortion": 0.013006744906306267,
    "rotation_rmse": 0.010602099820971489,
    "translation_rmse": 6.668432615697384e-05,
    "t_final": [
      [
        [
          0.791015625,
          -0.0791015625,
          0.60693359375,
          -0.2477443665266037
        ],
        [
          0.3564453125,
          0.865234375,
          -0.35205078125,
          -0.06841187179088593
        ],
        [
          -0.497314453125,
          0.49462890625,
          0.71240234375,
          -0.1974807232618332
        ]
      ]
    ]
  }
}