{
  "fern_0_100_even_odd": {
    "best": {
      "psnr": 24.3068904876709,
      "distortion": 0.016775352880358696,
      "rotation_rmse": 0.04094614088535309,
      "translation_rmse_100": 0.03846657648682594,
      "t_final": [
        [
          [
            0.91357421875,
            0.181396484375,
            0.364501953125,
            -0.35428690910339355
          ],
          [
            0.10614013671875,
            0.7587890625,
            -0.64306640625,
            0.33122876286506653
          ],
          [
            -0.39306640625,
            0.6259765625,
            0.67333984375,
            0.07406291365623474
          ]
        ]
      ],
      "t0_rotation_rmse": 1.5728963613510132,
      "t0_translation_rmse_100": 0.7909315824508667
    },
    "stats_list": [
      {
        "psnr": 24.3068904876709,
        "distortion": 0.016775352880358696,
        "rotation_rmse": 0.04094614088535309,
        "translation_rmse_100": 0.03846657648682594,
        "t_final": [
          [
            [
              0.91357421875,
              0.181396484375,
              0.364501953125,
              -0.35428690910339355
            ],
            [
              0.10614013671875,
              0.7587890625,
              -0.64306640625,
              0.33122876286506653
            ],
            [
              -0.39306640625,
              0.6259765625,
              0.67333984375,
              0.07406291365623474
            ]
          ]
        ],
        "t0_rotation_rmse": 1.5728963613510132,
        "t0_translation_rmse_100": 0.7909315824508667
      }
    ]
  },
  "fern_30_70_even_odd": {
    "best": {
      "psnr": 19.693273544311523,
      "distortion": 0.017453840002417564,
      "rotation_rmse": 0.2435569167137146,
      "translation_rmse_100": 0.23282082378864288,
      "t_final": [
        [
          [
            0.91259765625,
            0.1754150390625,
            0.368896484375,
            -0.3568481504917145
          ],
          [
            0.11358642578125,
            0.7587890625,
            -0.6416015625,
            0.3276185393333435
          ],
          [
            -0.392333984375,
            0.6279296875,
            0.67236328125,
            0.07477658987045288
          ]
        ]
      ],
      "t0_rotation_rmse": 3.061319351196289,
      "t0_translation_rmse_100": 7.641226768493652
    },
    "stats_list": [
      {
        "psnr": 19.693273544311523,
        "distortion": 0.017453840002417564,
        "rotation_rmse": 0.2435569167137146,
        "translation_rmse_100": 0.23282082378864288,
        "t_final": [
          [
            [
              0.91259765625,
              0.1754150390625,
              0.368896484375,
              -0.3568481504917145
            ],
            [
              0.11358642578125,
              0.7587890625,
              -0.6416015625,
              0.3276185393333435
            ],
            [
              -0.392333984375,
              0.6279296875,
              0.67236328125,
              0.07477658987045288
            ]
          ]
        ],
        "t0_rotation_rmse": 3.061319351196289,
        "t0_translation_rmse_100": 7.641226768493652
      }
    ]
  },
  "fern_50_50": {
    "best": {
      "psnr": 10.132380485534668,
      "distortion": 0.1309249997138977,
      "rotation_rmse": 83.67957305908203,
      "translation_rmse_100": 47.149723052978516,
      "t_final": [
        [
          [
            0.7001953125,
            0.6904296875,
            0.1845703125,
            -0.1283426284790039
          ],
          [
            -0.185791015625,
            -0.0736083984375,
            0.97998046875,
            -0.2922760546207428
          ],
          [
            0.68994140625,
            -0.7197265625,
            0.07672119140625,
            -0.4029923677444458
          ]
        ]
      ],
      "t0_rotation_rmse": 83.76802825927734,
      "t0_translation_rmse_100": 47.374114990234375
    },
    "stats_list": [
      {
        "psnr": 10.132380485534668,
        "distortion": 0.1309249997138977,
        "rotation_rmse": 83.67957305908203,
        "translation_rmse_100": 47.149723052978516,
        "t_final": [
          [
            [
              0.7001953125,
              0.6904296875,
              0.1845703125,
              -0.1283426284790039
            ],
            [
              -0.185791015625,
              -0.0736083984375,
              0.97998046875,
              -0.2922760546207428
            ],
            [
              0.68994140625,
              -0.7197265625,
              0.07672119140625,
              -0.4029923677444458
            ]
          ]
        ],
        "t0_rotation_rmse": 83.76802825927734,
        "t0_translation_rmse_100": 47.374114990234375
      }
    ]
  },
  "horns_0_100_even_odd": {
    "best": {
      "psnr": 29.052635192871094,
      "distortion": 0.010791920125484467,
      "rotation_rmse": 0.0046194251626729965,
      "translation_rmse_100": 0.011254493147134781,
      "t_final": [
        [
          [
            0.8564453125,
            0.1357421875,
            0.498779296875,
            -0.044052958488464355
          ],
          [
            0.034393310546875,
            0.94775390625,
            -0.317138671875,
            0.12881775200366974
          ],
          [
            -0.51611328125,
            0.28857421875,
            0.806640625,
            -0.237559974193573
          ]
        ]
      ],
      "t0_rotation_rmse": 2.6639559268951416,
      "t0_translation_rmse_100": 2.68925142288208
    },
    "stats_list": [
      {
        "psnr": 29.052635192871094,
        "distortion": 0.010791920125484467,
        "rotation_rmse": 0.0046194251626729965,
        "translation_rmse_100": 0.011254493147134781,
        "t_final": [
          [
            [
              0.8564453125,
              0.1357421875,
              0.498779296875,
              -0.044052958488464355
            ],
            [
              0.034393310546875,
              0.94775390625,
              -0.317138671875,
              0.12881775200366974
            ],
            [
              -0.51611328125,
              0.28857421875,
              0.806640625,
              -0.237559974193573
            ]
          ]
        ],
        "t0_rotation_rmse": 2.6639559268951416,
        "t0_translation_rmse_100": 2.68925142288208
      }
    ]
  },
  "horns_30_70_even_odd": {
    "best": {
      "psnr": 10.979393005371094,
      "distortion": 0.11855728924274445,
      "rotation_rmse": 66.0880126953125,
      "translation_rmse_100": 45.357303619384766,
      "t_final": [
        [
          [
            -0.1981201171875,
            0.9501953125,
            0.2406005859375,
            -0.21699118614196777
          ],
          [
            -0.9775390625,
            -0.2099609375,
            0.0250091552734375,
            -0.6369837522506714
          ],
          [
            0.0743408203125,
            -0.230224609375,
            0.97021484375,
            -0.21108534932136536
          ]
        ]
      ],
      "t0_rotation_rmse": 67.54670715332031,
      "t0_translation_rmse_100": 30.109272003173828
    },
    "stats_list": [
      {
        "psnr": 10.979393005371094,
        "distortion": 0.11855728924274445,
        "rotation_rmse": 66.0880126953125,
        "translation_rmse_100": 45.357303619384766,
        "t_final": [
          [
            [
              -0.1981201171875,
              0.9501953125,
              0.2406005859375,
              -0.21699118614196777
            ],
            [
              -0.9775390625,
              -0.2099609375,
              0.0250091552734375,
              -0.6369837522506714
            ],
            [
              0.0743408203125,
              -0.230224609375,
              0.97021484375,
              -0.21108534932136536
            ]
          ]
        ],