{
  "4b05": {
    "best": {
      "psnr": 14.07602596282959,
      "distortion": 0.0016374095575883985,
      "rotation_rmse": 2.0171654342734797,
      "translation_rmse_100": 4.958388805389404,
      "t_final": [
        [
          [
            -0.281982421875,
            -0.5078125,
            0.81396484375,
            -0.07635635882616043
          ],
          [
            0.71826171875,
            -0.67431640625,
            -0.1712646484375,
            0.08183357119560242
          ],
          [
            0.6357421875,
            0.53662109375,
            0.5546875,
            0.018600493669509888
          ]
        ]
      ],
      "t0_rotation_rmse": 13.0278449356955,
      "t0_translation_rmse_100": 3.214218854904175
    },
    "stats_list": [
      {
        "psnr": 14.07602596282959,
        "distortion": 0.0016374095575883985,
        "rotation_rmse": 2.0171654342734797,
        "translation_rmse_100": 4.958388805389404,
        "t_final": [
          [
            [
              -0.281982421875,
              -0.5078125,
              0.81396484375,
              -0.07635635882616043
            ],
            [
              0.71826171875,
              -0.67431640625,
              -0.1712646484375,
              0.08183357119560242
            ],
            [
              0.6357421875,
              0.53662109375,
              0.5546875,
              0.018600493669509888
            ]
          ]
        ],
        "t0_rotation_rmse": 13.0278449356955,
        "t0_translation_rmse_100": 3.214218854904175
      }
    ]
  }
}