{
  "table_30_70_even_odd": {
    "psnr": 23.03376579284668,
    "distortion": 0.01933201029896736,
    "rotation_rmse": 0.013892730697989464,
    "translation_rmse": 0.00020500412210822105,
    "t_final": [
      [
        [
          0.947265625,
          0.187255859375,
          0.260498046875,
          -0.11271444708108902
        ],
        [
          0.021514892578125,
          0.77294921875,
          -0.63427734375,
          0.31077349185943604
        ],
        [
          -0.320068359375,
          0.60595703125,
          0.72802734375,
          -0.3756466209888458
        ]
      ]
    ]
  }
}