{
  "26851W_Odeon_Lightab66": {
    "best": {
      "psnr": 16.49140167236328,
      "distortion": 0.00143073545768857,
      "rotation_rmse": 158.7711089772917,
      "translation_rmse_100": 44.05800247192383,
      "t_final": [
        [
          [
            0.9619140625,
            -0.26123046875,
            -0.07470703125,
            0.506468653678894
          ],
          [
            0.056060791015625,
            0.459716796875,
            -0.88623046875,
            -0.008670803159475327
          ],
          [
            0.265869140625,
            0.8486328125,
            0.45703125,
            -0.04206010326743126
          ]
        ]
      ]
    },
    "stats_list": [
      {
        "psnr": 16.49140167236328,
        "distortion": 0.00143073545768857,
        "rotation_rmse": 158.7711089772917,
        "translation_rmse_100": 44.05800247192383,
        "t_final": [
          [
            [
              0.9619140625,
              -0.26123046875,
              -0.07470703125,
              0.506468653678894
            ],
            [
              0.056060791015625,
              0.459716796875,
              -0.88623046875,
              -0.008670803159475327
            ],
            [
              0.265869140625,
              0.8486328125,
              0.45703125,
              -0.04206010326743126
            ]
          ]
        ]
      }
    ]
  }
}