{
  "4b05": {
    "best": {
      "psnr": 14.926019668579102,
      "distortion": 0.0016410885145887733,
      "rotation_rmse": 1.8716571642819118,
      "translation_rmse_100": 3.951643466949463,
      "t_final": [
        [
          [
            -0.275146484375,
            -0.49365234375,
            0.82470703125,
            -0.06628890335559845
          ],
          [
            0.7138671875,
            -0.67919921875,
            -0.1685791015625,
            0.08150602877140045
          ],
          [
            0.6435546875,
            0.54248046875,
            0.53955078125,
            0.04002280533313751
          ]
        ]
      ],
      "t0_rotation_rmse": 9.651895791819424,
      "t0_translation_rmse_100": 0.20790305733680725
    },
    "stats_list": [
      {
        "psnr": 14.926019668579102,
        "distortion": 0.0016410885145887733,
        "rotation_rmse": 1.8716571642819118,
        "translation_rmse_100": 3.951643466949463,
        "t_final": [
          [
            [
              -0.275146484375,
              -0.49365234375,
              0.82470703125,
              -0.06628890335559845
            ],
            [
              0.7138671875,
              -0.67919921875,
              -0.1685791015625,
              0.08150602877140045
            ],
            [
              0.6435546875,
              0.54248046875,
              0.53955078125,
              0.04002280533313751
            ]
          ]
        ],
        "t0_rotation_rmse": 9.651895791819424,
        "t0_translation_rmse_100": 0.20790305733680725
      }
    ]
  }
}