{
  "4b05": {
    "best": {
      "psnr": 10.093155860900879,
      "distortion": 0.003205645363777876,
      "rotation_rmse": 110.96147850306863,
      "translation_rmse_100": 63.647056579589844,
      "t_final": [
        [
          [
            -0.73388671875,
            -0.307373046875,
            -0.60595703125,
            0.6096980571746826
          ],
          [
            -0.2001953125,
            -0.75439453125,
            0.62548828125,
            0.22825539112091064
          ],
          [
            -0.6494140625,
            0.58056640625,
            0.491943359375,
            -0.27086350321769714
          ]
        ]
      ]
    },
    "stats_list": [
      {
        "psnr": 10.093155860900879,
        "distortion": 0.003205645363777876,
        "rotation_rmse": 110.96147850306863,
        "translation_rmse_100": 63.647056579589844,
        "t_final": [
          [
            [
              -0.73388671875,
              -0.307373046875,
              -0.60595703125,
              0.6096980571746826
            ],
            [
              -0.2001953125,
              -0.75439453125,
              0.62548828125,
              0.22825539112091064
            ],
            [
              -0.6494140625,
              0.58056640625,
              0.491943359375,
              -0.27086350321769714
            ]
          ]
        ]
      }
    ]
  }
}