{
  "26851W_Odeon_Lightab66": {
    "best": {
      "psnr": 18.636457443237305,
      "distortion": 0.006436238065361977,
      "rotation_rmse": 47.4230574457499,
      "translation_rmse_100": 82.62100219726562,
      "t_final": [
        [
          [
            -0.4189453125,
            0.400390625,
            -0.81494140625,
            -0.7603213787078857
          ],
          [
            -0.908203125,
            -0.1805419921875,
            0.3779296875,
            0.8042852878570557
          ],
          [
            0.003917694091796875,
            0.8984375,
            0.439453125,
            -1.2230817079544067
          ]
        ]
      ]
    },
    "stats_list": [
      {
        "psnr": 18.636457443237305,
        "distortion": 0.006436238065361977,
        "rotation_rmse": 47.4230574457499,
        "translation_rmse_100": 82.62100219726562,
        "t_final": [
          [
            [
              -0.4189453125,
              0.400390625,
              -0.81494140625,
              -0.7603213787078857
            ],
            [
              -0.908203125,
              -0.1805419921875,
              0.3779296875,
              0.8042852878570557
            ],
            [
              0.003917694091796875,
              0.8984375,
              0.439453125,
              -1.2230817079544067
            ]
          ]
        ]
      }
    ]
  }
}