{
  "26851W_Odeon_Lightab66": {
    "best": {
      "psnr": 13.873729705810547,
      "distortion": 0.006400583777576685,
      "rotation_rmse": 125.21872262955348,
      "translation_rmse_100": 16.568004608154297,
      "t_final": [
        [
          [
            0.83837890625,
            0.34619140625,
            -0.420654296875,
            -0.09979141503572464
          ],
          [
            -0.51806640625,
            0.26953125,
            -0.8115234375,
            -0.1356544941663742
          ],
          [
            -0.16748046875,
            0.8984375,
            0.4052734375,
            -0.40649259090423584
          ]
        ]
      ]
    },
    "stats_list": [
      {
        "psnr": 13.873729705810547,
        "distortion": 0.006400583777576685,
        "rotation_rmse": 125.21872262955348,
        "translation_rmse_100": 16.568004608154297,
        "t_final": [
          [
            [
              0.83837890625,
              0.34619140625,
              -0.420654296875,
              -0.09979141503572464
            ],
            [
              -0.51806640625,
              0.26953125,
              -0.8115234375,
              -0.1356544941663742
            ],
            [
              -0.16748046875,
              0.8984375,
              0.4052734375,
              -0.40649259090423584
            ]
          ]
        ]
      }
    ]
  }
}