{
  "mushroom": {
    "best": {
      "psnr": 15.300163269042969,
      "distortion": 0.01948132924735546,
      "rotation_rmse": 14.089251518249512,
      "translation_rmse_100": 33.92607116699219,
      "t_final": [
        [
          [
            0.91650390625,
            0.357666015625,
            0.1795654296875,
            -0.3658473789691925
          ],
          [
            -0.329345703125,
            0.9287109375,
            -0.16943359375,
            -0.15102891623973846
          ],
          [
            -0.227294921875,
            0.09619140625,
            0.96923828125,
            -0.4343264400959015
          ]
        ]
      ]
    },
    "stats_list": [
      {
        "psnr": 14.766839027404785,
        "distortion": 0.01976878009736538,
        "rotation_rmse": 22.746822357177734,
        "translation_rmse_100": 36.22035598754883,
        "t_final": [
          [
            [
              0.79443359375,
              0.55078125,
              0.255615234375,
              -0.43923068046569824
            ],
            [
              -0.455810546875,
              0.81884765625,
              -0.3486328125,
              -0.03076951578259468
            ],
            [
              -0.4013671875,
              0.160400390625,
              0.90185546875,
              -0.4468824863433838
            ]
          ]
        ]
      },
      {
        "psnr": 14.080875396728516,
        "distortion": 0.01767808571457863,
        "rotation_rmse": 18.566261291503906,
        "translation_rmse_100": 34.980186462402344,
        "t_final": [
          [
            [
              0.88232421875,
              0.34521484375,
              0.319580078125,
              -0.3189859688282013
            ],
            [
              -0.2266845703125,
              0.9072265625,
              -0.3544921875,
              -0.1281348019838333
            ],
            [
              -0.412109375,
              0.2403564453125,
              0.87890625,
              -0.4989122748374939
            ]
          ]
        ]
      },
      {
        "psnr": 14.755602836608887,
        "distortion": 0.013735066168010235,
        "rotation_rmse": 11.926399230957031,
        "translation_rmse_100": 34.91994094848633,
        "t_final": [
          [
            [
              0.935546875,
              0.03289794921875,
              0.35107421875,
              -0.2570722997188568
            ],
            [
              -0.0333251953125,
              0.99951171875,
              -0.004825592041015625,
              -0.3864765465259552
            ],
            [
              -0.35107421875,
              -0.0071868896484375,
              0.9365234375,
              -0.3877762258052826
            ]
          ]
        ]
      },
      {
        "psnr": 12.164105415344238,
        "distortion": 0.005082061048597097,
        "rotation_rmse": 41.265357971191406,
        "translation_rmse_100": 33.88591003417969,
        "t_final": [
          [
            [
              0.6494140625,
              -0.13427734375,
              -0.74853515625,
              0.12228130549192429
            ],
            [
              -0.36181640625,
              0.81103515625,
              -0.459228515625,
              0.05301386117935181
            ],
            [
              0.6689453125,
              0.5693359375,
              0.47802734375,
              -0.5715883374214172
            ]
          ]
        ]
      },
      {
        "psnr": 15.300163269042969,
        "distortion": 0.01948132924735546,
        "rotation_rmse": 14.089251518249512,
        "translation_rmse_100": 33.92607116699219,
        "t_final": [
          [
            [
              0.91650390625,
              0.357666015625,
              0.1795654296875,
              -0.3658473789691925
            ],
            [
              -0.329345703125,
              0.9287109375,
              -0.16943359375,
              -0.15102891623973846
            ],
            [
              -0.227294921875,
              0.09619140625,
              0.96923828125,
              -0.4343264400959015
            ]
          ]
        ]
      },
      {
        "psnr": 13.5521240234375,
        "distortion": 0.019287234172225,
        "rotation_rmse": 12.798654556274414,
        "translation_rmse_100": 38.899986267089844,
        "t_final": [
          [
            [
              0.98095703125,
              0.06622314453125,
              0.1817626953125,
              -0.12992799282073975
            ],
            [
              -0.00289154052734375,
              0.9443359375,
              -0.32861328125,
              -0.2137802094221115
            ],
            [
              -0.193359375,
              0.322021484375,
              0.9267578125,
              -0.6256032586097717
            ]
          ]
        ]
      },
      {
        "psnr": 12.603072166442871,
        "distortion": 0.007988795638084412,
        "rotation_rmse": 15.601462364196777,
        "translation_rmse_100": 46.521507263183594,
        "t_final": [
          [
            [
              0.9853515625,
              0.100341796875,
              0.137939453125,
              -0.24985180795192719
            ],
            [
              -0.03167724609375,
              0.90234375,
              -0.429931640625,
              -0.19859811663627625
            ],
            [
              -0.1676025390625,
              0.41943359375,
              0.89208984375,
              -0.7398702502250671
            ]
          ]
        ]
      },
      {
        "psnr": 12.585419654846191,
        "distortion": 0.01592719368636608,
        "rotation_rmse": 12.209147453308105,
        "translation_rmse_100": 43.94403839111328,
        "t_final": [
          [
            [
              0.99169921875,
              0.09332275390625,
              0.08837890625,
              -0.16482223570346832
            ],
            [
              -0.05743408203125,
              0.93701171875,
              -0.3447265625,
              -0.22704030573368073
            ],
            [
              -0.114990234375,
              0.336669921875,
              0.9345703125,
              -0.7075379490852356
            ]
          ]
        ]
      },
      {
        "psnr": 13.450163841247559,
        "distortion": 0.01136066485196352,
        "rotation_rmse": 18.952098846435547,
        "translation_rmse_100": 41.95832061767578,
        "t_final": [
          [
            [
              0.8701171875,
              0.484130859375,
              0.090087890625,
              -0.4644485116004944
            ],
            [
              -0.4365234375,
              0.8427734375,
              -0.314453125,
              -0.046348195523023605
            ],
            [
              -0.2281494140625,
              0.2342529296875,
              0.94482421875,
              -0.5570363998413086
            ]
          ]
        ]
      },
      {
        "psnr": 14.539505004882812,
        "distortion": 0.018289102241396904,
        "rotation_rmse": 10.42220401763916,
        "translation_rmse_100": 30.388147354125977,
        "t_final": [
          [
            [
              0.95166015625,
              0.2271728515625,
              0.205810546875,
              -0.2649983763694763
            ],
            [
              -0.2298583984375,
              0.97314453125,
              -0.0113983154296875,
              -0.23289810121059418
            ],
            [
              -0.202880859375,
              -0.03643798828125,
              0.978515625,
              -0.3905971944332123
            ]
          ]
        ]
      }
    ]
  }
}