{
  "4b05": {
    "best": {
      "psnr": 15.519122123718262,
      "distortion": 0.0017249385127797723,
      "rotation_rmse": 0.6951729845533793,
      "translation_rmse_100": 3.4173765182495117,
      "t_final": [
        [
          [
            -0.27978515625,
            -0.490966796875,
            0.8251953125,
            -0.060946233570575714
          ],
          [
            0.71044921875,
            -0.68408203125,
            -0.166015625,
            0.07772094011306763
          ],
          [
            0.6455078125,
            0.53955078125,
            0.5400390625,
            0.06330535560846329
          ]
        ]
      ]
    },
    "stats_list": [
      {
        "psnr": 15.519122123718262,
        "distortion": 0.0017249385127797723,
        "rotation_rmse": 0.6951729845533793,
        "translation_rmse_100": 3.4173765182495117,
        "t_final": [
          [
            [
              -0.27978515625,
              -0.490966796875,
              0.8251953125,
              -0.060946233570575714
            ],
            [
              0.71044921875,
              -0.68408203125,
              -0.166015625,
              0.07772094011306763
            ],
            [
              0.6455078125,
              0.53955078125,
              0.5400390625,
              0.06330535560846329
            ]
          ]
        ]
      }
    ]
  }
}