{
  "room_30_70_even_odd": {
    "best": {
      "psnr": 26.307138442993164,
      "distortion": 0.010719014331698418,
      "rotation_rmse": 0.023270418867468834,
      "translation_rmse_100": 0.033525075763463974,
      "t_final": [
        [
          [
            0.99853515625,
            0.0199737548828125,
            0.0484619140625,
            -0.19892650842666626
          ],
          [
            0.0059967041015625,
            0.875,
            -0.48388671875,
            0.19015483558177948
          ],
          [
            -0.05206298828125,
            0.483642578125,
            0.87353515625,
            0.46325957775115967
          ]
        ]
      ],
      "t0_rotation_rmse": 1.8564132452011108,
      "t0_translation_rmse_100": 2.0540683269500732
    },
    "stats_list": [
      {
        "psnr": 26.307138442993164,
        "distortion": 0.010719014331698418,
        "rotation_rmse": 0.023270418867468834,
        "translation_rmse_100": 0.033525075763463974,
        "t_final": [
          [
            [
              0.99853515625,
              0.0199737548828125,
              0.0484619140625,
              -0.19892650842666626
            ],
            [
              0.0059967041015625,
              0.875,
              -0.48388671875,
              0.19015483558177948
            ],
            [
              -0.05206298828125,
              0.483642578125,
              0.87353515625,
              0.46325957775115967
            ]
          ]
        ],
        "t0_rotation_rmse": 1.8564132452011108,
        "t0_translation_rmse_100": 2.0540683269500732
      },
      {
        "psnr": 26.307138442993164,
        "distortion": 0.010719014331698418,
        "rotation_rmse": 0.023270418867468834,
        "translation_rmse_100": 0.033525075763463974,
        "t_final": [
          [
            [
              0.99853515625,
              0.0199737548828125,
              0.0484619140625,
              -0.19892650842666626
            ],
            [
              0.0059967041015625,
              0.875,
              -0.48388671875,
              0.19015483558177948
            ],
            [
              -0.05206298828125,
              0.483642578125,
              0.87353515625,
              0.46325957775115967
            ]
          ]
        ],
        "t0_rotation_rmse": 1.8564132452011108,
        "t0_translation_rmse_100": 2.0540683269500732
      },
      {
        "psnr": 26.307138442993164,
        "distortion": 0.010719014331698418,
        "rotation_rmse": 0.023270418867468834,
        "translation_rmse_100": 0.033525075763463974,
        "t_final": [
          [
            [
              0.99853515625,
              0.0199737548828125,
              0.0484619140625,
              -0.19892650842666626
            ],
            [
              0.0059967041015625,
              0.875,
              -0.48388671875,
              0.19015483558177948
            ],
            [
              -0.05206298828125,
              0.483642578125,
              0.87353515625,
              0.46325957775115967
            ]
          ]
        ],
        "t0_rotation_rmse": 1.8564132452011108,
        "t0_translation_rmse_100": 2.0540683269500732
      },
      {
        "psnr": 26.307138442993164,
        "distortion": 0.010719014331698418,
        "rotation_rmse": 0.023270418867468834,
        "translation_rmse_100": 0.033525075763463974,
        "t_final": [
          [
            [
              0.99853515625,
              0.0199737548828125,
              0.0484619140625,
              -0.19892650842666626
            ],
            [
              0.0059967041015625,
              0.875,
              -0.48388671875,
              0.19015483558177948
            ],
            [
              -0.05206298828125,
              0.483642578125,
              0.87353515625,
              0.46325957775115967
            ]
          ]
        ],
        "t0_rotation_rmse": 1.8564132452011108,
        "t0_translation_rmse_100": 2.0540683269500732
      },
      {
        "psnr": 26.307138442993164,
        "distortion": 0.010719014331698418,
        "rotation_rmse": 0.023270418867468834,
        "translation_rmse_100": 0.033525075763463974,
        "t_final": [
          [
            [
              0.99853515625,
              0.0199737548828125,
              0.0484619140625,
              -0.19892650842666626
            ],
            [
              0.0059967041015625,
              0.875,
              -0.48388671875,
              0.19015483558177948
            ],
            [
              -0.05206298828125,
              0.483642578125,
              0.87353515625,
              0.46325957775115967
            ]
          ]
        ],
        "t0_rotation_rmse": 1.8564132452011108,
        "t0_translation_rmse_100": 2.0540683269500732
      },
      {
        "psnr": 26.307138442993164,
        "distortion": 0.010719014331698418,
        "rotation_rmse": 0.023270418867468834,
        "translation_rmse_100": 0.033525075763463974,
        "t_final": [
          [
            [
              0.99853515625,
              0.0199737548828125,
              0.0484619140625,
              -0.19892650842666626
            ],
            [
              0.0059967041015625,
              0.875,
              -0.48388671875,
              0.19015483558177948
            ],
            [
              -0.05206298828125,
              0.483642578125,
              0.87353515625,
              0.46325957775115967
            ]
          ]
        ],
        "t0_rotation_rmse": 1.8564132452011108,
        "t0_translation_rmse_100": 2.0540683269500732
      },
      {
        "psnr": 26.307138442993164,
        "distortion": 0.010719014331698418,
        "rotation_rmse": 0.023270418867468834,
        "translation_rmse_100": 0.033525075763463974,
        "t_final": [
          [
            [
              0.99853515625,
              0.0199737548828125,
              0.0484619140625,
              -0.19892650842666626
            ],
            [
              0.0059967041015625,
              0.875,
              -0.48388671875,
              0.19015483558177948
            ],
            [
              -0.05206298828125,
              0.483642578125,
              0.87353515625,
              0.46325957775115967
            ]
          ]
        ],
        "t0_rotation_rmse": 1.8564132452011108,
        "t0_translation_rmse_100": 2.0540683269500732
      },
      {
        "psnr": 26.307138442993164,
        "distortion": 0.010719014331698418,
        "rotation_rmse": 0.023270418867468834,
        "translation_rmse_100": 0.033525075763463974,
        "t_final": [
          [
            [
              0.99853515625,
              0.0199737548828125,
              0.0484619140625,
              -0.19892650842666626
            ],
            [
              0.0059967041015625,
              0.875,
              -0.48388671875,
              0.19015483558177948
            ],
            [
              -0.05206298828125,
              0.483642578125,
              0.87353515625,
              0.46325957775115967
            ]
          ]
        ],
        "t0_rotation_rmse": 1.8564132452011108,
        "t0_translation_rmse_100": 2.0540683269500732
      },
      {
        "psnr": 26.307138442993164,
        "distortion": 0.010719014331698418,
        "rotation_rmse": 0.023270418867468834,
        "translation_rmse_100": 0.033525075763463974,