{
  "trex_0_100_even_odd": {
    "best": {
      "psnr": 11.978826522827148,
      "distortion": 0.09320911020040512,
      "rotation_rmse": 17.83265495300293,
      "translation_rmse_100": 27.593273162841797,
      "t_final": [
        [
          [
            0.74755859375,
            -0.5009765625,
            0.435791015625,
            -0.6723406910896301
          ],
          [
            0.47705078125,
            0.86181640625,
            0.17236328125,
            0.14774802327156067
          ],
          [
            -0.4619140625,
            0.0791015625,
            0.88330078125,
            -0.2347182333469391
          ]
        ]
      ]
    },
    "stats_list": [
      {
        "psnr": 11.797805786132812,
        "distortion": 0.16561588644981384,
        "rotation_rmse": 16.776897430419922,
        "translation_rmse_100": 24.413381576538086,
        "t_final": [
          [
            [
              0.6259765625,
              -0.5380859375,
              0.564453125,
              -0.47996681928634644
            ],
            [
              0.5126953125,
              0.82958984375,
              0.222412109375,
              0.2759600281715393
            ],
            [
              -0.587890625,
              0.150146484375,
              0.794921875,
              -0.1179908737540245
            ]
          ]
        ]
      },
      {
        "psnr": 11.512009620666504,
        "distortion": 0.17304249107837677,
        "rotation_rmse": 15.385119438171387,
        "translation_rmse_100": 47.69892883300781,
        "t_final": [
          [
            [
              0.89990234375,
              -0.22900390625,
              0.37109375,
              0.3885500133037567
            ],
            [
              0.27978515625,
              0.9560546875,
              -0.08856201171875,
              -0.0396721214056015
            ],
            [
              -0.33447265625,
              0.1834716796875,
              0.92431640625,
              0.3288184702396393
            ]
          ]
        ]
      },
      {
        "psnr": 11.978826522827148,
        "distortion": 0.09320911020040512,
        "rotation_rmse": 17.83265495300293,
        "translation_rmse_100": 27.593273162841797,
        "t_final": [
          [
            [
              0.74755859375,
              -0.5009765625,
              0.435791015625,
              -0.6723406910896301
            ],
            [
              0.47705078125,
              0.86181640625,
              0.17236328125,
              0.14774802327156067
            ],
            [
              -0.4619140625,
              0.0791015625,
              0.88330078125,
              -0.2347182333469391
            ]
          ]
        ]
      }
    ]
  }
}