{
  "26851W_Odeon_Lightab66": {
    "best": {
      "psnr": 14.611567497253418,
      "distortion": 0.00729004293680191,
      "rotation_rmse": 136.77208417382164,
      "translation_rmse_100": 17.493925094604492,
      "t_final": [
        [
          [
            0.9443359375,
            0.10357666015625,
            -0.311767578125,
            0.24082788825035095
          ],
          [
            -0.327880859375,
            0.35693359375,
            -0.875,
            -0.10351758450269699
          ],
          [
            0.0205535888671875,
            0.92822265625,
            0.370849609375,
            -0.3024877905845642
          ]
        ]
      ]
    },
    "stats_list": [
      {
        "psnr": 14.611567497253418,
        "distortion": 0.00729004293680191,
        "rotation_rmse": 136.77208417382164,
        "translation_rmse_100": 17.493925094604492,
        "t_final": [
          [
            [
              0.9443359375,
              0.10357666015625,
              -0.311767578125,
              0.24082788825035095
            ],
            [
              -0.327880859375,
              0.35693359375,
              -0.875,
              -0.10351758450269699
            ],
            [
              0.0205535888671875,
              0.92822265625,
              0.370849609375,
              -0.3024877905845642
            ]
          ]
        ]
      }
    ]
  }
}