{
  "lion_30_70_even_odd": {
    "best": {
      "psnr": 29.457721710205078,
      "distortion": 0.00296509126201272,
      "rotation_rmse": 0.5606282353401184,
      "translation_rmse_100": 0.4006534814834595,
      "t_final": [
        [
          [
            0.9228515625,
            -0.2496337890625,
            0.294677734375,
            0.3066084086894989
          ],
          [
            0.310791015625,
            0.93310546875,
            -0.18212890625,
            0.18512336909770966
          ],
          [
            -0.2296142578125,
            0.259521484375,
            0.93798828125,
            -0.1125997006893158
          ]
        ]
      ],
      "t0_rotation_rmse": 2.9533848762512207,
      "t0_translation_rmse_100": 2.971428871154785
    },
    "stats_list": [
      {
        "psnr": 29.457721710205078,
        "distortion": 0.00296509126201272,
        "rotation_rmse": 0.5606282353401184,
        "translation_rmse_100": 0.4006534814834595,
        "t_final": [
          [
            [
              0.9228515625,
              -0.2496337890625,
              0.294677734375,
              0.3066084086894989
            ],
            [
              0.310791015625,
              0.93310546875,
              -0.18212890625,
              0.18512336909770966
            ],
            [
              -0.2296142578125,
              0.259521484375,
              0.93798828125,
              -0.1125997006893158
            ]
          ]
        ],
        "t0_rotation_rmse": 2.9533848762512207,
        "t0_translation_rmse_100": 2.971428871154785
      }
    ]
  },
  "table_30_70_even_odd": {
    "best": {
      "psnr": 26.122875213623047,
      "distortion": 0.022987395524978638,
      "rotation_rmse": 0.026606205850839615,
      "translation_rmse_100": 0.018724841997027397,
      "t_final": [
        [
          [
            0.98681640625,
            0.044403076171875,
            0.1566162109375,
            -0.056656938046216965
          ],
          [
            0.01148223876953125,
            0.9404296875,
            -0.339111328125,
            0.15555205941200256
          ],
          [
            -0.1624755859375,
            0.33642578125,
            0.92822265625,
            -0.18782122433185577
          ]
        ]
      ],
      "t0_rotation_rmse": 1.248037338256836,
      "t0_translation_rmse_100": 1.0841610431671143
    },
    "stats_list": [
      {
        "psnr": 26.122875213623047,
        "distortion": 0.022987395524978638,
        "rotation_rmse": 0.026606205850839615,
        "translation_rmse_100": 0.018724841997027397,
        "t_final": [
          [
            [
              0.98681640625,
              0.044403076171875,
              0.1566162109375,
              -0.056656938046216965
            ],
            [
              0.01148223876953125,
              0.9404296875,
              -0.339111328125,
              0.15555205941200256
            ],
            [
              -0.1624755859375,
              0.33642578125,
              0.92822265625,
              -0.18782122433185577
            ]
          ]
        ],
        "t0_rotation_rmse": 1.248037338256836,
        "t0_translation_rmse_100": 1.0841610431671143
      }
    ]
  }
}