{
  "Simply_Guitar14f8": {
    "best": {
      "psnr": 15.88412857055664,
      "distortion": 0.0010902734939008951,
      "rotation_rmse": 1.823812788854406,
      "translation_rmse_100": 0.1876935362815857,
      "t_final": [
        [
          [
            0.67626953125,
            0.2161865234375,
            -0.7041015625,
            -0.12725642323493958
          ],
          [
            -0.465087890625,
            0.8662109375,
            -0.1810302734375,
            -0.02536388486623764
          ],
          [
            0.57080078125,
            0.44970703125,
            0.68701171875,
            -0.03193815052509308
          ]
        ]
      ],
      "t0_rotation_rmse": 3.756427798244321,
      "t0_translation_rmse_100": 2.1194570064544678
    },
    "stats_list": [
      {
        "psnr": 15.88412857055664,
        "distortion": 0.0010902734939008951,
        "rotation_rmse": 1.823812788854406,
        "translation_rmse_100": 0.1876935362815857,
        "t_final": [
          [
            [
              0.67626953125,
              0.2161865234375,
              -0.7041015625,
              -0.12725642323493958
            ],
            [
              -0.465087890625,
              0.8662109375,
              -0.1810302734375,
              -0.02536388486623764
            ],
            [
              0.57080078125,
              0.44970703125,
              0.68701171875,
              -0.03193815052509308
            ]
          ]
        ],
        "t0_rotation_rmse": 3.756427798244321,
        "t0_translation_rmse_100": 2.1194570064544678
      }
    ]
  }
}