{
  "4b05": {
    "best": {
      "psnr": 12.952303886413574,
      "distortion": 0.0016279502306133509,
      "rotation_rmse": 4.880806724725383,
      "translation_rmse_100": 6.533103942871094,
      "t_final": [
        [
          [
            -0.2998046875,
            -0.54345703125,
            0.78369140625,
            -0.092103511095047
          ],
          [
            0.72998046875,
            -0.65966796875,
            -0.17822265625,
            0.07897777855396271
          ],
          [
            0.6142578125,
            0.51904296875,
            0.59423828125,
            -0.020023293793201447
          ]
        ]
      ],
      "t0_rotation_rmse": 17.289518159330495,
      "t0_translation_rmse_100": 7.468360900878906
    },
    "stats_list": [
      {
        "psnr": 12.952303886413574,
        "distortion": 0.0016279502306133509,
        "rotation_rmse": 4.880806724725383,
        "translation_rmse_100": 6.533103942871094,
        "t_final": [
          [
            [
              -0.2998046875,
              -0.54345703125,
              0.78369140625,
              -0.092103511095047
            ],
            [
              0.72998046875,
              -0.65966796875,
              -0.17822265625,
              0.07897777855396271
            ],
            [
              0.6142578125,
              0.51904296875,
              0.59423828125,
              -0.020023293793201447
            ]
          ]
        ],
        "t0_rotation_rmse": 17.289518159330495,
        "t0_translation_rmse_100": 7.468360900878906
      }
    ]
  }
}