{
  "Simply_Guitar14f8": {
    "best": {
      "psnr": 15.477619171142578,
      "distortion": 0.0010941328946501017,
      "rotation_rmse": 1.4675431534761596,
      "translation_rmse_100": 0.1663312315940857,
      "t_final": [
        [
          [
            0.677734375,
            0.2138671875,
            -0.703125,
            -0.12747004628181458
          ],
          [
            -0.46240234375,
            0.86767578125,
            -0.18212890625,
            -0.02602001279592514
          ],
          [
            0.5712890625,
            0.44873046875,
            0.6875,
            -0.03120572678744793
          ]
        ]
      ],
      "t0_rotation_rmse": 3.756427798244321,
      "t0_translation_rmse_100": 2.1194570064544678
    },
    "stats_list": [
      {
        "psnr": 15.477619171142578,
        "distortion": 0.0010941328946501017,
        "rotation_rmse": 1.4675431534761596,
        "translation_rmse_100": 0.1663312315940857,
        "t_final": [
          [
            [
              0.677734375,
              0.2138671875,
              -0.703125,
              -0.12747004628181458
            ],
            [
              -0.46240234375,
              0.86767578125,
              -0.18212890625,
              -0.02602001279592514
            ],
            [
              0.5712890625,
              0.44873046875,
              0.6875,
              -0.03120572678744793
            ]
          ]
        ],
        "t0_rotation_rmse": 3.756427798244321,
        "t0_translation_rmse_100": 2.1194570064544678
      }
    ]
  }
}