{
  "room_50_50": {
    "best": {
      "psnr": 13.371406555175781,
      "distortion": 0.09528610855340958,
      "rotation_rmse": 22.15949821472168,
      "translation_rmse_100": 43.32318115234375,
      "t_final": [
        [
          [
            0.82080078125,
            -0.482177734375,
            0.3056640625,
            -0.1872473806142807
          ],
          [
            0.55419921875,
            0.54541015625,
            -0.62890625,
            -0.3710504472255707
          ],
          [
            0.13623046875,
            0.685546875,
            0.71484375,
            -0.03460555523633957
          ]
        ]
      ]
    },
    "stats_list": [
      {
        "psnr": 13.371406555175781,
        "distortion": 0.09528610855340958,
        "rotation_rmse": 22.15949821472168,
        "translation_rmse_100": 43.32318115234375,
        "t_final": [
          [
            [
              0.82080078125,
              -0.482177734375,
              0.3056640625,
              -0.1872473806142807
            ],
            [
              0.55419921875,
              0.54541015625,
              -0.62890625,
              -0.3710504472255707
            ],
            [
              0.13623046875,
              0.685546875,
              0.71484375,
              -0.03460555523633957
            ]
          ]
        ]
      },
      {
        "psnr": 13.33220100402832,
        "distortion": 0.09360797703266144,
        "rotation_rmse": 6.1191792488098145,
        "translation_rmse_100": 26.890636444091797,
        "t_final": [
          [
            [
              0.998046875,
              -0.0604248046875,
              0.01513671875,
              -0.11418171226978302
            ],
            [
              0.056854248046875,
              0.78466796875,
              -0.61767578125,
              0.1642918735742569
            ],
            [
              0.025421142578125,
              0.6171875,
              0.78662109375,
              0.005785761401057243
            ]
          ]
        ]
      },
      {
        "psnr": 13.060468673706055,
        "distortion": 0.08493465185165405,
        "rotation_rmse": 11.086244583129883,
        "translation_rmse_100": 26.223289489746094,
        "t_final": [
          [
            [
              0.99658203125,
              -0.066162109375,
              0.047882080078125,
              -0.1517162322998047
            ],
            [
              0.080078125,
              0.67529296875,
              -0.73291015625,
              -0.004921593703329563
            ],
            [
              0.0161590576171875,
              0.734375,
              0.6787109375,
              0.055720005184412
            ]
          ]
        ]
      }
    ]
  }
}