{
  "trex_0_100_even_odd": {
    "best": {
      "psnr": 10.986717224121094,
      "distortion": 0.02093304507434368,
      "rotation_rmse": 12.449716567993164,
      "translation_rmse_100": 18.94063377380371,
      "t_final": [
        [
          [
            0.8037109375,
            -0.1109619140625,
            0.5849609375,
            -0.26488640904426575
          ],
          [
            0.341552734375,
            0.890625,
            -0.30029296875,
            -0.07808168232440948
          ],
          [
            -0.487548828125,
            0.44091796875,
            0.75390625,
            -0.18059910833835602
          ]
        ]
      ],
      "t0_rotation_rmse": 12.071428298950195,
      "t0_translation_rmse_100": 18.14175033569336
    },
    "stats_list": [
      {
        "psnr": 10.986717224121094,
        "distortion": 0.02093304507434368,
        "rotation_rmse": 12.449716567993164,
        "translation_rmse_100": 18.94063377380371,
        "t_final": [
          [
            [
              0.8037109375,
              -0.1109619140625,
              0.5849609375,
              -0.26488640904426575
            ],
            [
              0.341552734375,
              0.890625,
              -0.30029296875,
              -0.07808168232440948
            ],
            [
              -0.487548828125,
              0.44091796875,
              0.75390625,
              -0.18059910833835602
            ]
          ]
        ],
        "t0_rotation_rmse": 12.071428298950195,
        "t0_translation_rmse_100": 18.14175033569336
      }
    ]
  }
}