{
  "Acoustic_Guitar0aa0": {
    "best": {
      "psnr": 23.992170333862305,
      "distortion": 0.0020760158076882362,
      "rotation_rmse": 0.7077817340693248,
      "translation_rmse_100": 0.02998337149620056,
      "t_final": [
        [
          [
            0.69091796875,
            -0.18505859375,
            -0.69873046875,
            0.08846354484558105
          ],
          [
            0.111083984375,
            0.982421875,
            -0.150390625,
            -0.007780937943607569
          ],
          [
            0.71435546875,
            0.02630615234375,
            0.69921875,
            0.1868496686220169
          ]
        ]
      ]
    },
    "stats_list": [
      {
        "psnr": 23.992170333862305,
        "distortion": 0.0020760158076882362,
        "rotation_rmse": 0.7077817340693248,
        "translation_rmse_100": 0.02998337149620056,
        "t_final": [
          [
            [
              0.69091796875,
              -0.18505859375,
              -0.69873046875,
              0.08846354484558105
            ],
            [
              0.111083984375,
              0.982421875,
              -0.150390625,
              -0.007780937943607569
            ],
            [
              0.71435546875,
              0.02630615234375,
              0.69921875,
              0.1868496686220169
            ]
          ]
        ]
      }
    ]
  }
}