{
  "26851W_Odeon_Lightab66": {
    "best": {
      "psnr": 16.388927459716797,
      "distortion": 0.0035378597676753998,
      "rotation_rmse": 20.398153482470093,
      "translation_rmse_100": 4.698020935058594,
      "t_final": [
        [
          [
            -0.8466796875,
            -0.0948486328125,
            -0.52392578125,
            0.018908433616161346
          ],
          [
            -0.5234375,
            -0.03314208984375,
            0.8515625,
            0.3087131977081299
          ],
          [
            -0.09820556640625,
            0.99462890625,
            -0.0214080810546875,
            -1.023842215538025
          ]
        ]
      ]
    },
    "stats_list": [
      {
        "psnr": 16.388927459716797,
        "distortion": 0.0035378597676753998,
        "rotation_rmse": 20.398153482470093,
        "translation_rmse_100": 4.698020935058594,
        "t_final": [
          [
            [
              -0.8466796875,
              -0.0948486328125,
              -0.52392578125,
              0.018908433616161346
            ],
            [
              -0.5234375,
              -0.03314208984375,
              0.8515625,
              0.3087131977081299
            ],
            [
              -0.09820556640625,
              0.99462890625,
              -0.0214080810546875,
              -1.023842215538025
            ]
          ]
        ]
      }
    ]
  }
}