{
  "Xbox_360_Controller0866": {
    "best": {
      "psnr": 14.279690742492676,
      "distortion": 0.0017980518750846386,
      "rotation_rmse": 5.643130928921621,
      "translation_rmse_100": 1.120007038116455,
      "t_final": [
        [
          [
            0.0268402099609375,
            0.64599609375,
            -0.7626953125,
            0.05896250158548355
          ],
          [
            0.5888671875,
            0.6064453125,
            0.5341796875,
            -0.054602473974227905
          ],
          [
            0.8076171875,
            -0.463623046875,
            -0.3642578125,
            0.5070657730102539
          ]
        ]
      ],
      "t0_rotation_rmse": 5.567991017305385,
      "t0_translation_rmse_100": 1.120007038116455
    },
    "stats_list": [
      {
        "psnr": 14.279690742492676,
        "distortion": 0.0017980518750846386,
        "rotation_rmse": 5.643130928921621,
        "translation_rmse_100": 1.120007038116455,
        "t_final": [
          [
            [
              0.0268402099609375,
              0.64599609375,
              -0.7626953125,
              0.05896250158548355
            ],
            [
              0.5888671875,
              0.6064453125,
              0.5341796875,
              -0.054602473974227905
            ],
            [
              0.8076171875,
              -0.463623046875,
              -0.3642578125,
              0.5070657730102539
            ]
          ]
        ],
        "t0_rotation_rmse": 5.567991017305385,
        "t0_translation_rmse_100": 1.120007038116455
      }
    ]
  }
}