{
  "26851W_Odeon_Lightab66": {
    "best": {
      "psnr": 17.158090591430664,
      "distortion": 0.0021993813570588827,
      "rotation_rmse": 25.39105249998689,
      "translation_rmse_100": 5.762171745300293,
      "t_final": [
        [
          [
            -0.6572265625,
            -0.099365234375,
            -0.7470703125,
            0.008266925811767578
          ],
          [
            -0.73876953125,
            -0.1097412109375,
            0.66455078125,
            0.10768279433250427
          ],
          [
            -0.14794921875,
            0.98876953125,
            -0.00180816650390625,
            -0.4907209873199463
          ]
        ]
      ]
    },
    "stats_list": [
      {
        "psnr": 17.158090591430664,
        "distortion": 0.0021993813570588827,
        "rotation_rmse": 25.39105249998689,
        "translation_rmse_100": 5.762171745300293,
        "t_final": [
          [
            [
              -0.6572265625,
              -0.099365234375,
              -0.7470703125,
              0.008266925811767578
            ],
            [
              -0.73876953125,
              -0.1097412109375,
              0.66455078125,
              0.10768279433250427
            ],
            [
              -0.14794921875,
              0.98876953125,
              -0.00180816650390625,
              -0.4907209873199463
            ]
          ]
        ]
      }
    ]
  }
}