{
  "horns_50_50": {
    "best": {
      "psnr": 11.41823673248291,
      "distortion": 0.2005906105041504,
      "rotation_rmse": 18.084135055541992,
      "translation_rmse_100": 49.35954666137695,
      "t_final": [
        [
          [
            0.9599609375,
            -0.1900634765625,
            0.20556640625,
            0.47388479113578796
          ],
          [
            0.26708984375,
            0.841796875,
            -0.46923828125,
            0.6177093982696533
          ],
          [
            -0.08380126953125,
            0.50537109375,
            0.85888671875,
            0.2356230914592743
          ]
        ]
      ]
    },
    "stats_list": [
      {
        "psnr": 11.41823673248291,
        "distortion": 0.2005906105041504,
        "rotation_rmse": 18.084135055541992,
        "translation_rmse_100": 49.35954666137695,
        "t_final": [
          [
            [
              0.9599609375,
              -0.1900634765625,
              0.20556640625,
              0.47388479113578796
            ],
            [
              0.26708984375,
              0.841796875,
              -0.46923828125,
              0.6177093982696533
            ],
            [
              -0.08380126953125,
              0.50537109375,
              0.85888671875,
              0.2356230914592743
            ]
          ]
        ]
      },
      {
        "psnr": 11.377904891967773,
        "distortion": 0.19718067348003387,
        "rotation_rmse": 17.585752487182617,
        "translation_rmse_100": 47.020286560058594,
        "t_final": [
          [
            [
              0.96435546875,
              -0.1649169921875,
              0.2066650390625,
              0.47470271587371826
            ],
            [
              0.2467041015625,
              0.8427734375,
              -0.478515625,
              0.5457264184951782
            ],
            [
              -0.09521484375,
              0.51220703125,
              0.853515625,
              0.23213507235050201
            ]
          ]
        ]
      },
      {
        "psnr": 11.389178276062012,
        "distortion": 0.2118532508611679,
        "rotation_rmse": 18.435718536376953,
        "translation_rmse_100": 58.12495803833008,
        "t_final": [
          [
            [
              0.9560546875,
              -0.2080078125,
              0.20703125,
              0.6208227872848511
            ],
            [
              0.283203125,
              0.83984375,
              -0.462890625,
              0.6800832748413086
            ],
            [
              -0.07763671875,
              0.5009765625,
              0.86181640625,
              0.2800599932670593
            ]
          ]
        ]
      }
    ]
  }
}