{
  "26851W_Odeon_Lightab66": {
    "best": {
      "psnr": 13.959268569946289,
      "distortion": 0.001868083723820746,
      "rotation_rmse": 1.1135417592015762,
      "translation_rmse_100": 1.1451549530029297,
      "t_final": [
        [
          [
            -0.828125,
            -0.2132568359375,
            -0.5185546875,
            0.07734019309282303
          ],
          [
            -0.423583984375,
            -0.3681640625,
            0.82763671875,
            0.4023493528366089
          ],
          [
            -0.36767578125,
            0.90478515625,
            0.2152099609375,
            -0.3863365054130554
          ]
        ]
      ]
    },
    "stats_list": [
      {
        "psnr": 13.959268569946289,
        "distortion": 0.001868083723820746,
        "rotation_rmse": 1.1135417592015762,
        "translation_rmse_100": 1.1451549530029297,
        "t_final": [
          [
            [
              -0.828125,
              -0.2132568359375,
              -0.5185546875,
              0.07734019309282303
            ],
            [
              -0.423583984375,
              -0.3681640625,
              0.82763671875,
              0.4023493528366089
            ],
            [
              -0.36767578125,
              0.90478515625,
              0.2152099609375,
              -0.3863365054130554
            ]
          ]
        ]
      }
    ]
  }
}