{
  "26851W_Odeon_Lightab66": {
    "best": {
      "psnr": 11.819770812988281,
      "distortion": 0.0009495841804891825,
      "rotation_rmse": 131.96147940688934,
      "translation_rmse_100": 18.463632583618164,
      "t_final": [
        [
          [
            0.85693359375,
            0.436279296875,
            -0.275146484375,
            -0.11874768137931824
          ],
          [
            -0.34619140625,
            0.09039306640625,
            -0.93408203125,
            0.0667312741279602
          ],
          [
            -0.38232421875,
            0.89501953125,
            0.2283935546875,
            -0.47628358006477356
          ]
        ]
      ]
    },
    "stats_list": [
      {
        "psnr": 11.819770812988281,
        "distortion": 0.0009495841804891825,
        "rotation_rmse": 131.96147940688934,
        "translation_rmse_100": 18.463632583618164,
        "t_final": [
          [
            [
              0.85693359375,
              0.436279296875,
              -0.275146484375,
              -0.11874768137931824
            ],
            [
              -0.34619140625,
              0.09039306640625,
              -0.93408203125,
              0.0667312741279602
            ],
            [
              -0.38232421875,
              0.89501953125,
              0.2283935546875,
              -0.47628358006477356
            ]
          ]
        ]
      }
    ]
  }
}