{
  "26851W_Odeon_Lightab66": {
    "best": {
      "psnr": 14.334070205688477,
      "distortion": 0.0017983982106670737,
      "rotation_rmse": 16.63352204888518,
      "translation_rmse_100": 12.310761451721191,
      "t_final": [
        [
          [
            -0.7431640625,
            -0.052154541015625,
            -0.6669921875,
            -0.057218972593545914
          ],
          [
            -0.640625,
            -0.2325439453125,
            0.73193359375,
            0.1989039182662964
          ],
          [
            -0.193115234375,
            0.970703125,
            0.1385498046875,
            -0.37628814578056335
          ]
        ]
      ]
    },
    "stats_list": [
      {
        "psnr": 14.334070205688477,
        "distortion": 0.0017983982106670737,
        "rotation_rmse": 16.63352204888518,
        "translation_rmse_100": 12.310761451721191,
        "t_final": [
          [
            [
              -0.7431640625,
              -0.052154541015625,
              -0.6669921875,
              -0.057218972593545914
            ],
            [
              -0.640625,
              -0.2325439453125,
              0.73193359375,
              0.1989039182662964
            ],
            [
              -0.193115234375,
              0.970703125,
              0.1385498046875,
              -0.37628814578056335
            ]
          ]
        ]
      }
    ]
  }
}