{
  "26851W_Odeon_Lightab66": {
    "best": {
      "psnr": 11.07358455657959,
      "distortion": 0.0021199097391217947,
      "rotation_rmse": 127.29035877992884,
      "translation_rmse_100": 41.95243835449219,
      "t_final": [
        [
          [
            0.7236328125,
            0.62841796875,
            -0.28515625,
            -0.3536357283592224
          ],
          [
            -0.68994140625,
            0.6484375,
            -0.32177734375,
            -0.5729442834854126
          ],
          [
            -0.0174102783203125,
            0.429443359375,
            0.90283203125,
            0.15395300090312958
          ]
        ]
      ]
    },
    "stats_list": [
      {
        "psnr": 11.07358455657959,
        "distortion": 0.0021199097391217947,
        "rotation_rmse": 127.29035877992884,
        "translation_rmse_100": 41.95243835449219,
        "t_final": [
          [
            [
              0.7236328125,
              0.62841796875,
              -0.28515625,
              -0.3536357283592224
            ],
            [
              -0.68994140625,
              0.6484375,
              -0.32177734375,
              -0.5729442834854126
            ],
            [
              -0.0174102783203125,
              0.429443359375,
              0.90283203125,
              0.15395300090312958
            ]
          ]
        ]
      },
      {
        "psnr": 11.07358455657959,
        "distortion": 0.0021199097391217947,
        "rotation_rmse": 127.29035877992884,
        "translation_rmse_100": 41.95243835449219,
        "t_final": [
          [
            [
              0.7236328125,
              0.62841796875,
              -0.28515625,
              -0.3536357283592224
            ],
            [
              -0.68994140625,
              0.6484375,
              -0.32177734375,
              -0.5729442834854126
            ],
            [
              -0.0174102783203125,
              0.429443359375,
              0.90283203125,
              0.15395300090312958
            ]
          ]
        ]
      },
      {
        "psnr": 11.07358455657959,
        "distortion": 0.0021199097391217947,
        "rotation_rmse": 127.29035877992884,
        "translation_rmse_100": 41.95243835449219,
        "t_final": [
          [
            [
              0.7236328125,
              0.62841796875,
              -0.28515625,
              -0.3536357283592224
            ],
            [
              -0.68994140625,
              0.6484375,
              -0.32177734375,
              -0.5729442834854126
            ],
            [
              -0.0174102783203125,
              0.429443359375,
              0.90283203125,
              0.15395300090312958
            ]
          ]
        ]
      }
    ]
  }
}