{
  "4b05": {
    "best": {
      "psnr": 14.997180938720703,
      "distortion": 0.0016617466462776065,
      "rotation_rmse": 1.4673447397802584,
      "translation_rmse_100": 3.518018960952759,
      "t_final": [
        [
          [
            -0.27392578125,
            -0.499755859375,
            0.8212890625,
            -0.061952657997608185
          ],
          [
            0.71630859375,
            -0.67626953125,
            -0.17236328125,
            0.07649505883455276
          ],
          [
            0.64208984375,
            0.54150390625,
            0.54296875,
            0.04271875321865082
          ]
        ]
      ],
      "t0_rotation_rmse": 9.972547111809837,
      "t0_translation_rmse_100": 8.96977424621582
    },
    "stats_list": [
      {
        "psnr": 14.997180938720703,
        "distortion": 0.0016617466462776065,
        "rotation_rmse": 1.4673447397802584,
        "translation_rmse_100": 3.518018960952759,
        "t_final": [
          [
            [
              -0.27392578125,
              -0.499755859375,
              0.8212890625,
              -0.061952657997608185
            ],
            [
              0.71630859375,
              -0.67626953125,
              -0.17236328125,
              0.07649505883455276
            ],
            [
              0.64208984375,
              0.54150390625,
              0.54296875,
              0.04271875321865082
            ]
          ]
        ],
        "t0_rotation_rmse": 9.972547111809837,
        "t0_translation_rmse_100": 8.96977424621582
      }
    ]
  }
}