{
  "Arnt_Shoes_-_Koston_11627": {
    "best": {
      "psnr": 10.451227188110352,
      "distortion": 0.002458485309034586,
      "rotation_rmse": 179.26729943445548,
      "translation_rmse_100": 51.67107391357422,
      "t_final": [
        [
          [
            -0.505859375,
            -0.469482421875,
            -0.7236328125,
            -0.2734489440917969
          ],
          [
            -0.5419921875,
            0.82568359375,
            -0.1563720703125,
            0.35369765758514404
          ],
          [
            0.6708984375,
            0.3134765625,
            -0.671875,
            -0.2942756712436676
          ]
        ]
      ],
      "t0_rotation_rmse": 169.8305396788746,
      "t0_translation_rmse_100": 88.09685516357422
    },
    "stats_list": [
      {
        "psnr": 10.451227188110352,
        "distortion": 0.002458485309034586,
        "rotation_rmse": 179.26729943445548,
        "translation_rmse_100": 51.67107391357422,
        "t_final": [
          [
            [
              -0.505859375,
              -0.469482421875,
              -0.7236328125,
              -0.2734489440917969
            ],
            [
              -0.5419921875,
              0.82568359375,
              -0.1563720703125,
              0.35369765758514404
            ],
            [
              0.6708984375,
              0.3134765625,
              -0.671875,
              -0.2942756712436676
            ]
          ]
        ],
        "t0_rotation_rmse": 169.8305396788746,
        "t0_translation_rmse_100": 88.09685516357422
      }
    ]
  }
}