{
  "1983_Chevrolet_C101431": {
    "best": {
      "psnr": 19.681320190429688,
      "distortion": 0.0093980198726058,
      "rotation_rmse": 0.02562345176980362,
      "translation_rmse_100": 2.8758912086486816,
      "t_final": [
        [
          [
            0.1605224609375,
            -0.0633544921875,
            0.98486328125,
            -0.19838765263557434
          ],
          [
            -0.96044921875,
            -0.2406005859375,
            0.1409912109375,
            0.3048936724662781
          ],
          [
            0.22802734375,
            -0.96875,
            -0.0999755859375,
            -0.23028512299060822
          ]
        ]
      ]
    },
    "stats_list": [
      {
        "psnr": 19.681320190429688,
        "distortion": 0.0093980198726058,
        "rotation_rmse": 0.02562345176980362,
        "translation_rmse_100": 2.8758912086486816,
        "t_final": [
          [
            [
              0.1605224609375,
              -0.0633544921875,
              0.98486328125,
              -0.19838765263557434
            ],
            [
              -0.96044921875,
              -0.2406005859375,
              0.1409912109375,
              0.3048936724662781
            ],
            [
              0.22802734375,
              -0.96875,
              -0.0999755859375,
              -0.23028512299060822
            ]
          ]
        ]
      }
    ]
  }
}