{
  "trex_0_100_even_odd": {
    "best": {
      "psnr": 28.791414260864258,
      "distortion": 0.017400216311216354,
      "rotation_rmse": 0.012238721363246441,
      "translation_rmse_100": 0.02054433524608612,
      "t_final": [
        [
          [
            0.791015625,
            -0.078857421875,
            0.60693359375,
            -0.2480211704969406
          ],
          [
            0.356689453125,
            0.865234375,
            -0.352294921875,
            -0.06826702505350113
          ],
          [
            -0.497314453125,
            0.4951171875,
            0.71240234375,
            -0.1973726898431778
          ]
        ]
      ],
      "t0_rotation_rmse": 1.4442988634109497,
      "t0_translation_rmse_100": 3.246091604232788
    },
    "stats_list": [
      {
        "psnr": 28.791414260864258,
        "distortion": 0.017400216311216354,
        "rotation_rmse": 0.012238721363246441,
        "translation_rmse_100": 0.02054433524608612,
        "t_final": [
          [
            [
              0.791015625,
              -0.078857421875,
              0.60693359375,
              -0.2480211704969406
            ],
            [
              0.356689453125,
              0.865234375,
              -0.352294921875,
              -0.06826702505350113
            ],
            [
              -0.497314453125,
              0.4951171875,
              0.71240234375,
              -0.1973726898431778
            ]
          ]
        ],
        "t0_rotation_rmse": 1.4442988634109497,
        "t0_translation_rmse_100": 3.246091604232788
      },
      {
        "psnr": 28.791414260864258,
        "distortion": 0.017400216311216354,
        "rotation_rmse": 0.012238721363246441,
        "translation_rmse_100": 0.02054433524608612,
        "t_final": [
          [
            [
              0.791015625,
              -0.078857421875,
              0.60693359375,
              -0.2480211704969406
            ],
            [
              0.356689453125,
              0.865234375,
              -0.352294921875,
              -0.06826702505350113
            ],
            [
              -0.497314453125,
              0.4951171875,
              0.71240234375,
              -0.1973726898431778
            ]
          ]
        ],
        "t0_rotation_rmse": 1.4442988634109497,
        "t0_translation_rmse_100": 3.246091604232788
      },
      {
        "psnr": 28.791414260864258,
        "distortion": 0.017400216311216354,
        "rotation_rmse": 0.012238721363246441,
        "translation_rmse_100": 0.02054433524608612,
        "t_final": [
          [
            [
              0.791015625,
              -0.078857421875,
              0.60693359375,
              -0.2480211704969406
            ],
            [
              0.356689453125,
              0.865234375,
              -0.352294921875,
              -0.06826702505350113
            ],
            [
              -0.497314453125,
              0.4951171875,
              0.71240234375,
              -0.1973726898431778
            ]
          ]
        ],
        "t0_rotation_rmse": 1.4442988634109497,
        "t0_translation_rmse_100": 3.246091604232788
      },
      {
        "psnr": 28.791414260864258,
        "distortion": 0.017400216311216354,
        "rotation_rmse": 0.012238721363246441,
        "translation_rmse_100": 0.02054433524608612,
        "t_final": [
          [
            [
              0.791015625,
              -0.078857421875,
              0.60693359375,
              -0.2480211704969406
            ],
            [
              0.356689453125,
              0.865234375,
              -0.352294921875,
              -0.06826702505350113
            ],
            [
              -0.497314453125,
              0.4951171875,
              0.71240234375,
              -0.1973726898431778
            ]
          ]
        ],
        "t0_rotation_rmse": 1.4442988634109497,
        "t0_translation_rmse_100": 3.246091604232788
      },
      {
        "psnr": 28.791414260864258,
        "distortion": 0.017400216311216354,
        "rotation_rmse": 0.012238721363246441,
        "translation_rmse_100": 0.02054433524608612,
        "t_final": [
          [
            [
              0.791015625,
              -0.078857421875,
              0.60693359375,
              -0.2480211704969406
            ],
            [
              0.356689453125,
              0.865234375,
              -0.352294921875,
              -0.06826702505350113
            ],
            [
              -0.497314453125,
              0.4951171875,
              0.71240234375,
              -0.1973726898431778
            ]
          ]
        ],
        "t0_rotation_rmse": 1.4442988634109497,
        "t0_translation_rmse_100": 3.246091604232788
      },
      {
        "psnr": 28.791414260864258,
        "distortion": 0.017400216311216354,
        "rotation_rmse": 0.012238721363246441,
        "translation_rmse_100": 0.02054433524608612,
        "t_final": [
          [
            [
              0.791015625,
              -0.078857421875,
              0.60693359375,
              -0.2480211704969406
            ],
            [
              0.356689453125,
              0.865234375,
              -0.352294921875,
              -0.06826702505350113
            ],
            [
              -0.497314453125,
              0.4951171875,
              0.71240234375,
              -0.1973726898431778
            ]
          ]
        ],
        "t0_rotation_rmse": 1.4442988634109497,
        "t0_translation_rmse_100": 3.246091604232788
      },
      {
        "psnr": 28.791414260864258,
        "distortion": 0.017400216311216354,
        "rotation_rmse": 0.012238721363246441,
        "translation_rmse_100": 0.02054433524608612,
        "t_final": [
          [
            [
              0.791015625,
              -0.078857421875,
              0.60693359375,
              -0.2480211704969406
            ],
            [
              0.356689453125,
              0.865234375,
              -0.352294921875,
              -0.06826702505350113
            ],
            [
              -0.497314453125,
              0.4951171875,
              0.71240234375,
              -0.1973726898431778
            ]
          ]
        ],
        "t0_rotation_rmse": 1.4442988634109497,
        "t0_translation_rmse_100": 3.246091604232788
      },
      {
        "psnr": 28.791414260864258,
        "distortion": 0.017400216311216354,
        "rotation_rmse": 0.012238721363246441,
        "translation_rmse_100": 0.02054433524608612,
        "t_final": [
          [
            [
              0.791015625,
              -0.078857421875,
              0.60693359375,
              -0.2480211704969406
            ],
            [
              0.356689453125,
              0.865234375,
              -0.352294921875,
              -0.06826702505350113
            ],
            [
              -0.497314453125,
              0.4951171875,
              0.71240234375,
              -0.1973726898431778
            ]
          ]
        ],
        "t0_rotation_rmse": 1.4442988634109497,
        "t0_translation_rmse_100": 3.246091604232788
      },
      {
        "psnr": 28.791414260864258,
        "distortion": 0.017400216311216354,
        "rotation_rmse": 0.012238721363246441,
        "translation_rmse_100": 0.02054433524608612,
        "t_final": [
          [
            [
              0.791015625,
              -0.078857421875,
              0.60693359375,
              -0.2480211704969406
            ],
            [
              0.356689453125,
              0.865234375,
              -0.352294921875,
              -0.06826702505350113
            ],
            [
              -0.497314453125,
              0.4951171875,
              0.71240234375,
              -0.1973726898431778
            ]
          ]
        ],
        "t0_rotation_rmse": 1.4442988634109497,