{
  "trex_0_100_even_odd": {
    "best": {
      "psnr": 13.225079536437988,
      "distortion": 0.09612710773944855,
      "rotation_rmse": 2.8898720741271973,
      "translation_rmse_100": 13.208752632141113,
      "t_final": [
        [
          [
            0.75537109375,
            -0.140625,
            0.64013671875,
            -0.4736328125
          ],
          [
            0.421875,
            0.8515625,
            -0.31103515625,
            -0.10107421875
          ],
          [
            -0.50146484375,
            0.5048828125,
            0.70263671875,
            -0.2120361328125
          ]
        ]
      ]
    },
    "stats_list": [
      {
        "psnr": 13.225079536437988,
        "distortion": 0.09612710773944855,
        "rotation_rmse": 2.8898720741271973,
        "translation_rmse_100": 13.208752632141113,
        "t_final": [
          [
            [
              0.75537109375,
              -0.140625,
              0.64013671875,
              -0.4736328125
            ],
            [
              0.421875,
              0.8515625,
              -0.31103515625,
              -0.10107421875
            ],
            [
              -0.50146484375,
              0.5048828125,
              0.70263671875,
              -0.2120361328125
            ]
          ]
        ]
      }
    ]
  }
}