{
  "lion_30_70_even_odd": {
    "best": {
      "psnr": 28.872520446777344,
      "distortion": 0.0023432441521435976,
      "rotation_rmse": 0.9370565414428711,
      "translation_rmse_100": 0.6633957028388977,
      "t_final": [
        [
          [
            0.92822265625,
            -0.2442626953125,
            0.282470703125,
            0.31119367480278015
          ],
          [
            0.302734375,
            0.93505859375,
            -0.1854248046875,
            0.18201057612895966
          ],
          [
            -0.2188720703125,
            0.257568359375,
            0.94091796875,
            -0.1096852719783783
          ]
        ]
      ],
      "t0_rotation_rmse": 2.9533848762512207,
      "t0_translation_rmse_100": 2.971428871154785
    },
    "stats_list": [
      {
        "psnr": 28.872520446777344,
        "distortion": 0.0023432441521435976,
        "rotation_rmse": 0.9370565414428711,
        "translation_rmse_100": 0.6633957028388977,
        "t_final": [
          [
            [
              0.92822265625,
              -0.2442626953125,
              0.282470703125,
              0.31119367480278015
            ],
            [
              0.302734375,
              0.93505859375,
              -0.1854248046875,
              0.18201057612895966
            ],
            [
              -0.2188720703125,
              0.257568359375,
              0.94091796875,
              -0.1096852719783783
            ]
          ]
        ],
        "t0_rotation_rmse": 2.9533848762512207,
        "t0_translation_rmse_100": 2.971428871154785
      }
    ]
  },
  "table_30_70_even_odd": {
    "best": {
      "psnr": 24.620498657226562,
      "distortion": 0.028231171891093254,
      "rotation_rmse": 0.015968196094036102,
      "translation_rmse_100": 0.06484343111515045,
      "t_final": [
        [
          [
            0.98681640625,
            0.044281005859375,
            0.156982421875,
            -0.056717973202466965
          ],
          [
            0.01157379150390625,
            0.94091796875,
            -0.338134765625,
            0.15509620308876038
          ],
          [
            -0.1627197265625,
            0.33544921875,
            0.927734375,
            -0.18876726925373077
          ]
        ]
      ],
      "t0_rotation_rmse": 1.248037338256836,
      "t0_translation_rmse_100": 1.0841610431671143
    },
    "stats_list": [
      {
        "psnr": 24.620498657226562,
        "distortion": 0.028231171891093254,
        "rotation_rmse": 0.015968196094036102,
        "translation_rmse_100": 0.06484343111515045,
        "t_final": [
          [
            [
              0.98681640625,
              0.044281005859375,
              0.156982421875,
              -0.056717973202466965
            ],
            [
              0.01157379150390625,
              0.94091796875,
              -0.338134765625,
              0.15509620308876038
            ],
            [
              -0.1627197265625,
              0.33544921875,
              0.927734375,
              -0.18876726925373077
            ]
          ]
        ],
        "t0_rotation_rmse": 1.248037338256836,
        "t0_translation_rmse_100": 1.0841610431671143
      }
    ]
  }
}