{
  "trex_50_50": {
    "psnr": 27.030139923095703,
    "distortion": 0.015642747282981873,
    "rotation_rmse": 0.015728363767266273,
    "translation_rmse": 3.4525070077506825e-05,
    "t_final": [
      [
        [
          0.79052734375,
          -0.07928466796875,
          0.60693359375,
          -0.24772779643535614
        ],
        [
          0.35693359375,
          0.865234375,
          -0.35205078125,
          -0.06833057850599289
        ],
        [
          -0.497314453125,
          0.494873046875,
          0.71240234375,
          -0.19747371971607208
        ]
      ]
    ]
  }
}