{
  "1983_Chevrolet_C101431": {
    "best": {
      "psnr": 11.440818786621094,
      "distortion": 0.012465350329875946,
      "rotation_rmse": 107.97173882016774,
      "translation_rmse_100": 51.43016052246094,
      "t_final": [
        [
          [
            0.85888671875,
            -0.2286376953125,
            -0.458740234375,
            -0.741448163986206
          ],
          [
            0.1461181640625,
            -0.74853515625,
            0.64697265625,
            -0.8420654535293579
          ],
          [
            -0.4912109375,
            -0.62255859375,
            -0.609375,
            -1.0363876819610596
          ]
        ]
      ]
    },
    "stats_list": [
      {
        "psnr": 9.555193901062012,
        "distortion": 0.030190294608473778,
        "rotation_rmse": 92.58092527192458,
        "translation_rmse_100": 69.60858917236328,
        "t_final": [
          [
            [
              -0.007595062255859375,
              -0.99462890625,
              0.09637451171875,
              -0.9232324361801147
            ],
            [
              -0.576171875,
              -0.074951171875,
              -0.81396484375,
              -0.23488962650299072
            ],
            [
              0.81787109375,
              -0.061859130859375,
              -0.57275390625,
              -0.4674578309059143
            ]
          ]
        ]
      },
      {
        "psnr": 9.687240600585938,
        "distortion": 0.0075377607718110085,
        "rotation_rmse": 99.53448039205375,
        "translation_rmse_100": 88.18608093261719,
        "t_final": [
          [
            [
              -0.01284027099609375,
              -0.974609375,
              0.2230224609375,
              -1.1090073585510254
            ],
            [
              -0.422119140625,
              0.2078857421875,
              0.8828125,
              0.8186525702476501
            ],
            [
              -0.90673828125,
              -0.08251953125,
              -0.41357421875,
              -0.08525669574737549
            ]
          ]
        ]
      },
      {
        "psnr": 7.442816734313965,
        "distortion": 0.013091376051306725,
        "rotation_rmse": 118.9429993616007,
        "translation_rmse_100": 50.08948516845703,
        "t_final": [
          [
            [
              -0.78662109375,
              -0.56494140625,
              -0.2481689453125,
              -0.728041410446167
            ],
            [
              0.4111328125,
              -0.18017578125,
              -0.8935546875,
              -0.5287657976150513
            ],
            [
              0.460205078125,
              -0.80517578125,
              0.37451171875,
              -1.5829493999481201
            ]
          ]
        ]
      },
      {
        "psnr": 11.440818786621094,
        "distortion": 0.012465350329875946,
        "rotation_rmse": 107.97173882016774,
        "translation_rmse_100": 51.43016052246094,
        "t_final": [
          [
            [
              0.85888671875,
              -0.2286376953125,
              -0.458740234375,
              -0.741448163986206
            ],
            [
              0.1461181640625,
              -0.74853515625,
              0.64697265625,
              -0.8420654535293579
            ],
            [
              -0.4912109375,
              -0.62255859375,
              -0.609375,
              -1.0363876819610596
            ]
          ]
        ]
      },
      {
        "psnr": 7.562458038330078,
        "distortion": 0.012064242735505104,
        "rotation_rmse": 150.43804510335892,
        "translation_rmse_100": 31.348031997680664,
        "t_final": [
          [
            [
              -0.90625,
              0.0254364013671875,
              -0.422119140625,
              0.08633376657962799
            ],
            [
              -0.25537109375,
              -0.82861328125,
              0.497802734375,
              -0.35710451006889343
            ],
            [
              -0.337158203125,
              0.5595703125,
              0.75634765625,
              0.6700466871261597
            ]
          ]
        ]
      },
      {
        "psnr": 5.6743597984313965,
        "distortion": 0.021853670477867126,
        "rotation_rmse": 155.42058624510912,
        "translation_rmse_100": 28.842866897583008,
        "t_final": [
          [
            [
              -0.37890625,
              -0.73095703125,
              -0.5673828125,
              -0.5155752301216125
            ],
            [
              -0.05908203125,
              -0.5927734375,
              0.80322265625,
              -0.3345283269882202
            ],
            [
              -0.923828125,
              0.338134765625,
              0.1820068359375,
              0.691752552986145
            ]
          ]
        ]
      },
      {
        "psnr": 8.425993919372559,
        "distortion": 0.03248857706785202,
        "rotation_rmse": 59.612917667063144,
        "translation_rmse_100": 83.46868133544922,
        "t_final": [
          [
            [
              0.5380859375,
              -0.75,
              0.384765625,
              -1.061833381652832
            ],
            [
              -0.8408203125,
              -0.44873046875,
              0.302001953125,
              0.1558344066143036
            ],
            [
              -0.053802490234375,
              -0.486083984375,
              -0.8720703125,
              -0.5009856820106506
            ]
          ]
        ]
      },
      {
        "psnr": 8.93893814086914,
        "distortion": 0.017717065289616585,
        "rotation_rmse": 73.60195230870501,
        "translation_rmse_100": 81.4454574584961,
        "t_final": [
          [
            [
              -0.65185546875,
              0.1446533203125,
              0.744140625,
              0.5873079895973206
            ],
            [
              -0.33984375,
              -0.93310546875,
              -0.11639404296875,
              -1.1675986051559448
            ],
            [
              0.67822265625,
              -0.3291015625,
              0.658203125,
              -0.5725923776626587
            ]
          ]
        ]
      },
      {
        "psnr": 7.601388454437256,
        "distortion": 0.009184524416923523,
        "rotation_rmse": 115.87134390861797,
        "translation_rmse_100": 70.26936340332031,
        "t_final": [
          [
            [
              0.77880859375,
              -0.258544921875,
              -0.5703125,
              -0.9298402070999146
            ],
            [
              0.08941650390625,
              -0.85546875,
              0.509765625,
              -0.9253273010253906
            ],
            [
              -0.6201171875,
              -0.4482421875,
              -0.6435546875,
              -0.10389411449432373
            ]
          ]
        ]
      },
      {
        "psnr": 6.7906880378723145,
        "distortion": 0.01243029348552227,
        "rotation_rmse": 79.21541122641258,
        "translation_rmse_100": 57.600318908691406,
        "t_final": [
          [
            [
              0.2164306640625,
              -0.95751953125,
              0.190673828125,
              -0.8031497597694397
            ],
            [
              -0.86181640625,
              -0.27880859375,
              -0.424072265625,
              0.02403929829597473
            ],
            [
              0.459228515625,
              -0.072509765625,
              -0.88525390625,
              -0.3298075199127197
            ]
          ]
        ]
      }
    ]
  }
}