{
  "26851W_Odeon_Lightab66": {
    "best": {
      "psnr": 13.630545616149902,
      "distortion": 0.004444056656211615,
      "rotation_rmse": 109.81968810467806,
      "translation_rmse_100": 107.7051773071289,
      "t_final": [
        [
          [
            0.324462890625,
            -0.9443359375,
            0.056640625,
            1.1429404020309448
          ],
          [
            0.6591796875,
            0.2685546875,
            0.7021484375,
            0.05134187266230583
          ],
          [
            -0.6787109375,
            -0.1907958984375,
            0.70947265625,
            0.5287949442863464
          ]
        ]
      ]
    },
    "stats_list": [
      {
        "psnr": 13.630545616149902,
        "distortion": 0.004444056656211615,
        "rotation_rmse": 109.81968810467806,
        "translation_rmse_100": 107.7051773071289,
        "t_final": [
          [
            [
              0.324462890625,
              -0.9443359375,
              0.056640625,
              1.1429404020309448
            ],
            [
              0.6591796875,
              0.2685546875,
              0.7021484375,
              0.05134187266230583
            ],
            [
              -0.6787109375,
              -0.1907958984375,
              0.70947265625,
              0.5287949442863464
            ]
          ]
        ]
      },
      {
        "psnr": 13.630545616149902,
        "distortion": 0.004444056656211615,
        "rotation_rmse": 109.81968810467806,
        "translation_rmse_100": 107.7051773071289,
        "t_final": [
          [
            [
              0.324462890625,
              -0.9443359375,
              0.056640625,
              1.1429404020309448
            ],
            [
              0.6591796875,
              0.2685546875,
              0.7021484375,
              0.05134187266230583
            ],
            [
              -0.6787109375,
              -0.1907958984375,
              0.70947265625,
              0.5287949442863464
            ]
          ]
        ]
      },
      {
        "psnr": 13.630545616149902,
        "distortion": 0.004444056656211615,
        "rotation_rmse": 109.81968810467806,
        "translation_rmse_100": 107.7051773071289,
        "t_final": [
          [
            [
              0.324462890625,
              -0.9443359375,
              0.056640625,
              1.1429404020309448
            ],
            [
              0.6591796875,
              0.2685546875,
              0.7021484375,
              0.05134187266230583
            ],
            [
              -0.6787109375,
              -0.1907958984375,
              0.70947265625,
              0.5287949442863464
            ]
          ]
        ]
      }
    ]
  }
}