{
  "1983_Chevrolet_C101431": {
    "best": {
      "psnr": 11.466442108154297,
      "distortion": 0.017128951847553253,
      "rotation_rmse": 13.691797728789089,
      "translation_rmse_100": 24.874874114990234,
      "t_final": [
        [
          [
            0.362548828125,
            0.057769775390625,
            0.93017578125,
            0.021602168679237366
          ],
          [
            -0.8994140625,
            -0.24072265625,
            0.365234375,
            0.20300546288490295
          ],
          [
            0.2452392578125,
            -0.96875,
            -0.035736083984375,
            -0.6310784220695496
          ]
        ]
      ]
    },
    "stats_list": [
      {
        "psnr": 11.466442108154297,
        "distortion": 0.017128951847553253,
        "rotation_rmse": 13.691797728789089,
        "translation_rmse_100": 24.874874114990234,
        "t_final": [
          [
            [
              0.362548828125,
              0.057769775390625,
              0.93017578125,
              0.021602168679237366
            ],
            [
              -0.8994140625,
              -0.24072265625,
              0.365234375,
              0.20300546288490295
            ],
            [
              0.2452392578125,
              -0.96875,
              -0.035736083984375,
              -0.6310784220695496
            ]
          ]
        ]
      }
    ]
  }
}