{
  "26851W_Odeon_Lightab66": {
    "best": {
      "psnr": 16.526700973510742,
      "distortion": 0.0015451079234480858,
      "rotation_rmse": 1.0921441041171385,
      "translation_rmse_100": 0.03119036555290222,
      "t_final": [
        [
          [
            -0.83642578125,
            -0.2066650390625,
            -0.50732421875,
            0.06620054692029953
          ],
          [
            -0.416748046875,
            -0.361328125,
            0.83349609375,
            0.3188117742538452
          ],
          [
            -0.355712890625,
            0.90966796875,
            0.2161865234375,
            -0.2915845513343811
          ]
        ]
      ]
    },
    "stats_list": [
      {
        "psnr": 16.526700973510742,
        "distortion": 0.0015451079234480858,
        "rotation_rmse": 1.0921441041171385,
        "translation_rmse_100": 0.03119036555290222,
        "t_final": [
          [
            [
              -0.83642578125,
              -0.2066650390625,
              -0.50732421875,
              0.06620054692029953
            ],
            [
              -0.416748046875,
              -0.361328125,
              0.83349609375,
              0.3188117742538452
            ],
            [
              -0.355712890625,
              0.90966796875,
              0.2161865234375,
              -0.2915845513343811
            ]
          ]
        ]
      }
    ]
  }
}