{
  "lion_30_70_even_odd": {
    "best": {
      "psnr": 32.69644546508789,
      "distortion": 0.0023175731766968966,
      "rotation_rmse": 0.08147498220205307,
      "translation_rmse_100": 0.018039295449852943,
      "t_final": [
        [
          [
            0.92041015625,
            -0.2408447265625,
            0.3076171875,
            0.30472394824028015
          ],
          [
            0.30615234375,
            0.93408203125,
            -0.1842041015625,
            0.18310920894145966
          ],
          [
            -0.2430419921875,
            0.263671875,
            0.93359375,
            -0.1189473569393158
          ]
        ]
      ],
      "t0_rotation_rmse": 2.9533848762512207,
      "t0_translation_rmse_100": 2.971428871154785
    },
    "stats_list": [
      {
        "psnr": 32.69644546508789,
        "distortion": 0.0023175731766968966,
        "rotation_rmse": 0.08147498220205307,
        "translation_rmse_100": 0.018039295449852943,
        "t_final": [
          [
            [
              0.92041015625,
              -0.2408447265625,
              0.3076171875,
              0.30472394824028015
            ],
            [
              0.30615234375,
              0.93408203125,
              -0.1842041015625,
              0.18310920894145966
            ],
            [
              -0.2430419921875,
              0.263671875,
              0.93359375,
              -0.1189473569393158
            ]
          ]
        ],
        "t0_rotation_rmse": 2.9533848762512207,
        "t0_translation_rmse_100": 2.971428871154785
      }
    ]
  },
  "table_30_70_even_odd": {
    "best": {
      "psnr": 24.80574607849121,
      "distortion": 0.030855191871523857,
      "rotation_rmse": 0.015308906324207783,
      "translation_rmse_100": 0.019485075026750565,
      "t_final": [
        [
          [
            0.98681640625,
            0.0443115234375,
            0.15625,
            -0.056557755917310715
          ],
          [
            0.01134490966796875,
            0.94091796875,
            -0.338623046875,
            0.15529075264930725
          ],
          [
            -0.1619873046875,
            0.3359375,
            0.92822265625,
            -0.18801958858966827
          ]
        ]
      ],
      "t0_rotation_rmse": 1.248037338256836,
      "t0_translation_rmse_100": 1.0841610431671143
    },
    "stats_list": [
      {
        "psnr": 24.80574607849121,
        "distortion": 0.030855191871523857,
        "rotation_rmse": 0.015308906324207783,
        "translation_rmse_100": 0.019485075026750565,
        "t_final": [
          [
            [
              0.98681640625,
              0.0443115234375,
              0.15625,
              -0.056557755917310715
            ],
            [
              0.01134490966796875,
              0.94091796875,
              -0.338623046875,
              0.15529075264930725
            ],
            [
              -0.1619873046875,
              0.3359375,
              0.92822265625,
              -0.18801958858966827
            ]
          ]
        ],
        "t0_rotation_rmse": 1.248037338256836,
        "t0_translation_rmse_100": 1.0841610431671143
      }
    ]
  }
}