{
  "26851W_Odeon_Lightab66": {
    "best": {
      "psnr": 20.332658767700195,
      "distortion": 0.005672243423759937,
      "rotation_rmse": 5.6890032505719415,
      "translation_rmse_100": 30.005619049072266,
      "t_final": [
        [
          [
            -0.87646484375,
            -0.1253662109375,
            -0.465087890625,
            0.36594483256340027
          ],
          [
            -0.389892578125,
            -0.3828125,
            0.837890625,
            1.1604992151260376
          ],
          [
            -0.283203125,
            0.91552734375,
            0.287109375,
            -1.6278417110443115
          ]
        ]
      ]
    },
    "stats_list": [
      {
        "psnr": 20.332658767700195,
        "distortion": 0.005672243423759937,
        "rotation_rmse": 5.6890032505719415,
        "translation_rmse_100": 30.005619049072266,
        "t_final": [
          [
            [
              -0.87646484375,
              -0.1253662109375,
              -0.465087890625,
              0.36594483256340027
            ],
            [
              -0.389892578125,
              -0.3828125,
              0.837890625,
              1.1604992151260376
            ],
            [
              -0.283203125,
              0.91552734375,
              0.287109375,
              -1.6278417110443115
            ]
          ]
        ]
      }
    ]
  }
}