{
  "trex_30_70_even_odd": {
    "best": {
      "psnr": 27.01308822631836,
      "distortion": 0.0169276911765337,
      "rotation_rmse": 0.01295224018394947,
      "translation_rmse_100": 0.018933629617094994,
      "t_final": [
        [
          [
            0.79052734375,
            -0.07861328125,
            0.60693359375,
            -0.24795368313789368
          ],
          [
            0.3564453125,
            0.865234375,
            -0.35205078125,
            -0.06815412640571594
          ],
          [
            -0.497802734375,
            0.494384765625,
            0.71240234375,
            -0.19740328192710876
          ]
        ]
      ],
      "t0_rotation_rmse": 1.7430680990219116,
      "t0_translation_rmse_100": 1.3781030178070068
    },
    "stats_list": [
      {
        "psnr": 27.01308822631836,
        "distortion": 0.0169276911765337,
        "rotation_rmse": 0.01295224018394947,
        "translation_rmse_100": 0.018933629617094994,
        "t_final": [
          [
            [
              0.79052734375,
              -0.07861328125,
              0.60693359375,
              -0.24795368313789368
            ],
            [
              0.3564453125,
              0.865234375,
              -0.35205078125,
              -0.06815412640571594
            ],
            [
              -0.497802734375,
              0.494384765625,
              0.71240234375,
              -0.19740328192710876
            ]
          ]
        ],
        "t0_rotation_rmse": 1.7430680990219116,
        "t0_translation_rmse_100": 1.3781030178070068
      },
      {
        "psnr": 27.01308822631836,
        "distortion": 0.0169276911765337,
        "rotation_rmse": 0.01295224018394947,
        "translation_rmse_100": 0.018933629617094994,
        "t_final": [
          [
            [
              0.79052734375,
              -0.07861328125,
              0.60693359375,
              -0.24795368313789368
            ],
            [
              0.3564453125,
              0.865234375,
              -0.35205078125,
              -0.06815412640571594
            ],
            [
              -0.497802734375,
              0.494384765625,
              0.71240234375,
              -0.19740328192710876
            ]
          ]
        ],
        "t0_rotation_rmse": 1.7430680990219116,
        "t0_translation_rmse_100": 1.3781030178070068
      },
      {
        "psnr": 27.01308822631836,
        "distortion": 0.0169276911765337,
        "rotation_rmse": 0.01295224018394947,
        "translation_rmse_100": 0.018933629617094994,
        "t_final": [
          [
            [
              0.79052734375,
              -0.07861328125,
              0.60693359375,
              -0.24795368313789368
            ],
            [
              0.3564453125,
              0.865234375,
              -0.35205078125,
              -0.06815412640571594
            ],
            [
              -0.497802734375,
              0.494384765625,
              0.71240234375,
              -0.19740328192710876
            ]
          ]
        ],
        "t0_rotation_rmse": 1.7430680990219116,
        "t0_translation_rmse_100": 1.3781030178070068
      },
      {
        "psnr": 27.01308822631836,
        "distortion": 0.0169276911765337,
        "rotation_rmse": 0.01295224018394947,
        "translation_rmse_100": 0.018933629617094994,
        "t_final": [
          [
            [
              0.79052734375,
              -0.07861328125,
              0.60693359375,
              -0.24795368313789368
            ],
            [
              0.3564453125,
              0.865234375,
              -0.35205078125,
              -0.06815412640571594
            ],
            [
              -0.497802734375,
              0.494384765625,
              0.71240234375,
              -0.19740328192710876
            ]
          ]
        ],
        "t0_rotation_rmse": 1.7430680990219116,
        "t0_translation_rmse_100": 1.3781030178070068
      },
      {
        "psnr": 27.01308822631836,
        "distortion": 0.0169276911765337,
        "rotation_rmse": 0.01295224018394947,
        "translation_rmse_100": 0.018933629617094994,
        "t_final": [
          [
            [
              0.79052734375,
              -0.07861328125,
              0.60693359375,
              -0.24795368313789368
            ],
            [
              0.3564453125,
              0.865234375,
              -0.35205078125,
              -0.06815412640571594
            ],
            [
              -0.497802734375,
              0.494384765625,
              0.71240234375,
              -0.19740328192710876
            ]
          ]
        ],
        "t0_rotation_rmse": 1.7430680990219116,
        "t0_translation_rmse_100": 1.3781030178070068
      },
      {
        "psnr": 27.01308822631836,
        "distortion": 0.0169276911765337,
        "rotation_rmse": 0.01295224018394947,
        "translation_rmse_100": 0.018933629617094994,
        "t_final": [
          [
            [
              0.79052734375,
              -0.07861328125,
              0.60693359375,
              -0.24795368313789368
            ],
            [
              0.3564453125,
              0.865234375,
              -0.35205078125,
              -0.06815412640571594
            ],
            [
              -0.497802734375,
              0.494384765625,
              0.71240234375,
              -0.19740328192710876
            ]
          ]
        ],
        "t0_rotation_rmse": 1.7430680990219116,
        "t0_translation_rmse_100": 1.3781030178070068
      },
      {
        "psnr": 27.01308822631836,
        "distortion": 0.0169276911765337,
        "rotation_rmse": 0.01295224018394947,
        "translation_rmse_100": 0.018933629617094994,
        "t_final": [
          [
            [
              0.79052734375,
              -0.07861328125,
              0.60693359375,
              -0.24795368313789368
            ],
            [
              0.3564453125,
              0.865234375,
              -0.35205078125,
              -0.06815412640571594
            ],
            [
              -0.497802734375,
              0.494384765625,
              0.71240234375,
              -0.19740328192710876
            ]
          ]
        ],
        "t0_rotation_rmse": 1.7430680990219116,
        "t0_translation_rmse_100": 1.3781030178070068
      },
      {
        "psnr": 27.01308822631836,
        "distortion": 0.0169276911765337,
        "rotation_rmse": 0.01295224018394947,
        "translation_rmse_100": 0.018933629617094994,
        "t_final": [
          [
            [
              0.79052734375,
              -0.07861328125,
              0.60693359375,
              -0.24795368313789368
            ],
            [
              0.3564453125,
              0.865234375,
              -0.35205078125,
              -0.06815412640571594
            ],
            [
              -0.497802734375,
              0.494384765625,
              0.71240234375,
              -0.19740328192710876
            ]
          ]
        ],
        "t0_rotation_rmse": 1.7430680990219116,
        "t0_translation_rmse_100": 1.3781030178070068
      },
      {
        "psnr": 27.01308822631836,
        "distortion": 0.0169276911765337,
        "rotation_rmse": 0.01295224018394947,
        "translation_rmse_100": 0.018933629617094994,
        "t_final": [
          [
            [
              0.79052734375,
              -0.07861328125,
              0.60693359375,
              -0.24795368313789368
            ],
            [
              0.3564453125,
              0.865234375,
              -0.35205078125,
              -0.06815412640571594
            ],
            [
              -0.497802734375,
              0.494384765625,
              0.71240234375,
              -0.19740328192710876
            ]
          ]
        ],
        "t0_rotation_rmse": 1.7430680990219116,