{
  "fern_0_100_even_odd": {
    "best": {
      "psnr": 10.569504737854004,
      "distortion": 0.07642282545566559,
      "rotation_rmse": 121.13082122802734,
      "translation_rmse_100": 29.5380859375,
      "t_final": [
        [
          [
            -0.90283203125,
            -0.4296875,
            -0.020477294921875,
            0.04842843487858772
          ],
          [
            -0.4296875,
            0.8994140625,
            0.08038330078125,
            0.21399237215518951
          ],
          [
            -0.01611328125,
            0.08135986328125,
            -0.99658203125,
            0.3676692247390747
          ]
        ]
      ],
      "t0_rotation_rmse": 121.14665222167969,
      "t0_translation_rmse_100": 29.68991470336914
    },
    "stats_list": [
      {
        "psnr": 10.569504737854004,
        "distortion": 0.07642282545566559,
        "rotation_rmse": 121.13082122802734,
        "translation_rmse_100": 29.5380859375,
        "t_final": [
          [
            [
              -0.90283203125,
              -0.4296875,
              -0.020477294921875,
              0.04842843487858772
            ],
            [
              -0.4296875,
              0.8994140625,
              0.08038330078125,
              0.21399237215518951
            ],
            [
              -0.01611328125,
              0.08135986328125,
              -0.99658203125,
              0.3676692247390747
            ]
          ]
        ],
        "t0_rotation_rmse": 121.14665222167969,
        "t0_translation_rmse_100": 29.68991470336914
      }
    ]
  },
  "fern_30_70_even_odd": {
    "best": {
      "psnr": 9.27557373046875,
      "distortion": 0.07352158427238464,
      "rotation_rmse": 109.9096450805664,
      "translation_rmse_100": 49.39986038208008,
      "t_final": [
        [
          [
            -0.83447265625,
            -0.55078125,
            -0.01032257080078125,
            0.14517566561698914
          ],
          [
            -0.45068359375,
            0.67236328125,
            0.58740234375,
            -0.11226418614387512
          ],
          [
            -0.316650390625,
            0.494873046875,
            -0.80908203125,
            0.6096752882003784
          ]
        ]
      ],
      "t0_rotation_rmse": 110.48868560791016,
      "t0_translation_rmse_100": 39.81839370727539
    },
    "stats_list": [
      {
        "psnr": 9.27557373046875,
        "distortion": 0.07352158427238464,
        "rotation_rmse": 109.9096450805664,
        "translation_rmse_100": 49.39986038208008,
        "t_final": [
          [
            [
              -0.83447265625,
              -0.55078125,
              -0.01032257080078125,
              0.14517566561698914
            ],
            [
              -0.45068359375,
              0.67236328125,
              0.58740234375,
              -0.11226418614387512
            ],
            [
              -0.316650390625,
              0.494873046875,
              -0.80908203125,
              0.6096752882003784
            ]
          ]
        ],
        "t0_rotation_rmse": 110.48868560791016,
        "t0_translation_rmse_100": 39.81839370727539
      }
    ]
  },
  "fern_50_50": {
    "best": {
      "psnr": 10.132380485534668,
      "distortion": 0.1309249997138977,
      "rotation_rmse": 83.67957305908203,
      "translation_rmse_100": 47.149723052978516,
      "t_final": [
        [
          [
            0.7001953125,
            0.6904296875,
            0.1845703125,
            -0.1283426284790039
          ],
          [
            -0.185791015625,
            -0.0736083984375,
            0.97998046875,
            -0.2922760546207428
          ],
          [
            0.68994140625,
            -0.7197265625,
            0.07672119140625,
            -0.4029923677444458
          ]
        ]
      ],
      "t0_rotation_rmse": 83.76802825927734,
      "t0_translation_rmse_100": 47.374114990234375
    },
    "stats_list": [
      {
        "psnr": 10.132380485534668,
        "distortion": 0.1309249997138977,
        "rotation_rmse": 83.67957305908203,
        "translation_rmse_100": 47.149723052978516,
        "t_final": [
          [
            [
              0.7001953125,
              0.6904296875,
              0.1845703125,
              -0.1283426284790039
            ],
            [
              -0.185791015625,
              -0.0736083984375,
              0.97998046875,
              -0.2922760546207428
            ],
            [
              0.68994140625,
              -0.7197265625,
              0.07672119140625,
              -0.4029923677444458
            ]
          ]
        ],
        "t0_rotation_rmse": 83.76802825927734,
        "t0_translation_rmse_100": 47.374114990234375
      }
    ]
  },
  "horns_0_100_even_odd": {
    "best": {
      "psnr": 29.052635192871094,
      "distortion": 0.010791920125484467,
      "rotation_rmse": 0.0046194251626729965,
      "translation_rmse_100": 0.011254493147134781,
      "t_final": [
        [
          [
            0.8564453125,
            0.1357421875,
            0.498779296875,
            -0.044052958488464355
          ],
          [
            0.034393310546875,
            0.94775390625,
            -0.317138671875,
            0.12881775200366974
          ],
          [
            -0.51611328125,
            0.28857421875,
            0.806640625,
            -0.237559974193573
          ]
        ]
      ],
      "t0_rotation_rmse": 2.6639559268951416,
      "t0_translation_rmse_100": 2.68925142288208
    },
    "stats_list": [
      {
        "psnr": 29.052635192871094,
        "distortion": 0.010791920125484467,
        "rotation_rmse": 0.0046194251626729965,
        "translation_rmse_100": 0.011254493147134781,
        "t_final": [
          [
            [
              0.8564453125,
              0.1357421875,
              0.498779296875,
              -0.044052958488464355
            ],
            [
              0.034393310546875,
              0.94775390625,
              -0.317138671875,
              0.12881775200366974
            ],
            [
              -0.51611328125,
              0.28857421875,
              0.806640625,
              -0.237559974193573
            ]
          ]
        ],
        "t0_rotation_rmse": 2.6639559268951416,
        "t0_translation_rmse_100": 2.68925142288208
      }
    ]
  },
  "horns_30_70_even_odd": {
    "best": {
      "psnr": 10.979393005371094,
      "distortion": 0.11855728924274445,
      "rotation_rmse": 66.0880126953125,
      "translation_rmse_100": 45.357303619384766,
      "t_final": [
        [
          [
            -0.1981201171875,
            0.9501953125,
            0.2406005859375,
            -0.21699118614196777
          ],
          [
            -0.9775390625,
            -0.2099609375,
            0.0250091552734375,
            -0.6369837522506714
          ],
          [
            0.0743408203125,
            -0.230224609375,
            0.97021484375,
            -0.21108534932136536
          ]
        ]
      ],
      "t0_rotation_rmse": 67.54670715332031,
      "t0_translation_rmse_100": 30.109272003173828
    },
    "stats_list": [
      {
        "psnr": 10.979393005371094,
        "distortion": 0.11855728924274445,
        "rotation_rmse": 66.0880126953125,
        "translation_rmse_100": 45.357303619384766,
        "t_final": [
          [
            [
              -0.1981201171875,
              0.9501953125,
              0.2406005859375,
              -0.21699118614196777
            ],
            [
              -0.9775390625,
              -0.2099609375,
              0.0250091552734375,
              -0.6369837522506714
            ],
            [
              0.0743408203125,
              -0.230224609375,
              0.97021484375,
              -0.21108534932136536
            ]
          ]
        ],