{
  "26851W_Odeon_Lightab66": {
    "best": {
      "psnr": 14.561068534851074,
      "distortion": 0.007894041016697884,
      "rotation_rmse": 135.8864965776617,
      "translation_rmse_100": 16.012557983398438,
      "t_final": [
        [
          [
            0.94091796875,
            0.1107177734375,
            -0.320556640625,
            0.22601422667503357
          ],
          [
            -0.3388671875,
            0.33544921875,
            -0.87890625,
            -0.10690920799970627
          ],
          [
            0.01018524169921875,
            0.935546875,
            0.35302734375,
            -0.3444886803627014
          ]
        ]
      ]
    },
    "stats_list": [
      {
        "psnr": 14.561068534851074,
        "distortion": 0.007894041016697884,
        "rotation_rmse": 135.8864965776617,
        "translation_rmse_100": 16.012557983398438,
        "t_final": [
          [
            [
              0.94091796875,
              0.1107177734375,
              -0.320556640625,
              0.22601422667503357
            ],
            [
              -0.3388671875,
              0.33544921875,
              -0.87890625,
              -0.10690920799970627
            ],
            [
              0.01018524169921875,
              0.935546875,
              0.35302734375,
              -0.3444886803627014
            ]
          ]
        ]
      },
      {
        "psnr": 14.561068534851074,
        "distortion": 0.007894041016697884,
        "rotation_rmse": 135.8864965776617,
        "translation_rmse_100": 16.012557983398438,
        "t_final": [
          [
            [
              0.94091796875,
              0.1107177734375,
              -0.320556640625,
              0.22601422667503357
            ],
            [
              -0.3388671875,
              0.33544921875,
              -0.87890625,
              -0.10690920799970627
            ],
            [
              0.01018524169921875,
              0.935546875,
              0.35302734375,
              -0.3444886803627014
            ]
          ]
        ]
      },
      {
        "psnr": 14.561068534851074,
        "distortion": 0.007894041016697884,
        "rotation_rmse": 135.8864965776617,
        "translation_rmse_100": 16.012557983398438,
        "t_final": [
          [
            [
              0.94091796875,
              0.1107177734375,
              -0.320556640625,
              0.22601422667503357
            ],
            [
              -0.3388671875,
              0.33544921875,
              -0.87890625,
              -0.10690920799970627
            ],
            [
              0.01018524169921875,
              0.935546875,
              0.35302734375,
              -0.3444886803627014
            ]
          ]
        ]
      }
    ]
  }
}