{
  "lion_30_70_even_odd": {
    "best": {
      "psnr": 28.003408432006836,
      "distortion": 0.003831431968137622,
      "rotation_rmse": 0.1138787493109703,
      "translation_rmse_100": 0.030941413715481758,
      "t_final": [
        [
          [
            0.92041015625,
            -0.2408447265625,
            0.308837890625,
            0.3041517436504364
          ],
          [
            0.305908203125,
            0.9345703125,
            -0.182861328125,
            0.18289558589458466
          ],
          [
            -0.2447509765625,
            0.2626953125,
            0.93359375,
            -0.1192525327205658
          ]
        ]
      ],
      "t0_rotation_rmse": 2.9533848762512207,
      "t0_translation_rmse_100": 2.971428871154785
    },
    "stats_list": [
      {
        "psnr": 28.003408432006836,
        "distortion": 0.003831431968137622,
        "rotation_rmse": 0.1138787493109703,
        "translation_rmse_100": 0.030941413715481758,
        "t_final": [
          [
            [
              0.92041015625,
              -0.2408447265625,
              0.308837890625,
              0.3041517436504364
            ],
            [
              0.305908203125,
              0.9345703125,
              -0.182861328125,
              0.18289558589458466
            ],
            [
              -0.2447509765625,
              0.2626953125,
              0.93359375,
              -0.1192525327205658
            ]
          ]
        ],
        "t0_rotation_rmse": 2.9533848762512207,
        "t0_translation_rmse_100": 2.971428871154785
      }
    ]
  },
  "table_30_70_even_odd": {
    "best": {
      "psnr": 12.410395622253418,
      "distortion": 0.044747378677129745,
      "rotation_rmse": 4.158726215362549,
      "translation_rmse_100": 3.401405096054077,
      "t_final": [
        [
          [
            0.9775390625,
            0.11834716796875,
            0.1734619140625,
            -0.1611567586660385
          ],
          [
            0.0094451904296875,
            0.80029296875,
            -0.59912109375,
            0.34192100167274475
          ],
          [
            -0.2099609375,
            0.58740234375,
            0.78173828125,
            -0.3883064389228821
          ]
        ]
      ],
      "t0_rotation_rmse": 13.1048002243042,
      "t0_translation_rmse_100": 15.216983795166016
    },
    "stats_list": [
      {
        "psnr": 12.410395622253418,
        "distortion": 0.044747378677129745,
        "rotation_rmse": 4.158726215362549,
        "translation_rmse_100": 3.401405096054077,
        "t_final": [
          [
            [
              0.9775390625,
              0.11834716796875,
              0.1734619140625,
              -0.1611567586660385
            ],
            [
              0.0094451904296875,
              0.80029296875,
              -0.59912109375,
              0.34192100167274475
            ],
            [
              -0.2099609375,
              0.58740234375,
              0.78173828125,
              -0.3883064389228821
            ]
          ]
        ],
        "t0_rotation_rmse": 13.1048002243042,
        "t0_translation_rmse_100": 15.216983795166016
      }
    ]
  }
}