{
  "26851W_Odeon_Lightab66": {
    "best": {
      "psnr": 13.10693073272705,
      "distortion": 0.0006046686321496964,
      "rotation_rmse": 167.77271940369585,
      "translation_rmse_100": 93.1350326538086,
      "t_final": [
        [
          [
            0.5888671875,
            -0.7822265625,
            -0.20166015625,
            0.9972389936447144
          ],
          [
            0.66015625,
            0.6103515625,
            -0.438232421875,
            -0.10251303017139435
          ],
          [
            0.4658203125,
            0.12493896484375,
            0.8759765625,
            0.6094565987586975
          ]
        ]
      ]
    },
    "stats_list": [
      {
        "psnr": 13.10693073272705,
        "distortion": 0.0006046686321496964,
        "rotation_rmse": 167.77271940369585,
        "translation_rmse_100": 93.1350326538086,
        "t_final": [
          [
            [
              0.5888671875,
              -0.7822265625,
              -0.20166015625,
              0.9972389936447144
            ],
            [
              0.66015625,
              0.6103515625,
              -0.438232421875,
              -0.10251303017139435
            ],
            [
              0.4658203125,
              0.12493896484375,
              0.8759765625,
              0.6094565987586975
            ]
          ]
        ]
      }
    ]
  }
}