{
  "room_0_100_even_odd": {
    "best": {
      "psnr": 13.260621070861816,
      "distortion": 0.08955691754817963,
      "rotation_rmse": 17.020835876464844,
      "translation_rmse_100": 33.63058090209961,
      "t_final": [
        [
          [
            0.90625,
            -0.298828125,
            0.300048828125,
            -0.2562475800514221
          ],
          [
            0.42333984375,
            0.64404296875,
            -0.63720703125,
            -0.19469718635082245
          ],
          [
            -0.0028629302978515625,
            0.7041015625,
            0.7099609375,
            0.029749127104878426
          ]
        ]
      ]
    },
    "stats_list": [
      {
        "psnr": 13.009190559387207,
        "distortion": 0.1873588114976883,
        "rotation_rmse": 24.50777244567871,
        "translation_rmse_100": 53.21379470825195,
        "t_final": [
          [
            [
              0.80859375,
              -0.58740234375,
              0.031219482421875,
              0.3456721603870392
            ],
            [
              0.58642578125,
              0.80126953125,
              -0.1177978515625,
              -0.09458810091018677
            ],
            [
              0.044158935546875,
              0.113525390625,
              0.99267578125,
              -0.22353553771972656
            ]
          ]
        ]
      },
      {
        "psnr": 13.03237533569336,
        "distortion": 0.18652299046516418,
        "rotation_rmse": 25.908483505249023,
        "translation_rmse_100": 56.8533821105957,
        "t_final": [
          [
            [
              0.751953125,
              -0.451416015625,
              0.479736328125,
              0.5178693532943726
            ],
            [
              0.65869140625,
              0.5087890625,
              -0.55419921875,
              -0.15788263082504272
            ],
            [
              0.005767822265625,
              0.73291015625,
              0.68017578125,
              -0.11499567329883575
            ]
          ]
        ]
      },
      {
        "psnr": 13.260621070861816,
        "distortion": 0.08955691754817963,
        "rotation_rmse": 17.020835876464844,
        "translation_rmse_100": 33.63058090209961,
        "t_final": [
          [
            [
              0.90625,
              -0.298828125,
              0.300048828125,
              -0.2562475800514221
            ],
            [
              0.42333984375,
              0.64404296875,
              -0.63720703125,
              -0.19469718635082245
            ],
            [
              -0.0028629302978515625,
              0.7041015625,
              0.7099609375,
              0.029749127104878426
            ]
          ]
        ]
      }
    ]
  }
}