{
  "office": {
    "best": {
      "psnr": 15.041204452514648,
      "distortion": 0.022469952702522278,
      "rotation_rmse": 53.44363021850586,
      "translation_rmse_100": 6.168752670288086,
      "t_final": [
        [
          [
            0.290771484375,
            0.485595703125,
            -0.82470703125,
            -0.01643305830657482
          ],
          [
            -0.9375,
            0.3154296875,
            -0.14501953125,
            -0.09646643698215485
          ],
          [
            0.189697265625,
            0.81494140625,
            0.546875,
            0.042897969484329224
          ]
        ]
      ]
    },
    "stats_list": [
      {
        "psnr": 13.111226081848145,
        "distortion": 0.008677720092236996,
        "rotation_rmse": 25.67828941345215,
        "translation_rmse_100": 2.0554862022399902,
        "t_final": [
          [
            [
              0.736328125,
              0.65966796875,
              -0.150390625,
              -0.01645641028881073
            ],
            [
              -0.67626953125,
              0.7177734375,
              -0.164306640625,
              0.01227871235460043
            ],
            [
              -0.0003914833068847656,
              0.2227783203125,
              0.974609375,
              -0.029084820300340652
            ]
          ]
        ]
      },
      {
        "psnr": 14.47844409942627,
        "distortion": 0.21584603190422058,
        "rotation_rmse": 26.461206436157227,
        "translation_rmse_100": 72.10556030273438,
        "t_final": [
          [
            [
              0.70751953125,
              0.363037109375,
              0.60595703125,
              1.1361089944839478
            ],
            [
              -0.2783203125,
              0.931640625,
              -0.2330322265625,
              0.13284002244472504
            ],
            [
              -0.6494140625,
              -0.003780364990234375,
              0.7607421875,
              -0.501371443271637
            ]
          ]
        ]
      },
      {
        "psnr": 12.47321605682373,
        "distortion": 0.0051922667771577835,
        "rotation_rmse": 0.9604741930961609,
        "translation_rmse_100": 1.3000926971435547,
        "t_final": [
          [
            [
              1.0,
              0.01503753662109375,
              0.0161285400390625,
              0.01814711093902588
            ],
            [
              -0.01534271240234375,
              0.99951171875,
              0.0186309814453125,
              -0.003415578743442893
            ],
            [
              -0.0158538818359375,
              -0.0188751220703125,
              0.99951171875,
              -0.012887532822787762
            ]
          ]
        ]
      },
      {
        "psnr": 12.180550575256348,
        "distortion": 0.004446463659405708,
        "rotation_rmse": 0.0,
        "translation_rmse_100": 0.0,
        "t_final": [
          [
            [
              1.0,
              0.0,
              0.0,
              0.0
            ],
            [
              0.0,
              1.0,
              0.0,
              0.0
            ],
            [
              0.0,
              0.0,
              1.0,
              0.0
            ]
          ]
        ]
      },
      {
        "psnr": 15.041204452514648,
        "distortion": 0.022469952702522278,
        "rotation_rmse": 53.44363021850586,
        "translation_rmse_100": 6.168752670288086,
        "t_final": [
          [
            [
              0.290771484375,
              0.485595703125,
              -0.82470703125,
              -0.01643305830657482
            ],
            [
              -0.9375,
              0.3154296875,
              -0.14501953125,
              -0.09646643698215485
            ],
            [
              0.189697265625,
              0.81494140625,
              0.546875,
              0.042897969484329224
            ]
          ]
        ]
      },
      {
        "psnr": 12.411130905151367,
        "distortion": 0.003543006954714656,
        "rotation_rmse": 0.0,
        "translation_rmse_100": 0.0,
        "t_final": [
          [
            [
              1.0,
              0.0,
              0.0,
              0.0
            ],
            [
              0.0,
              1.0,
              0.0,
              0.0
            ],
            [
              0.0,
              0.0,
              1.0,
              0.0
            ]
          ]
        ]
      },
      {
        "psnr": 14.680929183959961,
        "distortion": 0.004106746055185795,
        "rotation_rmse": 6.608154296875,
        "translation_rmse_100": 11.939657211303711,
        "t_final": [
          [
            [
              0.98974609375,
              0.1431884765625,
              -0.0021820068359375,
              0.14236748218536377
            ],
            [
              -0.1414794921875,
              0.97998046875,
              0.1400146484375,
              0.1451413631439209
            ],
            [
              0.0222015380859375,
              -0.1383056640625,
              0.990234375,
              -0.03784314543008804
            ]
          ]
        ]
      },
      {
        "psnr": 11.025031089782715,
        "distortion": 0.007843473926186562,
        "rotation_rmse": 22.23332977294922,
        "translation_rmse_100": 17.017637252807617,
        "t_final": [
          [
            [
              0.82421875,
              -0.10797119140625,
              0.5556640625,
              -0.2154373973608017
            ],
            [
              0.2227783203125,
              0.96435546875,
              -0.14306640625,
              -0.09819409251213074
            ],
            [
              -0.5205078125,
              0.2418212890625,
              0.81884765625,
              0.17556950449943542
            ]
          ]
        ]
      },
      {
        "psnr": 12.490543365478516,
        "distortion": 0.21823237836360931,
        "rotation_rmse": 33.30867004394531,
        "translation_rmse_100": 67.49524688720703,
        "t_final": [
          [
            [
              0.8349609375,
              0.5234375,
              -0.169189453125,
              0.6698645949363708
            ],
            [
              -0.45947265625,
              0.49365234375,
              -0.73828125,
              -0.3418627977371216
            ],
            [
              -0.302978515625,
              0.6943359375,
              0.65283203125,
              0.8950384259223938
            ]
          ]
        ]
      },
      {
        "psnr": 14.508593559265137,
        "distortion": 0.2265457659959793,
        "rotation_rmse": 20.835874557495117,
        "translation_rmse_100": 91.41800689697266,
        "t_final": [
          [
            [
              0.876953125,
              0.227294921875,
              0.42333984375,
              1.328951358795166
            ],
            [
              -0.046966552734375,
              0.91748046875,
              -0.395263671875,
              0.8214856386184692
            ],
            [
              -0.478271484375,
              0.32666015625,
              0.8154296875,
              -0.2573428153991699
            ]
          ]
        ]
      }
    ]
  }
}