{
  "Arnt_Shoes_-_Koston_11627": {
    "best": {
      "psnr": 9.385030746459961,
      "distortion": 0.004846526309847832,
      "rotation_rmse": 176.8881792617526,
      "translation_rmse_100": 4.3196916580200195,
      "t_final": [
        [
          [
            -0.23583984375,
            0.3779296875,
            0.8955078125,
            0.20006492733955383
          ],
          [
            -0.8447265625,
            0.375732421875,
            -0.381103515625,
            0.19881726801395416
          ],
          [
            -0.480224609375,
            -0.845703125,
            0.230712890625,
            -0.590541422367096
          ]
        ]
      ],
      "t0_rotation_rmse": 171.5792617986975,
      "t0_translation_rmse_100": 1.6295671463012695
    },
    "stats_list": [
      {
        "psnr": 9.385030746459961,
        "distortion": 0.004846526309847832,
        "rotation_rmse": 176.8881792617526,
        "translation_rmse_100": 4.3196916580200195,
        "t_final": [
          [
            [
              -0.23583984375,
              0.3779296875,
              0.8955078125,
              0.20006492733955383
            ],
            [
              -0.8447265625,
              0.375732421875,
              -0.381103515625,
              0.19881726801395416
            ],
            [
              -0.480224609375,
              -0.845703125,
              0.230712890625,
              -0.590541422367096
            ]
          ]
        ],
        "t0_rotation_rmse": 171.5792617986975,
        "t0_translation_rmse_100": 1.6295671463012695
      }
    ]
  }
}