{
  "fern_30_70_even_odd": {
    "best": {
      "psnr": 20.926849365234375,
      "distortion": 0.017383240163326263,
      "rotation_rmse": 0.06497826427221298,
      "translation_rmse_100": 0.06435343623161316,
      "t_final": [
        [
          [
            0.9140625,
            0.1800537109375,
            0.363525390625,
            -0.35390037298202515
          ],
          [
            0.1064453125,
            0.75830078125,
            -0.64306640625,
            0.33085113763809204
          ],
          [
            -0.391357421875,
            0.62646484375,
            0.67431640625,
            0.07332614809274673
          ]
        ]
      ],
      "t0_rotation_rmse": 5.611567974090576,
      "t0_translation_rmse_100": 9.61656379699707
    },
    "stats_list": [
      {
        "psnr": 20.926849365234375,
        "distortion": 0.017383240163326263,
        "rotation_rmse": 0.06497826427221298,
        "translation_rmse_100": 0.06435343623161316,
        "t_final": [
          [
            [
              0.9140625,
              0.1800537109375,
              0.363525390625,
              -0.35390037298202515
            ],
            [
              0.1064453125,
              0.75830078125,
              -0.64306640625,
              0.33085113763809204
            ],
            [
              -0.391357421875,
              0.62646484375,
              0.67431640625,
              0.07332614809274673
            ]
          ]
        ],
        "t0_rotation_rmse": 5.611567974090576,
        "t0_translation_rmse_100": 9.61656379699707
      }
    ]
  }
}