{
  "Smoked_Salmon_Plate5648": {
    "best": {
      "psnr": 13.5658540725708,
      "distortion": 0.0014751004055142403,
      "rotation_rmse": 3.8866804671951076,
      "translation_rmse_100": 0.20854473114013672,
      "t_final": [
        [
          [
            -0.287841796875,
            -0.22216796875,
            0.93115234375,
            0.12829095125198364
          ],
          [
            -0.64501953125,
            -0.67431640625,
            -0.35986328125,
            0.020936906337738037
          ],
          [
            0.7080078125,
            -0.70458984375,
            0.050811767578125,
            -0.5514480471611023
          ]
        ]
      ],
      "t0_rotation_rmse": 3.6889408100045387,
      "t0_translation_rmse_100": 0.6685972213745117
    },
    "stats_list": [
      {
        "psnr": 13.5658540725708,
        "distortion": 0.0014751004055142403,
        "rotation_rmse": 3.8866804671951076,
        "translation_rmse_100": 0.20854473114013672,
        "t_final": [
          [
            [
              -0.287841796875,
              -0.22216796875,
              0.93115234375,
              0.12829095125198364
            ],
            [
              -0.64501953125,
              -0.67431640625,
              -0.35986328125,
              0.020936906337738037
            ],
            [
              0.7080078125,
              -0.70458984375,
              0.050811767578125,
              -0.5514480471611023
            ]
          ]
        ],
        "t0_rotation_rmse": 3.6889408100045387,
        "t0_translation_rmse_100": 0.6685972213745117
      }
    ]
  }
}