{
  "4b05": {
    "best": {
      "psnr": 13.082319259643555,
      "distortion": 0.0016528296982869506,
      "rotation_rmse": 4.4222017667094144,
      "translation_rmse_100": 6.120161056518555,
      "t_final": [
        [
          [
            -0.29541015625,
            -0.53271484375,
            0.79248046875,
            -0.08797407895326614
          ],
          [
            0.72998046875,
            -0.66064453125,
            -0.1719970703125,
            0.07890308648347855
          ],
          [
            0.61572265625,
            0.5283203125,
            0.58447265625,
            -0.015627644956111908
          ]
        ]
      ],
      "t0_rotation_rmse": 13.548317201996237,
      "t0_translation_rmse_100": 0.6974660158157349
    },
    "stats_list": [
      {
        "psnr": 13.082319259643555,
        "distortion": 0.0016528296982869506,
        "rotation_rmse": 4.4222017667094144,
        "translation_rmse_100": 6.120161056518555,
        "t_final": [
          [
            [
              -0.29541015625,
              -0.53271484375,
              0.79248046875,
              -0.08797407895326614
            ],
            [
              0.72998046875,
              -0.66064453125,
              -0.1719970703125,
              0.07890308648347855
            ],
            [
              0.61572265625,
              0.5283203125,
              0.58447265625,
              -0.015627644956111908
            ]
          ]
        ],
        "t0_rotation_rmse": 13.548317201996237,
        "t0_translation_rmse_100": 0.6974660158157349
      }
    ]
  }
}