{
  "fern_0_100_even_odd": {
    "best": {
      "psnr": 22.164918899536133,
      "distortion": 0.01699693873524666,
      "rotation_rmse": 0.08188558369874954,
      "translation_rmse_100": 0.1666245013475418,
      "t_final": [
        [
          [
            0.9130859375,
            0.1829833984375,
            0.364013671875,
            -0.35187992453575134
          ],
          [
            0.10528564453125,
            0.75732421875,
            -0.64453125,
            0.33220329880714417
          ],
          [
            -0.3935546875,
            0.62744140625,
            0.67236328125,
            0.0750504583120346
          ]
        ]
      ],
      "t0_rotation_rmse": 1.3997185230255127,
      "t0_translation_rmse_100": 0.9680689573287964
    },
    "stats_list": [
      {
        "psnr": 22.164918899536133,
        "distortion": 0.01699693873524666,
        "rotation_rmse": 0.08188558369874954,
        "translation_rmse_100": 0.1666245013475418,
        "t_final": [
          [
            [
              0.9130859375,
              0.1829833984375,
              0.364013671875,
              -0.35187992453575134
            ],
            [
              0.10528564453125,
              0.75732421875,
              -0.64453125,
              0.33220329880714417
            ],
            [
              -0.3935546875,
              0.62744140625,
              0.67236328125,
              0.0750504583120346
            ]
          ]
        ],
        "t0_rotation_rmse": 1.3997185230255127,
        "t0_translation_rmse_100": 0.9680689573287964
      }
    ]
  },
  "fern_30_70_even_odd": {
    "best": {
      "psnr": 12.335514068603516,
      "distortion": 0.017589103430509567,
      "rotation_rmse": 5.904271125793457,
      "translation_rmse_100": 7.71850061416626,
      "t_final": [
        [
          [
            0.88623046875,
            0.0302276611328125,
            0.46240234375,
            -0.3996385931968689
          ],
          [
            0.2685546875,
            0.77978515625,
            -0.5654296875,
            0.21117645502090454
          ],
          [
            -0.3779296875,
            0.625,
            0.68310546875,
            0.035179175436496735
          ]
        ]
      ],
      "t0_rotation_rmse": 5.611567974090576,
      "t0_translation_rmse_100": 9.61656379699707
    },
    "stats_list": [
      {
        "psnr": 12.335514068603516,
        "distortion": 0.017589103430509567,
        "rotation_rmse": 5.904271125793457,
        "translation_rmse_100": 7.71850061416626,
        "t_final": [
          [
            [
              0.88623046875,
              0.0302276611328125,
              0.46240234375,
              -0.3996385931968689
            ],
            [
              0.2685546875,
              0.77978515625,
              -0.5654296875,
              0.21117645502090454
            ],
            [
              -0.3779296875,
              0.625,
              0.68310546875,
              0.035179175436496735
            ]
          ]
        ],
        "t0_rotation_rmse": 5.611567974090576,
        "t0_translation_rmse_100": 9.61656379699707
      }
    ]
  },
  "fern_50_50": {
    "best": {
      "psnr": 15.318296432495117,
      "distortion": 0.02064007893204689,
      "rotation_rmse": 2.9597151279449463,
      "translation_rmse_100": 3.636718273162842,
      "t_final": [
        [
          [
            0.9033203125,
            0.263916015625,
            0.338623046875,
            -0.3020613193511963
          ],
          [
            0.03253173828125,
            0.744140625,
            -0.6669921875,
            0.36383241415023804
          ],
          [
            -0.427978515625,
            0.61328125,
            0.66357421875,
            0.08647780865430832
          ]
        ]
      ],
      "t0_rotation_rmse": 2.9586141109466553,
      "t0_translation_rmse_100": 3.636718273162842
    },
    "stats_list": [
      {
        "psnr": 15.318296432495117,
        "distortion": 0.02064007893204689,
        "rotation_rmse": 2.9597151279449463,
        "translation_rmse_100": 3.636718273162842,
        "t_final": [
          [
            [
              0.9033203125,
              0.263916015625,
              0.338623046875,
              -0.3020613193511963
            ],
            [
              0.03253173828125,
              0.744140625,
              -0.6669921875,
              0.36383241415023804
            ],
            [
              -0.427978515625,
              0.61328125,
              0.66357421875,
              0.08647780865430832
            ]
          ]
        ],
        "t0_rotation_rmse": 2.9586141109466553,
        "t0_translation_rmse_100": 3.636718273162842
      }
    ]
  },
  "horns_0_100_even_odd": {
    "best": {
      "psnr": 28.497535705566406,
      "distortion": 0.011183145456016064,
      "rotation_rmse": 0.04941413179039955,
      "translation_rmse_100": 0.02715214155614376,
      "t_final": [
        [
          [
            0.85595703125,
            0.135986328125,
            0.4990234375,
            -0.04415864869952202
          ],
          [
            0.033782958984375,
            0.9482421875,
            -0.316162109375,
            0.1285613775253296
          ],
          [
            -0.51611328125,
            0.28759765625,
            0.806640625,
            -0.2377415895462036
          ]
        ]
      ],
      "t0_rotation_rmse": 1.2831549644470215,
      "t0_translation_rmse_100": 1.7415271997451782
    },
    "stats_list": [
      {
        "psnr": 28.497535705566406,
        "distortion": 0.011183145456016064,
        "rotation_rmse": 0.04941413179039955,
        "translation_rmse_100": 0.02715214155614376,
        "t_final": [
          [
            [
              0.85595703125,
              0.135986328125,
              0.4990234375,
              -0.04415864869952202
            ],
            [
              0.033782958984375,
              0.9482421875,
              -0.316162109375,
              0.1285613775253296
            ],
            [
              -0.51611328125,
              0.28759765625,
              0.806640625,
              -0.2377415895462036
            ]
          ]
        ],
        "t0_rotation_rmse": 1.2831549644470215,
        "t0_translation_rmse_100": 1.7415271997451782
      }
    ]
  },
  "horns_30_70_even_odd": {
    "best": {
      "psnr": 22.607019424438477,
      "distortion": 0.012660478241741657,
      "rotation_rmse": 0.17057134211063385,
      "translation_rmse_100": 0.16208410263061523,
      "t_final": [
        [
          [
            0.8583984375,
            0.13427734375,
            0.49609375,
            -0.04121918976306915
          ],
          [
            0.035980224609375,
            0.94677734375,
            -0.31884765625,
            0.12974490225315094
          ],
          [
            -0.51220703125,
            0.291259765625,
            0.80810546875,
            -0.23722174763679504
          ]
        ]
      ],
      "t0_rotation_rmse": 1.6391682624816895,
      "t0_translation_rmse_100": 1.609495997428894
    },
    "stats_list": [
      {
        "psnr": 22.607019424438477,
        "distortion": 0.012660478241741657,
        "rotation_rmse": 0.17057134211063385,
        "translation_rmse_100": 0.16208410263061523,
        "t_final": [
          [
            [
              0.8583984375,
              0.13427734375,
              0.49609375,
              -0.04121918976306915
            ],
            [
              0.035980224609375,
              0.94677734375,
              -0.31884765625,
              0.12974490225315094
            ],
            [
              -0.51220703125,
              0.291259765625,
              0.80810546875,
              -0.23722174763679504
            ]
          ]
        ],
        "t0_rotation_rmse": 1.6391682624816895,