{
  "26851W_Odeon_Lightab66": {
    "best": {
      "psnr": 15.340673446655273,
      "distortion": 0.0055522914044559,
      "rotation_rmse": 66.92234261031372,
      "translation_rmse_100": 2.010500431060791,
      "t_final": [
        [
          [
            -0.176025390625,
            0.1002197265625,
            -0.9794921875,
            0.0457836389541626
          ],
          [
            -0.9169921875,
            0.345947265625,
            0.20068359375,
            -0.4072062075138092
          ],
          [
            0.359130859375,
            0.9326171875,
            0.0310821533203125,
            -0.0654623806476593
          ]
        ]
      ]
    },
    "stats_list": [
      {
        "psnr": 15.340673446655273,
        "distortion": 0.0055522914044559,
        "rotation_rmse": 66.92234261031372,
        "translation_rmse_100": 2.010500431060791,
        "t_final": [
          [
            [
              -0.176025390625,
              0.1002197265625,
              -0.9794921875,
              0.0457836389541626
            ],
            [
              -0.9169921875,
              0.345947265625,
              0.20068359375,
              -0.4072062075138092
            ],
            [
              0.359130859375,
              0.9326171875,
              0.0310821533203125,
              -0.0654623806476593
            ]
          ]
        ]
      },
      {
        "psnr": 12.066972732543945,
        "distortion": 0.0015266216360032558,
        "rotation_rmse": 95.51028527911153,
        "translation_rmse_100": 2.966421127319336,
        "t_final": [
          [
            [
              -0.474609375,
              -0.12005615234375,
              0.8720703125,
              0.03622443228960037
            ],
            [
              0.72705078125,
              0.50439453125,
              0.46484375,
              -0.1652590036392212
            ],
            [
              -0.49609375,
              0.8544921875,
              -0.15234375,
              -0.32857847213745117
            ]
          ]
        ]
      },
      {
        "psnr": 11.07358455657959,
        "distortion": 0.0021199097391217947,
        "rotation_rmse": 127.29035877992884,
        "translation_rmse_100": 41.95243835449219,
        "t_final": [
          [
            [
              0.7236328125,
              0.62841796875,
              -0.28515625,
              -0.3536357283592224
            ],
            [
              -0.68994140625,
              0.6484375,
              -0.32177734375,
              -0.5729442834854126
            ],
            [
              -0.0174102783203125,
              0.429443359375,
              0.90283203125,
              0.15395300090312958
            ]
          ]
        ]
      }
    ]
  }
}