{
  "Simply_Guitar14f8": {
    "best": {
      "psnr": 15.791765213012695,
      "distortion": 0.001088830758817494,
      "rotation_rmse": 1.0068444368588345,
      "translation_rmse_100": 0.1724347472190857,
      "t_final": [
        [
          [
            0.6767578125,
            0.2158203125,
            -0.7041015625,
            -0.12740901112556458
          ],
          [
            -0.464599609375,
            0.86669921875,
            -0.1810302734375,
            -0.02521129697561264
          ],
          [
            0.57080078125,
            0.449462890625,
            0.6875,
            -0.03157193958759308
          ]
        ]
      ],
      "t0_rotation_rmse": 3.756427798244321,
      "t0_translation_rmse_100": 2.1194570064544678
    },
    "stats_list": [
      {
        "psnr": 15.791765213012695,
        "distortion": 0.001088830758817494,
        "rotation_rmse": 1.0068444368588345,
        "translation_rmse_100": 0.1724347472190857,
        "t_final": [
          [
            [
              0.6767578125,
              0.2158203125,
              -0.7041015625,
              -0.12740901112556458
            ],
            [
              -0.464599609375,
              0.86669921875,
              -0.1810302734375,
              -0.02521129697561264
            ],
            [
              0.57080078125,
              0.449462890625,
              0.6875,
              -0.03157193958759308
            ]
          ]
        ],
        "t0_rotation_rmse": 3.756427798244321,
        "t0_translation_rmse_100": 2.1194570064544678
      }
    ]
  }
}