{
  "fern_30_70_even_odd": {
    "psnr": 22.141691207885742,
    "distortion": 0.022408319637179375,
    "rotation_rmse": 0.10214965045452118,
    "translation_rmse": 0.0008849739097058773,
    "t_final": [
      [
        [
          0.9140625,
          0.18115234375,
          0.36279296875,
          -0.3539853096008301
        ],
        [
          0.1048583984375,
          0.7587890625,
          -0.64306640625,
          0.331768661737442
        ],
        [
          -0.3916015625,
          0.6259765625,
          0.67431640625,
          0.0733584314584732
        ]
      ]
    ]
  }
}