{
  "fern_30_70_even_odd": {
    "best": {
      "psnr": 21.202062606811523,
      "distortion": 0.017345162108540535,
      "rotation_rmse": 0.08911067247390747,
      "translation_rmse_100": 0.07243818044662476,
      "t_final": [
        [
          [
            0.91357421875,
            0.182373046875,
            0.363037109375,
            -0.3538164496421814
          ],
          [
            0.10467529296875,
            0.7578125,
            -0.6435546875,
            0.33182770013809204
          ],
          [
            -0.392822265625,
            0.62646484375,
            0.673828125,
            0.07424167543649673
          ]
        ]
      ],
      "t0_rotation_rmse": 5.611567974090576,
      "t0_translation_rmse_100": 9.61656379699707
    },
    "stats_list": [
      {
        "psnr": 21.202062606811523,
        "distortion": 0.017345162108540535,
        "rotation_rmse": 0.08911067247390747,
        "translation_rmse_100": 0.07243818044662476,
        "t_final": [
          [
            [
              0.91357421875,
              0.182373046875,
              0.363037109375,
              -0.3538164496421814
            ],
            [
              0.10467529296875,
              0.7578125,
              -0.6435546875,
              0.33182770013809204
            ],
            [
              -0.392822265625,
              0.62646484375,
              0.673828125,
              0.07424167543649673
            ]
          ]
        ],
        "t0_rotation_rmse": 5.611567974090576,
        "t0_translation_rmse_100": 9.61656379699707
      }
    ]
  }
}