{
  "fern_30_70_even_odd": {
    "best": {
      "psnr": 21.780517578125,
      "distortion": 0.017689678817987442,
      "rotation_rmse": 0.08836033940315247,
      "translation_rmse_100": 0.16342464089393616,
      "t_final": [
        [
          [
            0.91357421875,
            0.181884765625,
            0.36328125,
            -0.35668057203292847
          ],
          [
            0.104736328125,
            0.75830078125,
            -0.64306640625,
            0.3319666385650635
          ],
          [
            -0.392578125,
            0.6259765625,
            0.673828125,
            0.07395144551992416
          ]
        ]
      ]
    },
    "stats_list": [
      {
        "psnr": 21.780517578125,
        "distortion": 0.017689678817987442,
        "rotation_rmse": 0.08836033940315247,
        "translation_rmse_100": 0.16342464089393616,
        "t_final": [
          [
            [
              0.91357421875,
              0.181884765625,
              0.36328125,
              -0.35668057203292847
            ],
            [
              0.104736328125,
              0.75830078125,
              -0.64306640625,
              0.3319666385650635
            ],
            [
              -0.392578125,
              0.6259765625,
              0.673828125,
              0.07395144551992416
            ]
          ]
        ]
      },
      {
        "psnr": 11.763312339782715,
        "distortion": 0.12004514783620834,
        "rotation_rmse": 39.091182708740234,
        "translation_rmse_100": 10.500816345214844,
        "t_final": [
          [
            [
              0.2479248046875,
              -0.47998046875,
              0.841796875,
              -0.17871135473251343
            ],
            [
              0.8359375,
              0.544921875,
              0.06451416015625,
              0.3720719814300537
            ],
            [
              -0.489501953125,
              0.6875,
              0.5361328125,
              0.09810169786214828
            ]
          ]
        ]
      },
      {
        "psnr": 11.756388664245605,
        "distortion": 0.07943528890609741,
        "rotation_rmse": 23.49369239807129,
        "translation_rmse_100": 13.24941349029541,
        "t_final": [
          [
            [
              0.60107421875,
              -0.25341796875,
              0.7578125,
              -0.3310803472995758
            ],
            [
              0.6396484375,
              0.7216796875,
              -0.26611328125,
              0.558191180229187
            ],
            [
              -0.4794921875,
              0.64453125,
              0.595703125,
              0.055621080100536346
            ]
          ]
        ]
      }
    ]
  }
}