{
  "4b05": {
    "best": {
      "psnr": 16.066909790039062,
      "distortion": 0.0016705581219866872,
      "rotation_rmse": 1.0707808951846347,
      "translation_rmse_100": 3.0348336696624756,
      "t_final": [
        [
          [
            -0.273681640625,
            -0.488525390625,
            0.82861328125,
            -0.057120807468891144
          ],
          [
            0.7109375,
            -0.6826171875,
            -0.167724609375,
            0.07781971246004105
          ],
          [
            0.6474609375,
            0.54345703125,
            0.5341796875,
            0.06921122223138809
          ]
        ]
      ],
      "t0_rotation_rmse": 13.548317201996237,
      "t0_translation_rmse_100": 0.6974660158157349
    },
    "stats_list": [
      {
        "psnr": 16.066909790039062,
        "distortion": 0.0016705581219866872,
        "rotation_rmse": 1.0707808951846347,
        "translation_rmse_100": 3.0348336696624756,
        "t_final": [
          [
            [
              -0.273681640625,
              -0.488525390625,
              0.82861328125,
              -0.057120807468891144
            ],
            [
              0.7109375,
              -0.6826171875,
              -0.167724609375,
              0.07781971246004105
            ],
            [
              0.6474609375,
              0.54345703125,
              0.5341796875,
              0.06921122223138809
            ]
          ]
        ],
        "t0_rotation_rmse": 13.548317201996237,
        "t0_translation_rmse_100": 0.6974660158157349
      }
    ]
  }
}