{
  "Simply_Guitar14f8": {
    "best": {
      "psnr": 15.912579536437988,
      "distortion": 0.0011242562904953957,
      "rotation_rmse": 1.5595980301664598,
      "translation_rmse_100": 0.2029523253440857,
      "t_final": [
        [
          [
            0.673828125,
            0.219482421875,
            -0.705078125,
            -0.12710383534431458
          ],
          [
            -0.468017578125,
            0.86572265625,
            -0.1783447265625,
            -0.02504345029592514
          ],
          [
            0.5712890625,
            0.450439453125,
            0.6865234375,
            -0.03331144154071808
          ]
        ]
      ],
      "t0_rotation_rmse": 3.756427798244321,
      "t0_translation_rmse_100": 2.1194570064544678
    },
    "stats_list": [
      {
        "psnr": 15.912579536437988,
        "distortion": 0.0011242562904953957,
        "rotation_rmse": 1.5595980301664598,
        "translation_rmse_100": 0.2029523253440857,
        "t_final": [
          [
            [
              0.673828125,
              0.219482421875,
              -0.705078125,
              -0.12710383534431458
            ],
            [
              -0.468017578125,
              0.86572265625,
              -0.1783447265625,
              -0.02504345029592514
            ],
            [
              0.5712890625,
              0.450439453125,
              0.6865234375,
              -0.03331144154071808
            ]
          ]
        ],
        "t0_rotation_rmse": 3.756427798244321,
        "t0_translation_rmse_100": 2.1194570064544678
      }
    ]
  }
}