{
  "26851W_Odeon_Lightab66": {
    "best": {
      "psnr": 19.420785903930664,
      "distortion": 0.0014400864019989967,
      "rotation_rmse": 52.44960605321852,
      "translation_rmse_100": 17.764360427856445,
      "t_final": [
        [
          [
            -0.308837890625,
            0.1380615234375,
            -0.94091796875,
            -0.11175494641065598
          ],
          [
            -0.94287109375,
            0.087158203125,
            0.32275390625,
            -0.15958172082901
          ],
          [
            0.1260986328125,
            0.98681640625,
            0.103759765625,
            -0.30826783180236816
          ]
        ]
      ]
    },
    "stats_list": [
      {
        "psnr": 19.420785903930664,
        "distortion": 0.0014400864019989967,
        "rotation_rmse": 52.44960605321852,
        "translation_rmse_100": 17.764360427856445,
        "t_final": [
          [
            [
              -0.308837890625,
              0.1380615234375,
              -0.94091796875,
              -0.11175494641065598
            ],
            [
              -0.94287109375,
              0.087158203125,
              0.32275390625,
              -0.15958172082901
            ],
            [
              0.1260986328125,
              0.98681640625,
              0.103759765625,
              -0.30826783180236816
            ]
          ]
        ]
      }
    ]
  }
}