{
  "lion_30_70_even_odd": {
    "best": {
      "psnr": 31.13197135925293,
      "distortion": 0.0029888497665524483,
      "rotation_rmse": 0.05612489581108093,
      "translation_rmse_100": 0.06001188978552818,
      "t_final": [
        [
          [
            0.92041015625,
            -0.2413330078125,
            0.3076171875,
            0.3044721782207489
          ],
          [
            0.306884765625,
            0.93359375,
            -0.1859130859375,
            0.18365852534770966
          ],
          [
            -0.2421875,
            0.265380859375,
            0.93310546875,
            -0.1179707944393158
          ]
        ]
      ],
      "t0_rotation_rmse": 2.9533848762512207,
      "t0_translation_rmse_100": 2.971428871154785
    },
    "stats_list": [
      {
        "psnr": 31.13197135925293,
        "distortion": 0.0029888497665524483,
        "rotation_rmse": 0.05612489581108093,
        "translation_rmse_100": 0.06001188978552818,
        "t_final": [
          [
            [
              0.92041015625,
              -0.2413330078125,
              0.3076171875,
              0.3044721782207489
            ],
            [
              0.306884765625,
              0.93359375,
              -0.1859130859375,
              0.18365852534770966
            ],
            [
              -0.2421875,
              0.265380859375,
              0.93310546875,
              -0.1179707944393158
            ]
          ]
        ],
        "t0_rotation_rmse": 2.9533848762512207,
        "t0_translation_rmse_100": 2.971428871154785
      }
    ]
  },
  "table_30_70_even_odd": {
    "best": {
      "psnr": 26.377286911010742,
      "distortion": 0.02322496473789215,
      "rotation_rmse": 0.010427717119455338,
      "translation_rmse_100": 0.009269307367503643,
      "t_final": [
        [
          [
            0.98681640625,
            0.044158935546875,
            0.156494140625,
            -0.056466203182935715
          ],
          [
            0.0115509033203125,
            0.94091796875,
            -0.33837890625,
            0.15536513924598694
          ],
          [
            -0.1622314453125,
            0.335693359375,
            0.92822265625,
            -0.18785174190998077
          ]
        ]
      ],
      "t0_rotation_rmse": 1.248037338256836,
      "t0_translation_rmse_100": 1.0841610431671143
    },
    "stats_list": [
      {
        "psnr": 26.377286911010742,
        "distortion": 0.02322496473789215,
        "rotation_rmse": 0.010427717119455338,
        "translation_rmse_100": 0.009269307367503643,
        "t_final": [
          [
            [
              0.98681640625,
              0.044158935546875,
              0.156494140625,
              -0.056466203182935715
            ],
            [
              0.0115509033203125,
              0.94091796875,
              -0.33837890625,
              0.15536513924598694
            ],
            [
              -0.1622314453125,
              0.335693359375,
              0.92822265625,
              -0.18785174190998077
            ]
          ]
        ],
        "t0_rotation_rmse": 1.248037338256836,
        "t0_translation_rmse_100": 1.0841610431671143
      }
    ]
  }
}