{
  "Simply_Guitar14f8": {
    "best": {
      "psnr": 15.717172622680664,
      "distortion": 0.0010862936032935977,
      "rotation_rmse": 1.278512638992901,
      "translation_rmse_100": 0.1434430480003357,
      "t_final": [
        [
          [
            0.6767578125,
            0.21435546875,
            -0.7041015625,
            -0.12769892811775208
          ],
          [
            -0.463623046875,
            0.8671875,
            -0.181884765625,
            -0.02589794248342514
          ],
          [
            0.5712890625,
            0.449462890625,
            0.68701171875,
            -0.03193815052509308
          ]
        ]
      ],
      "t0_rotation_rmse": 3.756427798244321,
      "t0_translation_rmse_100": 2.1194570064544678
    },
    "stats_list": [
      {
        "psnr": 15.717172622680664,
        "distortion": 0.0010862936032935977,
        "rotation_rmse": 1.278512638992901,
        "translation_rmse_100": 0.1434430480003357,
        "t_final": [
          [
            [
              0.6767578125,
              0.21435546875,
              -0.7041015625,
              -0.12769892811775208
            ],
            [
              -0.463623046875,
              0.8671875,
              -0.181884765625,
              -0.02589794248342514
            ],
            [
              0.5712890625,
              0.449462890625,
              0.68701171875,
              -0.03193815052509308
            ]
          ]
        ],
        "t0_rotation_rmse": 3.756427798244321,
        "t0_translation_rmse_100": 2.1194570064544678
      }
    ]
  }
}