{
  "26851W_Odeon_Lightab66": {
    "best": {
      "psnr": 18.600679397583008,
      "distortion": 0.0061087594367563725,
      "rotation_rmse": 47.9394926685236,
      "translation_rmse_100": 82.7723388671875,
      "t_final": [
        [
          [
            -0.4130859375,
            0.406005859375,
            -0.81494140625,
            -0.7618347406387329
          ],
          [
            -0.91064453125,
            -0.1761474609375,
            0.373779296875,
            0.7981284856796265
          ],
          [
            0.0086517333984375,
            0.89599609375,
            0.4423828125,
            -1.1994667053222656
          ]
        ]
      ]
    },
    "stats_list": [
      {
        "psnr": 18.600679397583008,
        "distortion": 0.0061087594367563725,
        "rotation_rmse": 47.9394926685236,
        "translation_rmse_100": 82.7723388671875,
        "t_final": [
          [
            [
              -0.4130859375,
              0.406005859375,
              -0.81494140625,
              -0.7618347406387329
            ],
            [
              -0.91064453125,
              -0.1761474609375,
              0.373779296875,
              0.7981284856796265
            ],
            [
              0.0086517333984375,
              0.89599609375,
              0.4423828125,
              -1.1994667053222656
            ]
          ]
        ]
      }
    ]
  }
}