{
  "26851W_Odeon_Lightab66": {
    "best": {
      "psnr": 17.547964096069336,
      "distortion": 0.00035879394272342324,
      "rotation_rmse": 27.301110436120766,
      "translation_rmse_100": 11.0350923538208,
      "t_final": [
        [
          [
            -0.9033203125,
            -0.415283203125,
            -0.10589599609375,
            0.17623956501483917
          ],
          [
            -0.0693359375,
            -0.1024169921875,
            0.99267578125,
            0.19015935063362122
          ],
          [
            -0.4228515625,
            0.90380859375,
            0.0640869140625,
            -0.24762442708015442
          ]
        ]
      ]
    },
    "stats_list": [
      {
        "psnr": 17.547964096069336,
        "distortion": 0.00035879394272342324,
        "rotation_rmse": 27.301110436120766,
        "translation_rmse_100": 11.0350923538208,
        "t_final": [
          [
            [
              -0.9033203125,
              -0.415283203125,
              -0.10589599609375,
              0.17623956501483917
            ],
            [
              -0.0693359375,
              -0.1024169921875,
              0.99267578125,
              0.19015935063362122
            ],
            [
              -0.4228515625,
              0.90380859375,
              0.0640869140625,
              -0.24762442708015442
            ]
          ]
        ]
      }
    ]
  }
}