{
  "26851W_Odeon_Lightab66": {
    "best": {
      "psnr": 14.62537670135498,
      "distortion": 0.007747833617031574,
      "rotation_rmse": 137.72902966343398,
      "translation_rmse_100": 16.207077026367188,
      "t_final": [
        [
          [
            0.94873046875,
            0.09918212890625,
            -0.299072265625,
            0.22795940935611725
          ],
          [
            -0.314208984375,
            0.373779296875,
            -0.87255859375,
            -0.13100865483283997
          ],
          [
            0.0251617431640625,
            0.92236328125,
            0.3857421875,
            -0.32086002826690674
          ]
        ]
      ]
    },
    "stats_list": [
      {
        "psnr": 14.62537670135498,
        "distortion": 0.007747833617031574,
        "rotation_rmse": 137.72902966343398,
        "translation_rmse_100": 16.207077026367188,
        "t_final": [
          [
            [
              0.94873046875,
              0.09918212890625,
              -0.299072265625,
              0.22795940935611725
            ],
            [
              -0.314208984375,
              0.373779296875,
              -0.87255859375,
              -0.13100865483283997
            ],
            [
              0.0251617431640625,
              0.92236328125,
              0.3857421875,
              -0.32086002826690674
            ]
          ]
        ]
      }
    ]
  }
}