{
  "1983_Chevrolet_C101431": {
    "best": {
      "psnr": 6.511584281921387,
      "distortion": 0.014571554958820343,
      "rotation_rmse": 179.05008713854915,
      "translation_rmse_100": 10.041159629821777,
      "t_final": [
        [
          [
            0.489501953125,
            -0.055999755859375,
            -0.8701171875,
            -0.32755815982818604
          ],
          [
            -0.69091796875,
            0.58349609375,
            -0.426513671875,
            0.5131390690803528
          ],
          [
            0.53173828125,
            0.81005859375,
            0.246826171875,
            0.31926870346069336
          ]
        ]
      ]
    },
    "stats_list": [
      {
        "psnr": 6.511584281921387,
        "distortion": 0.014571554958820343,
        "rotation_rmse": 179.05008713854915,
        "translation_rmse_100": 10.041159629821777,
        "t_final": [
          [
            [
              0.489501953125,
              -0.055999755859375,
              -0.8701171875,
              -0.32755815982818604
            ],
            [
              -0.69091796875,
              0.58349609375,
              -0.426513671875,
              0.5131390690803528
            ],
            [
              0.53173828125,
              0.81005859375,
              0.246826171875,
              0.31926870346069336
            ]
          ]
        ]
      }
    ]
  }
}