{
  "26851W_Odeon_Lightab66": {
    "best": {
      "psnr": 16.647207260131836,
      "distortion": 0.0054758088663220406,
      "rotation_rmse": 133.30342677688915,
      "translation_rmse_100": 95.81866455078125,
      "t_final": [
        [
          [
            0.2493896484375,
            -0.966796875,
            0.05859375,
            1.0240752696990967
          ],
          [
            0.9638671875,
            0.24169921875,
            -0.1134033203125,
            0.29630234837532043
          ],
          [
            0.095458984375,
            0.08477783203125,
            0.99169921875,
            0.5151979923248291
          ]
        ]
      ]
    },
    "stats_list": [
      {
        "psnr": 16.647207260131836,
        "distortion": 0.0054758088663220406,
        "rotation_rmse": 133.30342677688915,
        "translation_rmse_100": 95.81866455078125,
        "t_final": [
          [
            [
              0.2493896484375,
              -0.966796875,
              0.05859375,
              1.0240752696990967
            ],
            [
              0.9638671875,
              0.24169921875,
              -0.1134033203125,
              0.29630234837532043
            ],
            [
              0.095458984375,
              0.08477783203125,
              0.99169921875,
              0.5151979923248291
            ]
          ]
        ]
      },
      {
        "psnr": 16.647207260131836,
        "distortion": 0.0054758088663220406,
        "rotation_rmse": 133.30342677688915,
        "translation_rmse_100": 95.81866455078125,
        "t_final": [
          [
            [
              0.2493896484375,
              -0.966796875,
              0.05859375,
              1.0240752696990967
            ],
            [
              0.9638671875,
              0.24169921875,
              -0.1134033203125,
              0.29630234837532043
            ],
            [
              0.095458984375,
              0.08477783203125,
              0.99169921875,
              0.5151979923248291
            ]
          ]
        ]
      },
      {
        "psnr": 16.647207260131836,
        "distortion": 0.0054758088663220406,
        "rotation_rmse": 133.30342677688915,
        "translation_rmse_100": 95.81866455078125,
        "t_final": [
          [
            [
              0.2493896484375,
              -0.966796875,
              0.05859375,
              1.0240752696990967
            ],
            [
              0.9638671875,
              0.24169921875,
              -0.1134033203125,
              0.29630234837532043
            ],
            [
              0.095458984375,
              0.08477783203125,
              0.99169921875,
              0.5151979923248291
            ]
          ]
        ]
      }
    ]
  }
}