{
  "4b05": {
    "best": {
      "psnr": 16.336809158325195,
      "distortion": 0.0016857851296663284,
      "rotation_rmse": 0.9366529257870192,
      "translation_rmse_100": 2.8741509914398193,
      "t_final": [
        [
          [
            -0.28466796875,
            -0.488037109375,
            0.8251953125,
            -0.055513981729745865
          ],
          [
            0.70703125,
            -0.68798828125,
            -0.1627197265625,
            0.07837561517953873
          ],
          [
            0.64697265625,
            0.537109375,
            0.541015625,
            0.07290585339069366
          ]
        ]
      ],
      "t0_rotation_rmse": 10.344951140670016,
      "t0_translation_rmse_100": 3.4391074180603027
    },
    "stats_list": [
      {
        "psnr": 16.336809158325195,
        "distortion": 0.0016857851296663284,
        "rotation_rmse": 0.9366529257870192,
        "translation_rmse_100": 2.8741509914398193,
        "t_final": [
          [
            [
              -0.28466796875,
              -0.488037109375,
              0.8251953125,
              -0.055513981729745865
            ],
            [
              0.70703125,
              -0.68798828125,
              -0.1627197265625,
              0.07837561517953873
            ],
            [
              0.64697265625,
              0.537109375,
              0.541015625,
              0.07290585339069366
            ]
          ]
        ],
        "t0_rotation_rmse": 10.344951140670016,
        "t0_translation_rmse_100": 3.4391074180603027
      }
    ]
  }
}