{
  "26851W_Odeon_Lightab66": {
    "best": {
      "psnr": 15.585335731506348,
      "distortion": 0.0013974083121865988,
      "rotation_rmse": 0.02562345176980362,
      "translation_rmse_100": 0.09407475590705872,
      "t_final": [
        [
          [
            -0.83740234375,
            -0.2049560546875,
            -0.5068359375,
            0.06494789570569992
          ],
          [
            -0.418212890625,
            -0.357666015625,
            0.8349609375,
            0.3121677041053772
          ],
          [
            -0.352783203125,
            0.9111328125,
            0.2137451171875,
            -0.2851853370666504
          ]
        ]
      ]
    },
    "stats_list": [
      {
        "psnr": 15.585335731506348,
        "distortion": 0.0013974083121865988,
        "rotation_rmse": 0.02562345176980362,
        "translation_rmse_100": 0.09407475590705872,
        "t_final": [
          [
            [
              -0.83740234375,
              -0.2049560546875,
              -0.5068359375,
              0.06494789570569992
            ],
            [
              -0.418212890625,
              -0.357666015625,
              0.8349609375,
              0.3121677041053772
            ],
            [
              -0.352783203125,
              0.9111328125,
              0.2137451171875,
              -0.2851853370666504
            ]
          ]
        ]
      }
    ]
  }
}