{
  "horns_0_100_even_odd": {
    "psnr": 26.668636322021484,
    "distortion": 0.01550811156630516,
    "rotation_rmse": 0.020075179636478424,
    "translation_rmse": 0.00010701753490138799,
    "t_final": [
      [
        [
          0.8564453125,
          0.1357421875,
          0.49853515625,
          -0.04376143217086792
        ],
        [
          0.034271240234375,
          0.94775390625,
          -0.31689453125,
          0.12890031933784485
        ],
        [
          -0.515625,
          0.288330078125,
          0.806640625,
          -0.23737697303295135
        ]
      ]
    ]
  }
}