{
  "fern_0_100_even_odd": {
    "best": {
      "psnr": 24.449981689453125,
      "distortion": 0.017444539815187454,
      "rotation_rmse": 0.07080250978469849,
      "translation_rmse_100": 0.06072152778506279,
      "t_final": [
        [
          [
            0.91357421875,
            0.1812744140625,
            0.364013671875,
            -0.35392841696739197
          ],
          [
            0.10540771484375,
            0.7587890625,
            -0.642578125,
            0.33118095993995667
          ],
          [
            -0.392578125,
            0.6259765625,
            0.67431640625,
            0.07351695001125336
          ]
        ]
      ],
      "t0_rotation_rmse": 1.3997185230255127,
      "t0_translation_rmse_100": 0.9680689573287964
    },
    "stats_list": [
      {
        "psnr": 24.449981689453125,
        "distortion": 0.017444539815187454,
        "rotation_rmse": 0.07080250978469849,
        "translation_rmse_100": 0.06072152778506279,
        "t_final": [
          [
            [
              0.91357421875,
              0.1812744140625,
              0.364013671875,
              -0.35392841696739197
            ],
            [
              0.10540771484375,
              0.7587890625,
              -0.642578125,
              0.33118095993995667
            ],
            [
              -0.392578125,
              0.6259765625,
              0.67431640625,
              0.07351695001125336
            ]
          ]
        ],
        "t0_rotation_rmse": 1.3997185230255127,
        "t0_translation_rmse_100": 0.9680689573287964
      }
    ]
  },
  "fern_30_70_even_odd": {
    "best": {
      "psnr": 16.045656204223633,
      "distortion": 0.0167281161993742,
      "rotation_rmse": 2.517137050628662,
      "translation_rmse_100": 3.1548123359680176,
      "t_final": [
        [
          [
            0.89990234375,
            0.1295166015625,
            0.416748046875,
            -0.3942980170249939
          ],
          [
            0.1751708984375,
            0.767578125,
            -0.6162109375,
            0.29392486810684204
          ],
          [
            -0.39990234375,
            0.6279296875,
            0.66796875,
            0.07991794496774673
          ]
        ]
      ],
      "t0_rotation_rmse": 5.611567974090576,
      "t0_translation_rmse_100": 9.61656379699707
    },
    "stats_list": [
      {
        "psnr": 16.045656204223633,
        "distortion": 0.0167281161993742,
        "rotation_rmse": 2.517137050628662,
        "translation_rmse_100": 3.1548123359680176,
        "t_final": [
          [
            [
              0.89990234375,
              0.1295166015625,
              0.416748046875,
              -0.3942980170249939
            ],
            [
              0.1751708984375,
              0.767578125,
              -0.6162109375,
              0.29392486810684204
            ],
            [
              -0.39990234375,
              0.6279296875,
              0.66796875,
              0.07991794496774673
            ]
          ]
        ],
        "t0_rotation_rmse": 5.611567974090576,
        "t0_translation_rmse_100": 9.61656379699707
      }
    ]
  },
  "fern_50_50": {
    "best": {
      "psnr": 17.565349578857422,
      "distortion": 0.016617652028799057,
      "rotation_rmse": 0.8060393333435059,
      "translation_rmse_100": 0.7658944129943848,
      "t_final": [
        [
          [
            0.90625,
            0.1705322265625,
            0.386474609375,
            -0.3589155673980713
          ],
          [
            0.126220703125,
            0.763671875,
            -0.6328125,
            0.31888002157211304
          ],
          [
            -0.403076171875,
            0.62255859375,
            0.6708984375,
            0.07830672711133957
          ]
        ]
      ],
      "t0_rotation_rmse": 2.9586141109466553,
      "t0_translation_rmse_100": 3.636718273162842
    },
    "stats_list": [
      {
        "psnr": 17.565349578857422,
        "distortion": 0.016617652028799057,
        "rotation_rmse": 0.8060393333435059,
        "translation_rmse_100": 0.7658944129943848,
        "t_final": [
          [
            [
              0.90625,
              0.1705322265625,
              0.386474609375,
              -0.3589155673980713
            ],
            [
              0.126220703125,
              0.763671875,
              -0.6328125,
              0.31888002157211304
            ],
            [
              -0.403076171875,
              0.62255859375,
              0.6708984375,
              0.07830672711133957
            ]
          ]
        ],
        "t0_rotation_rmse": 2.9586141109466553,
        "t0_translation_rmse_100": 3.636718273162842
      }
    ]
  },
  "horns_0_100_even_odd": {
    "best": {
      "psnr": 29.568889617919922,
      "distortion": 0.010652229189872742,
      "rotation_rmse": 0.00982500147074461,
      "translation_rmse_100": 0.0029161986894905567,
      "t_final": [
        [
          [
            0.85595703125,
            0.1358642578125,
            0.499267578125,
            -0.04389924928545952
          ],
          [
            0.03448486328125,
            0.94775390625,
            -0.31689453125,
            0.1288207769393921
          ],
          [
            -0.51611328125,
            0.28857421875,
            0.80615234375,
            -0.23752033710479736
          ]
        ]
      ],
      "t0_rotation_rmse": 1.2831549644470215,
      "t0_translation_rmse_100": 1.7415271997451782
    },
    "stats_list": [
      {
        "psnr": 29.568889617919922,
        "distortion": 0.010652229189872742,
        "rotation_rmse": 0.00982500147074461,
        "translation_rmse_100": 0.0029161986894905567,
        "t_final": [
          [
            [
              0.85595703125,
              0.1358642578125,
              0.499267578125,
              -0.04389924928545952
            ],
            [
              0.03448486328125,
              0.94775390625,
              -0.31689453125,
              0.1288207769393921
            ],
            [
              -0.51611328125,
              0.28857421875,
              0.80615234375,
              -0.23752033710479736
            ]
          ]
        ],
        "t0_rotation_rmse": 1.2831549644470215,
        "t0_translation_rmse_100": 1.7415271997451782
      }
    ]
  },
  "horns_30_70_even_odd": {
    "best": {
      "psnr": 26.661376953125,
      "distortion": 0.013192004524171352,
      "rotation_rmse": 0.015366223640739918,
      "translation_rmse_100": 0.009431741200387478,
      "t_final": [
        [
          [
            0.8564453125,
            0.1356201171875,
            0.4990234375,
            -0.04399628937244415
          ],
          [
            0.034698486328125,
            0.947265625,
            -0.317138671875,
            0.12877024710178375
          ],
          [
            -0.515625,
            0.288818359375,
            0.806640625,
            -0.23748114705085754
          ]
        ]
      ],
      "t0_rotation_rmse": 1.6391682624816895,
      "t0_translation_rmse_100": 1.609495997428894
    },
    "stats_list": [
      {
        "psnr": 26.661376953125,
        "distortion": 0.013192004524171352,
        "rotation_rmse": 0.015366223640739918,
        "translation_rmse_100": 0.009431741200387478,
        "t_final": [
          [
            [
              0.8564453125,
              0.1356201171875,
              0.4990234375,
              -0.04399628937244415
            ],
            [
              0.034698486328125,
              0.947265625,
              -0.317138671875,
              0.12877024710178375
            ],
            [
              -0.515625,
              0.288818359375,
              0.806640625,
              -0.23748114705085754
            ]
          ]
        ],
        "t0_rotation_rmse": 1.6391682624816895,