{
  "Fire_Hydrant_Low_Poly_06d5": {
    "best": {
      "psnr": 15.43278694152832,
      "distortion": 0.0010861665941774845,
      "rotation_rmse": 6.3120356920710385,
      "translation_rmse_100": 1.7808125019073486,
      "t_final": [
        [
          [
            -0.18505859375,
            0.9755859375,
            0.117919921875,
            0.1861625611782074
          ],
          [
            -0.76953125,
            -0.0692138671875,
            -0.634765625,
            0.11943081021308899
          ],
          [
            -0.611328125,
            -0.208251953125,
            0.763671875,
            -0.06851226836442947
          ]
        ]
      ],
      "t0_rotation_rmse": 7.833931526460006,
      "t0_translation_rmse_100": 0.32947808504104614
    },
    "stats_list": [
      {
        "psnr": 15.43278694152832,
        "distortion": 0.0010861665941774845,
        "rotation_rmse": 6.3120356920710385,
        "translation_rmse_100": 1.7808125019073486,
        "t_final": [
          [
            [
              -0.18505859375,
              0.9755859375,
              0.117919921875,
              0.1861625611782074
            ],
            [
              -0.76953125,
              -0.0692138671875,
              -0.634765625,
              0.11943081021308899
            ],
            [
              -0.611328125,
              -0.208251953125,
              0.763671875,
              -0.06851226836442947
            ]
          ]
        ],
        "t0_rotation_rmse": 7.833931526460006,
        "t0_translation_rmse_100": 0.32947808504104614
      }
    ]
  }
}