{
  "room_50_50": {
    "psnr": 30.118135452270508,
    "distortion": 0.006133947521448135,
    "rotation_rmse": 0.006251182407140732,
    "translation_rmse": 0.00015029773931019008,
    "t_final": [
      [
        [
          0.99853515625,
          0.0201263427734375,
          0.047821044921875,
          -0.1990230828523636
        ],
        [
          0.005535125732421875,
          0.875,
          -0.48388671875,
          0.1904716193675995
        ],
        [
          -0.05157470703125,
          0.4833984375,
          0.8740234375,
          0.4630410671234131
        ]
      ]
    ]
  }
}