{
  "26851W_Odeon_Lightab66": {
    "best": {
      "psnr": 11.756417274475098,
      "distortion": 0.0009039117721840739,
      "rotation_rmse": 136.98030285165092,
      "translation_rmse_100": 18.66701316833496,
      "t_final": [
        [
          [
            0.875,
            0.44775390625,
            -0.1856689453125,
            -0.12078149616718292
          ],
          [
            -0.286865234375,
            0.169189453125,
            -0.94287109375,
            0.01455099880695343
          ],
          [
            -0.390625,
            0.87841796875,
            0.2763671875,
            -0.4348372220993042
          ]
        ]
      ]
    },
    "stats_list": [
      {
        "psnr": 11.756417274475098,
        "distortion": 0.0009039117721840739,
        "rotation_rmse": 136.98030285165092,
        "translation_rmse_100": 18.66701316833496,
        "t_final": [
          [
            [
              0.875,
              0.44775390625,
              -0.1856689453125,
              -0.12078149616718292
            ],
            [
              -0.286865234375,
              0.169189453125,
              -0.94287109375,
              0.01455099880695343
            ],
            [
              -0.390625,
              0.87841796875,
              0.2763671875,
              -0.4348372220993042
            ]
          ]
        ]
      }
    ]
  }
}