{
  "Simply_Guitar14f8": {
    "best": {
      "psnr": 15.910629272460938,
      "distortion": 0.0011192609090358019,
      "rotation_rmse": 1.8425092501300107,
      "translation_rmse_100": 0.1922711730003357,
      "t_final": [
        [
          [
            0.67529296875,
            0.2181396484375,
            -0.7041015625,
            -0.12721064686775208
          ],
          [
            -0.467529296875,
            0.86572265625,
            -0.1802978515625,
            -0.02551647275686264
          ],
          [
            0.56982421875,
            0.451171875,
            0.6865234375,
            -0.03318937122821808
          ]
        ]
      ],
      "t0_rotation_rmse": 3.756427798244321,
      "t0_translation_rmse_100": 2.1194570064544678
    },
    "stats_list": [
      {
        "psnr": 15.910629272460938,
        "distortion": 0.0011192609090358019,
        "rotation_rmse": 1.8425092501300107,
        "translation_rmse_100": 0.1922711730003357,
        "t_final": [
          [
            [
              0.67529296875,
              0.2181396484375,
              -0.7041015625,
              -0.12721064686775208
            ],
            [
              -0.467529296875,
              0.86572265625,
              -0.1802978515625,
              -0.02551647275686264
            ],
            [
              0.56982421875,
              0.451171875,
              0.6865234375,
              -0.03318937122821808
            ]
          ]
        ],
        "t0_rotation_rmse": 3.756427798244321,
        "t0_translation_rmse_100": 2.1194570064544678
      }
    ]
  }
}