{
  "trex_0_100_even_odd": {
    "best": {
      "psnr": 12.174867630004883,
      "distortion": 0.16645072400569916,
      "rotation_rmse": 104.26580810546875,
      "translation_rmse_100": 40.13710403442383,
      "t_final": [
        [
          [
            0.11468505859375,
            -0.31982421875,
            0.9404296875,
            -0.30104362964630127
          ],
          [
            -0.97265625,
            -0.22998046875,
            0.04034423828125,
            -0.42009875178337097
          ],
          [
            0.20361328125,
            -0.9189453125,
            -0.33740234375,
            0.37478548288345337
          ]
        ]
      ],
      "t0_rotation_rmse": 103.52586364746094,
      "t0_translation_rmse_100": 39.51581954956055
    },
    "stats_list": [
      {
        "psnr": 12.174867630004883,
        "distortion": 0.16645072400569916,
        "rotation_rmse": 104.26580810546875,
        "translation_rmse_100": 40.13710403442383,
        "t_final": [
          [
            [
              0.11468505859375,
              -0.31982421875,
              0.9404296875,
              -0.30104362964630127
            ],
            [
              -0.97265625,
              -0.22998046875,
              0.04034423828125,
              -0.42009875178337097
            ],
            [
              0.20361328125,
              -0.9189453125,
              -0.33740234375,
              0.37478548288345337
            ]
          ]
        ],
        "t0_rotation_rmse": 103.52586364746094,
        "t0_translation_rmse_100": 39.51581954956055
      }
    ]
  }
}