{
  "fern_50_50": {
    "best": {
      "psnr": 21.505916595458984,
      "distortion": 0.01719045080244541,
      "rotation_rmse": 0.022474315017461777,
      "translation_rmse_100": 0.20981894433498383,
      "t_final": [
        [
          [
            0.91357421875,
            0.1807861328125,
            0.364501953125,
            -0.35783761739730835
          ],
          [
            0.1065673828125,
            0.75830078125,
            -0.64306640625,
            0.33091267943382263
          ],
          [
            -0.392578125,
            0.62646484375,
            0.67333984375,
            0.07432786375284195
          ]
        ]
      ]
    },
    "stats_list": [
      {
        "psnr": 21.505916595458984,
        "distortion": 0.01719045080244541,
        "rotation_rmse": 0.022474315017461777,
        "translation_rmse_100": 0.20981894433498383,
        "t_final": [
          [
            [
              0.91357421875,
              0.1807861328125,
              0.364501953125,
              -0.35783761739730835
            ],
            [
              0.1065673828125,
              0.75830078125,
              -0.64306640625,
              0.33091267943382263
            ],
            [
              -0.392578125,
              0.62646484375,
              0.67333984375,
              0.07432786375284195
            ]
          ]
        ]
      },
      {
        "psnr": 11.847762107849121,
        "distortion": 0.15253761410713196,
        "rotation_rmse": 19.29836082458496,
        "translation_rmse_100": 35.93170928955078,
        "t_final": [
          [
            [
              0.71826171875,
              -0.3369140625,
              0.6083984375,
              0.25082114338874817
            ],
            [
              0.49169921875,
              0.86474609375,
              -0.10198974609375,
              0.45888856053352356
            ],
            [
              -0.491943359375,
              0.37255859375,
              0.787109375,
              0.14375075697898865
            ]
          ]
        ]
      },
      {
        "psnr": 21.486669540405273,
        "distortion": 0.017147289589047432,
        "rotation_rmse": 0.027668535709381104,
        "translation_rmse_100": 0.19813647866249084,
        "t_final": [
          [
            [
              0.91357421875,
              0.180908203125,
              0.364501953125,
              -0.3576398491859436
            ],
            [
              0.10638427734375,
              0.75830078125,
              -0.64306640625,
              0.33083444833755493
            ],
            [
              -0.392822265625,
              0.6259765625,
              0.67333984375,
              0.07432509958744049
            ]
          ]
        ]
      }
    ]
  }
}