{
  "26851W_Odeon_Lightab66": {
    "best": {
      "psnr": 12.518141746520996,
      "distortion": 0.002379722660407424,
      "rotation_rmse": 27.99044708387308,
      "translation_rmse_100": 12.715120315551758,
      "t_final": [
        [
          [
            -0.9501953125,
            -0.06298828125,
            -0.305419921875,
            -0.06126255914568901
          ],
          [
            -0.309326171875,
            0.06866455078125,
            0.94873046875,
            -0.03625740110874176
          ],
          [
            -0.038726806640625,
            0.9951171875,
            -0.08465576171875,
            -0.42857059836387634
          ]
        ]
      ]
    },
    "stats_list": [
      {
        "psnr": 12.518141746520996,
        "distortion": 0.002379722660407424,
        "rotation_rmse": 27.99044708387308,
        "translation_rmse_100": 12.715120315551758,
        "t_final": [
          [
            [
              -0.9501953125,
              -0.06298828125,
              -0.305419921875,
              -0.06126255914568901
            ],
            [
              -0.309326171875,
              0.06866455078125,
              0.94873046875,
              -0.03625740110874176
            ],
            [
              -0.038726806640625,
              0.9951171875,
              -0.08465576171875,
              -0.42857059836387634
            ]
          ]
        ]
      }
    ]
  }
}