{
  "lion_30_70_even_odd": {
    "best": {
      "psnr": 30.87726402282715,
      "distortion": 0.0029611028730869293,
      "rotation_rmse": 0.10618109256029129,
      "translation_rmse_100": 0.06400731950998306,
      "t_final": [
        [
          [
            0.92041015625,
            -0.242431640625,
            0.306396484375,
            0.30467817187309265
          ],
          [
            0.3076171875,
            0.93310546875,
            -0.1854248046875,
            0.18368904292583466
          ],
          [
            -0.2410888671875,
            0.264892578125,
            0.93359375,
            -0.1179402768611908
          ]
        ]
      ],
      "t0_rotation_rmse": 2.9533848762512207,
      "t0_translation_rmse_100": 2.971428871154785
    },
    "stats_list": [
      {
        "psnr": 30.87726402282715,
        "distortion": 0.0029611028730869293,
        "rotation_rmse": 0.10618109256029129,
        "translation_rmse_100": 0.06400731950998306,
        "t_final": [
          [
            [
              0.92041015625,
              -0.242431640625,
              0.306396484375,
              0.30467817187309265
            ],
            [
              0.3076171875,
              0.93310546875,
              -0.1854248046875,
              0.18368904292583466
            ],
            [
              -0.2410888671875,
              0.264892578125,
              0.93359375,
              -0.1179402768611908
            ]
          ]
        ],
        "t0_rotation_rmse": 2.9533848762512207,
        "t0_translation_rmse_100": 2.971428871154785
      }
    ]
  },
  "table_30_70_even_odd": {
    "best": {
      "psnr": 26.222551345825195,
      "distortion": 0.0227477066218853,
      "rotation_rmse": 0.010269270278513432,
      "translation_rmse_100": 0.030089538544416428,
      "t_final": [
        [
          [
            0.98681640625,
            0.044158935546875,
            0.15673828125,
            -0.056580644100904465
          ],
          [
            0.01158905029296875,
            0.94091796875,
            -0.33837890625,
            0.15527549386024475
          ],
          [
            -0.162353515625,
            0.335693359375,
            0.92822265625,
            -0.18820269405841827
          ]
        ]
      ],
      "t0_rotation_rmse": 1.248037338256836,
      "t0_translation_rmse_100": 1.0841610431671143
    },
    "stats_list": [
      {
        "psnr": 26.222551345825195,
        "distortion": 0.0227477066218853,
        "rotation_rmse": 0.010269270278513432,
        "translation_rmse_100": 0.030089538544416428,
        "t_final": [
          [
            [
              0.98681640625,
              0.044158935546875,
              0.15673828125,
              -0.056580644100904465
            ],
            [
              0.01158905029296875,
              0.94091796875,
              -0.33837890625,
              0.15527549386024475
            ],
            [
              -0.162353515625,
              0.335693359375,
              0.92822265625,
              -0.18820269405841827
            ]
          ]
        ],
        "t0_rotation_rmse": 1.248037338256836,
        "t0_translation_rmse_100": 1.0841610431671143
      }
    ]
  }
}