{
  "fern_0_100_even_odd": {
    "best": {
      "psnr": 24.331846237182617,
      "distortion": 0.019325559958815575,
      "rotation_rmse": 0.02760118804872036,
      "translation_rmse_100": 0.03214418143033981,
      "t_final": [
        [
          [
            0.91357421875,
            0.18115234375,
            0.364501953125,
            -0.3544243276119232
          ],
          [
            0.10638427734375,
            0.75830078125,
            -0.64306640625,
            0.33110466599464417
          ],
          [
            -0.392822265625,
            0.62646484375,
            0.67333984375,
            0.07414256036281586
          ]
        ]
      ],
      "t0_rotation_rmse": 1.3997185230255127,
      "t0_translation_rmse_100": 0.9680689573287964
    },
    "stats_list": [
      {
        "psnr": 24.331846237182617,
        "distortion": 0.019325559958815575,
        "rotation_rmse": 0.02760118804872036,
        "translation_rmse_100": 0.03214418143033981,
        "t_final": [
          [
            [
              0.91357421875,
              0.18115234375,
              0.364501953125,
              -0.3544243276119232
            ],
            [
              0.10638427734375,
              0.75830078125,
              -0.64306640625,
              0.33110466599464417
            ],
            [
              -0.392822265625,
              0.62646484375,
              0.67333984375,
              0.07414256036281586
            ]
          ]
        ],
        "t0_rotation_rmse": 1.3997185230255127,
        "t0_translation_rmse_100": 0.9680689573287964
      }
    ]
  },
  "fern_30_70_even_odd": {
    "best": {
      "psnr": 21.202062606811523,
      "distortion": 0.017345162108540535,
      "rotation_rmse": 0.08911067247390747,
      "translation_rmse_100": 0.07243818044662476,
      "t_final": [
        [
          [
            0.91357421875,
            0.182373046875,
            0.363037109375,
            -0.3538164496421814
          ],
          [
            0.10467529296875,
            0.7578125,
            -0.6435546875,
            0.33182770013809204
          ],
          [
            -0.392822265625,
            0.62646484375,
            0.673828125,
            0.07424167543649673
          ]
        ]
      ],
      "t0_rotation_rmse": 5.611567974090576,
      "t0_translation_rmse_100": 9.61656379699707
    },
    "stats_list": [
      {
        "psnr": 21.202062606811523,
        "distortion": 0.017345162108540535,
        "rotation_rmse": 0.08911067247390747,
        "translation_rmse_100": 0.07243818044662476,
        "t_final": [
          [
            [
              0.91357421875,
              0.182373046875,
              0.363037109375,
              -0.3538164496421814
            ],
            [
              0.10467529296875,
              0.7578125,
              -0.6435546875,
              0.33182770013809204
            ],
            [
              -0.392822265625,
              0.62646484375,
              0.673828125,
              0.07424167543649673
            ]
          ]
        ],
        "t0_rotation_rmse": 5.611567974090576,
        "t0_translation_rmse_100": 9.61656379699707
      }
    ]
  },
  "fern_50_50": {
    "best": {
      "psnr": 21.398284912109375,
      "distortion": 0.0190567746758461,
      "rotation_rmse": 0.05450879782438278,
      "translation_rmse_100": 0.054411064833402634,
      "t_final": [
        [
          [
            0.91357421875,
            0.18115234375,
            0.36474609375,
            -0.3547956943511963
          ],
          [
            0.10595703125,
            0.7587890625,
            -0.642578125,
            0.33133119344711304
          ],
          [
            -0.39306640625,
            0.62548828125,
            0.673828125,
            0.07409530133008957
          ]
        ]
      ],
      "t0_rotation_rmse": 2.9586141109466553,
      "t0_translation_rmse_100": 3.636718273162842
    },
    "stats_list": [
      {
        "psnr": 21.398284912109375,
        "distortion": 0.0190567746758461,
        "rotation_rmse": 0.05450879782438278,
        "translation_rmse_100": 0.054411064833402634,
        "t_final": [
          [
            [
              0.91357421875,
              0.18115234375,
              0.36474609375,
              -0.3547956943511963
            ],
            [
              0.10595703125,
              0.7587890625,
              -0.642578125,
              0.33133119344711304
            ],
            [
              -0.39306640625,
              0.62548828125,
              0.673828125,
              0.07409530133008957
            ]
          ]
        ],
        "t0_rotation_rmse": 2.9586141109466553,
        "t0_translation_rmse_100": 3.636718273162842
      }
    ]
  },
  "horns_0_100_even_odd": {
    "best": {
      "psnr": 29.08840560913086,
      "distortion": 0.010518547147512436,
      "rotation_rmse": 0.015205074101686478,
      "translation_rmse_100": 0.007824772037565708,
      "t_final": [
        [
          [
            0.85546875,
            0.1361083984375,
            0.499267578125,
            -0.04393739625811577
          ],
          [
            0.034149169921875,
            0.94775390625,
            -0.317138671875,
            0.1289581060409546
          ],
          [
            -0.51611328125,
            0.288330078125,
            0.80615234375,
            -0.23758137226104736
          ]
        ]
      ],
      "t0_rotation_rmse": 1.2831549644470215,
      "t0_translation_rmse_100": 1.7415271997451782
    },
    "stats_list": [
      {
        "psnr": 29.08840560913086,
        "distortion": 0.010518547147512436,
        "rotation_rmse": 0.015205074101686478,
        "translation_rmse_100": 0.007824772037565708,
        "t_final": [
          [
            [
              0.85546875,
              0.1361083984375,
              0.499267578125,
              -0.04393739625811577
            ],
            [
              0.034149169921875,
              0.94775390625,
              -0.317138671875,
              0.1289581060409546
            ],
            [
              -0.51611328125,
              0.288330078125,
              0.80615234375,
              -0.23758137226104736
            ]
          ]
        ],
        "t0_rotation_rmse": 1.2831549644470215,
        "t0_translation_rmse_100": 1.7415271997451782
      }
    ]
  },
  "horns_30_70_even_odd": {
    "best": {
      "psnr": 26.777427673339844,
      "distortion": 0.015587578527629375,
      "rotation_rmse": 0.012731676921248436,
      "translation_rmse_100": 0.0179273784160614,
      "t_final": [
        [
          [
            0.85595703125,
            0.1361083984375,
            0.499267578125,
            -0.04414887726306915
          ],
          [
            0.0343017578125,
            0.947265625,
            -0.317138671875,
            0.12874163687229156
          ],
          [
            -0.51611328125,
            0.28857421875,
            0.80615234375,
            -0.2374735176563263
          ]
        ]
      ],
      "t0_rotation_rmse": 1.6391682624816895,
      "t0_translation_rmse_100": 1.609495997428894
    },
    "stats_list": [
      {
        "psnr": 26.777427673339844,
        "distortion": 0.015587578527629375,
        "rotation_rmse": 0.012731676921248436,
        "translation_rmse_100": 0.0179273784160614,
        "t_final": [
          [
            [
              0.85595703125,
              0.1361083984375,
              0.499267578125,
              -0.04414887726306915
            ],
            [
              0.0343017578125,
              0.947265625,
              -0.317138671875,
              0.12874163687229156
            ],
            [
              -0.51611328125,
              0.28857421875,
              0.80615234375,
              -0.2374735176563263
            ]
          ]
        ],