{
  "trex_0_100_even_odd": {
    "best": {
      "psnr": 28.224422454833984,
      "distortion": 0.016552459448575974,
      "rotation_rmse": 0.020824739709496498,
      "translation_rmse_100": 0.011256830766797066,
      "t_final": [
        [
          [
            0.79052734375,
            -0.0794677734375,
            0.607421875,
            -0.24750855565071106
          ],
          [
            0.35693359375,
            0.865234375,
            -0.351806640625,
            -0.06822845339775085
          ],
          [
            -0.497314453125,
            0.494873046875,
            0.7119140625,
            -0.19743835926055908
          ]
        ]
      ],
      "t0_rotation_rmse": 2.574037551879883,
      "t0_translation_rmse_100": 2.68068790435791
    },
    "stats_list": [
      {
        "psnr": 28.224422454833984,
        "distortion": 0.016552459448575974,
        "rotation_rmse": 0.020824739709496498,
        "translation_rmse_100": 0.011256830766797066,
        "t_final": [
          [
            [
              0.79052734375,
              -0.0794677734375,
              0.607421875,
              -0.24750855565071106
            ],
            [
              0.35693359375,
              0.865234375,
              -0.351806640625,
              -0.06822845339775085
            ],
            [
              -0.497314453125,
              0.494873046875,
              0.7119140625,
              -0.19743835926055908
            ]
          ]
        ],
        "t0_rotation_rmse": 2.574037551879883,
        "t0_translation_rmse_100": 2.68068790435791
      }
    ]
  }
}