{
  "Simply_Guitar14f8": {
    "best": {
      "psnr": 15.827889442443848,
      "distortion": 0.0010808968218043447,
      "rotation_rmse": 1.3374230600053165,
      "translation_rmse_100": 18.168107986450195,
      "t_final": [
        [
          [
            0.67529296875,
            0.2176513671875,
            -0.70458984375,
            -0.12771418690681458
          ],
          [
            -0.467041015625,
            0.86572265625,
            -0.1805419921875,
            -0.02496715635061264
          ],
          [
            0.5703125,
            0.450927734375,
            0.6865234375,
            -0.03193815052509308
          ]
        ]
      ],
      "t0_rotation_rmse": 3.756368789367759,
      "t0_translation_rmse_100": 9.234442710876465
    },
    "stats_list": [
      {
        "psnr": 15.827889442443848,
        "distortion": 0.0010808968218043447,
        "rotation_rmse": 1.3374230600053165,
        "translation_rmse_100": 18.168107986450195,
        "t_final": [
          [
            [
              0.67529296875,
              0.2176513671875,
              -0.70458984375,
              -0.12771418690681458
            ],
            [
              -0.467041015625,
              0.86572265625,
              -0.1805419921875,
              -0.02496715635061264
            ],
            [
              0.5703125,
              0.450927734375,
              0.6865234375,
              -0.03193815052509308
            ]
          ]
        ],
        "t0_rotation_rmse": 3.756368789367759,
        "t0_translation_rmse_100": 9.234442710876465
      }
    ]
  }
}