{
  "fern_50_50": {
    "psnr": 21.81393051147461,
    "distortion": 0.01903807371854782,
    "rotation_rmse": 0.0773930624127388,
    "translation_rmse": 0.0007553079631179571,
    "t_final": [
      [
        [
          0.9140625,
          0.1805419921875,
          0.36376953125,
          -0.3545379936695099
        ],
        [
          0.1058349609375,
          0.75927734375,
          -0.642578125,
          0.33110499382019043
        ],
        [
          -0.39208984375,
          0.62548828125,
          0.67431640625,
          0.07319482415914536
        ]
      ]
    ]
  }
}