{
  "horns_0_100_even_odd": {
    "best": {
      "psnr": 25.060705184936523,
      "distortion": 0.02373271994292736,
      "rotation_rmse": 0.021228032186627388,
      "translation_rmse_100": 0.09400791674852371,
      "t_final": [
        [
          [
            0.8564453125,
            0.135986328125,
            0.498291015625,
            -0.04549308493733406
          ],
          [
            0.03411865234375,
            0.94775390625,
            -0.3173828125,
            0.12882006168365479
          ],
          [
            -0.515625,
            0.288818359375,
            0.806640625,
            -0.23755864799022675
          ]
        ]
      ]
    },
    "stats_list": [
      {
        "psnr": 11.62215518951416,
        "distortion": 0.2296314686536789,
        "rotation_rmse": 20.143152236938477,
        "translation_rmse_100": 57.24860382080078,
        "t_final": [
          [
            [
              0.95654296875,
              -0.207275390625,
              0.2037353515625,
              0.5616689920425415
            ],
            [
              0.285888671875,
              0.796875,
              -0.5322265625,
              0.5505767464637756
            ],
            [
              -0.052032470703125,
              0.5673828125,
              0.82177734375,
              0.4248216152191162
            ]
          ]
        ]
      },
      {
        "psnr": 25.060705184936523,
        "distortion": 0.02373271994292736,
        "rotation_rmse": 0.021228032186627388,
        "translation_rmse_100": 0.09400791674852371,
        "t_final": [
          [
            [
              0.8564453125,
              0.135986328125,
              0.498291015625,
              -0.04549308493733406
            ],
            [
              0.03411865234375,
              0.94775390625,
              -0.3173828125,
              0.12882006168365479
            ],
            [
              -0.515625,
              0.288818359375,
              0.806640625,
              -0.23755864799022675
            ]
          ]
        ]
      },
      {
        "psnr": 11.560264587402344,
        "distortion": 0.11360704898834229,
        "rotation_rmse": 24.272544860839844,
        "translation_rmse_100": 15.56829833984375,
        "t_final": [
          [
            [
              0.82763671875,
              -0.53271484375,
              0.17724609375,
              -0.15430642664432526
            ],
            [
              0.55615234375,
              0.8212890625,
              -0.1260986328125,
              0.3286082148551941
            ],
            [
              -0.078369140625,
              0.202880859375,
              0.97607421875,
              -0.09394737333059311
            ]
          ]
        ]
      }
    ]
  }
}