{
  "4b05": {
    "best": {
      "psnr": 10.41491413116455,
      "distortion": 0.004296340048313141,
      "rotation_rmse": 86.77492656686223,
      "translation_rmse_100": 18.6438045501709,
      "t_final": [
        [
          [
            -0.9609375,
            -0.1812744140625,
            0.2100830078125,
            -0.21321050822734833
          ],
          [
            0.2310791015625,
            -0.10223388671875,
            0.9677734375,
            -0.2014276385307312
          ],
          [
            -0.15380859375,
            0.97802734375,
            0.139892578125,
            -0.1406726986169815
          ]
        ]
      ],
      "t0_rotation_rmse": 69.6992071178181,
      "t0_translation_rmse_100": 21.8969783782959
    },
    "stats_list": [
      {
        "psnr": 10.41491413116455,
        "distortion": 0.004296340048313141,
        "rotation_rmse": 86.77492656686223,
        "translation_rmse_100": 18.6438045501709,
        "t_final": [
          [
            [
              -0.9609375,
              -0.1812744140625,
              0.2100830078125,
              -0.21321050822734833
            ],
            [
              0.2310791015625,
              -0.10223388671875,
              0.9677734375,
              -0.2014276385307312
            ],
            [
              -0.15380859375,
              0.97802734375,
              0.139892578125,
              -0.1406726986169815
            ]
          ]
        ],
        "t0_rotation_rmse": 69.6992071178181,
        "t0_translation_rmse_100": 21.8969783782959
      }
    ]
  }
}