{
  "lion_30_70_even_odd": {
    "best": {
      "psnr": 32.13604736328125,
      "distortion": 0.002321064006537199,
      "rotation_rmse": 0.0845164805650711,
      "translation_rmse_100": 0.05757628381252289,
      "t_final": [
        [
          [
            0.92138671875,
            -0.2406005859375,
            0.30712890625,
            0.30509015917778015
          ],
          [
            0.3056640625,
            0.9345703125,
            -0.1849365234375,
            0.18313972651958466
          ],
          [
            -0.242431640625,
            0.26416015625,
            0.93359375,
            -0.1181538999080658
          ]
        ]
      ],
      "t0_rotation_rmse": 2.9533848762512207,
      "t0_translation_rmse_100": 2.971428871154785
    },
    "stats_list": [
      {
        "psnr": 32.13604736328125,
        "distortion": 0.002321064006537199,
        "rotation_rmse": 0.0845164805650711,
        "translation_rmse_100": 0.05757628381252289,
        "t_final": [
          [
            [
              0.92138671875,
              -0.2406005859375,
              0.30712890625,
              0.30509015917778015
            ],
            [
              0.3056640625,
              0.9345703125,
              -0.1849365234375,
              0.18313972651958466
            ],
            [
              -0.242431640625,
              0.26416015625,
              0.93359375,
              -0.1181538999080658
            ]
          ]
        ],
        "t0_rotation_rmse": 2.9533848762512207,
        "t0_translation_rmse_100": 2.971428871154785
      }
    ]
  },
  "table_30_70_even_odd": {
    "best": {
      "psnr": 24.7413330078125,
      "distortion": 0.029515329748392105,
      "rotation_rmse": 0.02108154445886612,
      "translation_rmse_100": 0.05290724337100983,
      "t_final": [
        [
          [
            0.98681640625,
            0.0443115234375,
            0.1571044921875,
            -0.056855302304029465
          ],
          [
            0.01158905029296875,
            0.94091796875,
            -0.338134765625,
            0.15525832772254944
          ],
          [
            -0.1629638671875,
            0.33544921875,
            0.927734375,
            -0.18852312862873077
          ]
        ]
      ],
      "t0_rotation_rmse": 1.248037338256836,
      "t0_translation_rmse_100": 1.0841610431671143
    },
    "stats_list": [
      {
        "psnr": 24.7413330078125,
        "distortion": 0.029515329748392105,
        "rotation_rmse": 0.02108154445886612,
        "translation_rmse_100": 0.05290724337100983,
        "t_final": [
          [
            [
              0.98681640625,
              0.0443115234375,
              0.1571044921875,
              -0.056855302304029465
            ],
            [
              0.01158905029296875,
              0.94091796875,
              -0.338134765625,
              0.15525832772254944
            ],
            [
              -0.1629638671875,
              0.33544921875,
              0.927734375,
              -0.18852312862873077
            ]
          ]
        ],
        "t0_rotation_rmse": 1.248037338256836,
        "t0_translation_rmse_100": 1.0841610431671143
      }
    ]
  }
}