{
  "fern_0_100_even_odd": {
    "psnr": 23.273401260375977,
    "distortion": 0.01930793933570385,
    "rotation_rmse": 0.04304336756467819,
    "translation_rmse": 0.000371379719581455,
    "t_final": [
      [
        [
          0.91357421875,
          0.1807861328125,
          0.36474609375,
          -0.35423263907432556
        ],
        [
          0.10638427734375,
          0.7587890625,
          -0.642578125,
          0.33103856444358826
        ],
        [
          -0.39306640625,
          0.62548828125,
          0.673828125,
          0.07386728376150131
        ]
      ]
    ]
  }
}