{
  "fern_0_100_even_odd": {
    "best": {
      "psnr": 11.305511474609375,
      "distortion": 0.15670408308506012,
      "rotation_rmse": 100.02484130859375,
      "translation_rmse_100": 57.1310920715332,
      "t_final": [
        [
          [
            0.07769775390625,
            0.9326171875,
            0.35302734375,
            -0.45628881454467773
          ],
          [
            0.341796875,
            -0.357666015625,
            0.86865234375,
            1.3142220973968506
          ],
          [
            0.9365234375,
            0.0531005859375,
            -0.346435546875,
            0.11105673015117645
          ]
        ]
      ],
      "t0_rotation_rmse": 100.56291198730469,
      "t0_translation_rmse_100": 62.061607360839844
    },
    "stats_list": [
      {
        "psnr": 11.305511474609375,
        "distortion": 0.15670408308506012,
        "rotation_rmse": 100.02484130859375,
        "translation_rmse_100": 57.1310920715332,
        "t_final": [
          [
            [
              0.07769775390625,
              0.9326171875,
              0.35302734375,
              -0.45628881454467773
            ],
            [
              0.341796875,
              -0.357666015625,
              0.86865234375,
              1.3142220973968506
            ],
            [
              0.9365234375,
              0.0531005859375,
              -0.346435546875,
              0.11105673015117645
            ]
          ]
        ],
        "t0_rotation_rmse": 100.56291198730469,
        "t0_translation_rmse_100": 62.061607360839844
      }
    ]
  }
}