{
  "room_30_70_even_odd": {
    "best": {
      "psnr": 28.293010711669922,
      "distortion": 0.009899950586259365,
      "rotation_rmse": 0.018818607553839684,
      "translation_rmse_100": 0.14757391810417175,
      "t_final": [
        [
          [
            0.99853515625,
            0.0199127197265625,
            0.04840087890625,
            -0.20176230370998383
          ],
          [
            0.0059967041015625,
            0.875,
            -0.483642578125,
            0.1900617629289627
          ],
          [
            -0.052001953125,
            0.4833984375,
            0.8740234375,
            0.4632585942745209
          ]
        ]
      ]
    },
    "stats_list": [
      {
        "psnr": 12.937023162841797,
        "distortion": 0.2043548971414566,
        "rotation_rmse": 33.57661437988281,
        "translation_rmse_100": 30.622190475463867,
        "t_final": [
          [
            [
              0.55859375,
              -0.77490234375,
              0.295166015625,
              0.3062189817428589
            ],
            [
              0.7587890625,
              0.333984375,
              -0.5595703125,
              0.3288384675979614
            ],
            [
              0.334716796875,
              0.53662109375,
              0.7744140625,
              0.5446159243583679
            ]
          ]
        ]
      },
      {
        "psnr": 12.85627269744873,
        "distortion": 0.2051147073507309,
        "rotation_rmse": 26.78022003173828,
        "translation_rmse_100": 70.59182739257812,
        "t_final": [
          [
            [
              0.71435546875,
              -0.63427734375,
              0.2958984375,
              0.5670031905174255
            ],
            [
              0.6640625,
              0.47998046875,
              -0.5732421875,
              -0.13073821365833282
            ],
            [
              0.2216796875,
              0.60595703125,
              0.76416015625,
              -0.43403321504592896
            ]
          ]
        ]
      },
      {
        "psnr": 28.293010711669922,
        "distortion": 0.009899950586259365,
        "rotation_rmse": 0.018818607553839684,
        "translation_rmse_100": 0.14757391810417175,
        "t_final": [
          [
            [
              0.99853515625,
              0.0199127197265625,
              0.04840087890625,
              -0.20176230370998383
            ],
            [
              0.0059967041015625,
              0.875,
              -0.483642578125,
              0.1900617629289627
            ],
            [
              -0.052001953125,
              0.4833984375,
              0.8740234375,
              0.4632585942745209
            ]
          ]
        ]
      }
    ]
  }
}