{
  "horns_30_70_even_odd": {
    "psnr": 28.721914291381836,
    "distortion": 0.01127263717353344,
    "rotation_rmse": 0.02185683324933052,
    "translation_rmse": 0.00030087234335951507,
    "t_final": [
      [
        [
          0.85595703125,
          0.1365966796875,
          0.4990234375,
          -0.044378768652677536
        ],
        [
          0.033905029296875,
          0.94775390625,
          -0.3173828125,
          0.12883229553699493
        ],
        [
          -0.51611328125,
          0.28857421875,
          0.80615234375,
          -0.23743729293346405
        ]
      ]
    ]
  }
}