{
  "room_30_70_even_odd": {
    "psnr": 30.604726791381836,
    "distortion": 0.009053938090801239,
    "rotation_rmse": 0.011863668449223042,
    "translation_rmse": 0.00020918923837598413,
    "t_final": [
      [
        [
          0.99853515625,
          0.020294189453125,
          0.048004150390625,
          -0.19943058490753174
        ],
        [
          0.005458831787109375,
          0.875,
          -0.483642578125,
          0.1905473917722702
        ],
        [
          -0.05181884765625,
          0.4833984375,
          0.8740234375,
          0.4632772207260132
        ]
      ]
    ]
  }
}