{
  "trex_0_100_even_odd": {
    "best": {
      "psnr": 21.92900276184082,
      "distortion": 0.022048315033316612,
      "rotation_rmse": 0.0046772342175245285,
      "translation_rmse_100": 0.030297180637717247,
      "t_final": [
        [
          [
            0.79052734375,
            -0.0789794921875,
            0.60693359375,
            -0.2481945902109146
          ],
          [
            0.356689453125,
            0.86572265625,
            -0.35205078125,
            -0.06828732043504715
          ],
          [
            -0.49755859375,
            0.494873046875,
            0.71240234375,
            -0.19736340641975403
          ]
        ]
      ],
      "t0_rotation_rmse": 3.1320412158966064,
      "t0_translation_rmse_100": 2.958202838897705
    },
    "stats_list": [
      {
        "psnr": 21.92900276184082,
        "distortion": 0.022048315033316612,
        "rotation_rmse": 0.0046772342175245285,
        "translation_rmse_100": 0.030297180637717247,
        "t_final": [
          [
            [
              0.79052734375,
              -0.0789794921875,
              0.60693359375,
              -0.2481945902109146
            ],
            [
              0.356689453125,
              0.86572265625,
              -0.35205078125,
              -0.06828732043504715
            ],
            [
              -0.49755859375,
              0.494873046875,
              0.71240234375,
              -0.19736340641975403
            ]
          ]
        ],
        "t0_rotation_rmse": 3.1320412158966064,
        "t0_translation_rmse_100": 2.958202838897705
      }
    ]
  }
}