{
  "fern_0_100_even_odd": {
    "best": {
      "psnr": 24.403034210205078,
      "distortion": 0.017087796702980995,
      "rotation_rmse": 0.013195851817727089,
      "translation_rmse_100": 0.030029328539967537,
      "t_final": [
        [
          [
            0.91357421875,
            0.180419921875,
            0.36474609375,
            -0.35433658957481384
          ],
          [
            0.10693359375,
            0.75830078125,
            -0.64306640625,
            0.33079949021339417
          ],
          [
            -0.392578125,
            0.62646484375,
            0.67333984375,
            0.07389460504055023
          ]
        ]
      ],
      "t0_rotation_rmse": 1.3997185230255127,
      "t0_translation_rmse_100": 0.9680689573287964
    },
    "stats_list": [
      {
        "psnr": 24.403034210205078,
        "distortion": 0.017087796702980995,
        "rotation_rmse": 0.013195851817727089,
        "translation_rmse_100": 0.030029328539967537,
        "t_final": [
          [
            [
              0.91357421875,
              0.180419921875,
              0.36474609375,
              -0.35433658957481384
            ],
            [
              0.10693359375,
              0.75830078125,
              -0.64306640625,
              0.33079949021339417
            ],
            [
              -0.392578125,
              0.62646484375,
              0.67333984375,
              0.07389460504055023
            ]
          ]
        ],
        "t0_rotation_rmse": 1.3997185230255127,
        "t0_translation_rmse_100": 0.9680689573287964
      }
    ]
  },
  "fern_30_70_even_odd": {
    "best": {
      "psnr": 20.926849365234375,
      "distortion": 0.017383240163326263,
      "rotation_rmse": 0.06497826427221298,
      "translation_rmse_100": 0.06435343623161316,
      "t_final": [
        [
          [
            0.9140625,
            0.1800537109375,
            0.363525390625,
            -0.35390037298202515
          ],
          [
            0.1064453125,
            0.75830078125,
            -0.64306640625,
            0.33085113763809204
          ],
          [
            -0.391357421875,
            0.62646484375,
            0.67431640625,
            0.07332614809274673
          ]
        ]
      ],
      "t0_rotation_rmse": 5.611567974090576,
      "t0_translation_rmse_100": 9.61656379699707
    },
    "stats_list": [
      {
        "psnr": 20.926849365234375,
        "distortion": 0.017383240163326263,
        "rotation_rmse": 0.06497826427221298,
        "translation_rmse_100": 0.06435343623161316,
        "t_final": [
          [
            [
              0.9140625,
              0.1800537109375,
              0.363525390625,
              -0.35390037298202515
            ],
            [
              0.1064453125,
              0.75830078125,
              -0.64306640625,
              0.33085113763809204
            ],
            [
              -0.391357421875,
              0.62646484375,
              0.67431640625,
              0.07332614809274673
            ]
          ]
        ],
        "t0_rotation_rmse": 5.611567974090576,
        "t0_translation_rmse_100": 9.61656379699707
      }
    ]
  },
  "fern_50_50": {
    "best": {
      "psnr": 21.301626205444336,
      "distortion": 0.01725762151181698,
      "rotation_rmse": 0.02756333351135254,
      "translation_rmse_100": 0.056629978120326996,
      "t_final": [
        [
          [
            0.91357421875,
            0.1810302734375,
            0.36474609375,
            -0.3550703525543213
          ],
          [
            0.10638427734375,
            0.75830078125,
            -0.64306640625,
            0.33102601766586304
          ],
          [
            -0.392822265625,
            0.6259765625,
            0.67333984375,
            0.07408767193555832
          ]
        ]
      ],
      "t0_rotation_rmse": 2.9586141109466553,
      "t0_translation_rmse_100": 3.636718273162842
    },
    "stats_list": [
      {
        "psnr": 21.301626205444336,
        "distortion": 0.01725762151181698,
        "rotation_rmse": 0.02756333351135254,
        "translation_rmse_100": 0.056629978120326996,
        "t_final": [
          [
            [
              0.91357421875,
              0.1810302734375,
              0.36474609375,
              -0.3550703525543213
            ],
            [
              0.10638427734375,
              0.75830078125,
              -0.64306640625,
              0.33102601766586304
            ],
            [
              -0.392822265625,
              0.6259765625,
              0.67333984375,
              0.07408767193555832
            ]
          ]
        ],
        "t0_rotation_rmse": 2.9586141109466553,
        "t0_translation_rmse_100": 3.636718273162842
      }
    ]
  },
  "horns_0_100_even_odd": {
    "best": {
      "psnr": 29.17375946044922,
      "distortion": 0.011058666743338108,
      "rotation_rmse": 0.015364308841526508,
      "translation_rmse_100": 0.004566059447824955,
      "t_final": [
        [
          [
            0.85595703125,
            0.1358642578125,
            0.498779296875,
            -0.04389161989092827
          ],
          [
            0.03424072265625,
            0.94775390625,
            -0.31689453125,
            0.1288207769393921
          ],
          [
            -0.515625,
            0.288330078125,
            0.806640625,
            -0.2375890016555786
          ]
        ]
      ],
      "t0_rotation_rmse": 1.2831549644470215,
      "t0_translation_rmse_100": 1.7415271997451782
    },
    "stats_list": [
      {
        "psnr": 29.17375946044922,
        "distortion": 0.011058666743338108,
        "rotation_rmse": 0.015364308841526508,
        "translation_rmse_100": 0.004566059447824955,
        "t_final": [
          [
            [
              0.85595703125,
              0.1358642578125,
              0.498779296875,
              -0.04389161989092827
            ],
            [
              0.03424072265625,
              0.94775390625,
              -0.31689453125,
              0.1288207769393921
            ],
            [
              -0.515625,
              0.288330078125,
              0.806640625,
              -0.2375890016555786
            ]
          ]
        ],
        "t0_rotation_rmse": 1.2831549644470215,
        "t0_translation_rmse_100": 1.7415271997451782
      }
    ]
  },
  "horns_30_70_even_odd": {
    "best": {
      "psnr": 26.339221954345703,
      "distortion": 0.01376456767320633,
      "rotation_rmse": 0.020270926877856255,
      "translation_rmse_100": 0.008159704506397247,
      "t_final": [
        [
          [
            0.8564453125,
            0.13525390625,
            0.498779296875,
            -0.04376740753650665
          ],
          [
            0.034759521484375,
            0.947265625,
            -0.31689453125,
            0.1289590746164322
          ],
          [
            -0.515625,
            0.28857421875,
            0.806640625,
            -0.23751166462898254
          ]
        ]
      ],
      "t0_rotation_rmse": 1.6391682624816895,
      "t0_translation_rmse_100": 1.609495997428894
    },
    "stats_list": [
      {
        "psnr": 26.339221954345703,
        "distortion": 0.01376456767320633,
        "rotation_rmse": 0.020270926877856255,
        "translation_rmse_100": 0.008159704506397247,
        "t_final": [
          [
            [
              0.8564453125,
              0.13525390625,
              0.498779296875,
              -0.04376740753650665
            ],
            [
              0.034759521484375,
              0.947265625,
              -0.31689453125,
              0.1289590746164322
            ],
            [
              -0.515625,
              0.28857421875,
              0.806640625,
              -0.23751166462898254
            ]
          ]
        ],
        "t0_rotation_rmse": 1.6391682624816895,