{
  "trex_30_70_even_odd": {
    "best": {
      "psnr": 11.596341133117676,
      "distortion": 0.17100074887275696,
      "rotation_rmse": 16.204030990600586,
      "translation_rmse_100": 50.366943359375,
      "t_final": [
        [
          [
            0.53564453125,
            -0.55224609375,
            0.638671875,
            0.1368296593427658
          ],
          [
            0.6259765625,
            0.767578125,
            0.138671875,
            0.6491541266441345
          ],
          [
            -0.56689453125,
            0.325439453125,
            0.7568359375,
            0.11628586053848267
          ]
        ]
      ]
    },
    "stats_list": [
      {
        "psnr": 11.595479011535645,
        "distortion": 0.1583881974220276,
        "rotation_rmse": 27.1505126953125,
        "translation_rmse_100": 26.378271102905273,
        "t_final": [
          [
            [
              0.701171875,
              -0.6328125,
              0.32763671875,
              -0.4612630009651184
            ],
            [
              0.470947265625,
              0.7568359375,
              0.45361328125,
              0.3126569390296936
            ],
            [
              -0.53515625,
              -0.163818359375,
              0.82861328125,
              -0.06336400657892227
            ]
          ]
        ]
      },
      {
        "psnr": 11.44564437866211,
        "distortion": 0.1493087261915207,
        "rotation_rmse": 16.326078414916992,
        "translation_rmse_100": 39.538177490234375,
        "t_final": [
          [
            [
              0.9091796875,
              -0.30908203125,
              0.27978515625,
              0.2939634323120117
            ],
            [
              0.35302734375,
              0.927734375,
              -0.12188720703125,
              0.005124884191900492
            ],
            [
              -0.221923828125,
              0.2095947265625,
              0.9521484375,
              0.21512377262115479
            ]
          ]
        ]
      },
      {
        "psnr": 11.596341133117676,
        "distortion": 0.17100074887275696,
        "rotation_rmse": 16.204030990600586,
        "translation_rmse_100": 50.366943359375,
        "t_final": [
          [
            [
              0.53564453125,
              -0.55224609375,
              0.638671875,
              0.1368296593427658
            ],
            [
              0.6259765625,
              0.767578125,
              0.138671875,
              0.6491541266441345
            ],
            [
              -0.56689453125,
              0.325439453125,
              0.7568359375,
              0.11628586053848267
            ]
          ]
        ]
      }
    ]
  }
}