{
  "trex_0_100_even_odd": {
    "best": {
      "psnr": 28.83552360534668,
      "distortion": 0.014027787372469902,
      "rotation_rmse": 0.007183507550507784,
      "translation_rmse_100": 0.014723486267030239,
      "t_final": [
        [
          [
            0.791015625,
            -0.078857421875,
            0.60693359375,
            -0.2479248046875
          ],
          [
            0.3564453125,
            0.865234375,
            -0.35205078125,
            -0.06829833984375
          ],
          [
            -0.49755859375,
            0.494873046875,
            0.71240234375,
            -0.1973876953125
          ]
        ]
      ]
    },
    "stats_list": [
      {
        "psnr": 28.83552360534668,
        "distortion": 0.014027787372469902,
        "rotation_rmse": 0.007183507550507784,
        "translation_rmse_100": 0.014723486267030239,
        "t_final": [
          [
            [
              0.791015625,
              -0.078857421875,
              0.60693359375,
              -0.2479248046875
            ],
            [
              0.3564453125,
              0.865234375,
              -0.35205078125,
              -0.06829833984375
            ],
            [
              -0.49755859375,
              0.494873046875,
              0.71240234375,
              -0.1973876953125
            ]
          ]
        ]
      }
    ]
  }
}