{
  "horns_0_100_even_odd": {
    "psnr": 26.643953323364258,
    "distortion": 0.028867291286587715,
    "rotation_rmse": 0.012102019041776657,
    "translation_rmse": 0.00018635117157828063,
    "t_final": [
      [
        [
          0.85546875,
          0.135986328125,
          0.499267578125,
          -0.04411063343286514
        ],
        [
          0.034332275390625,
          0.94775390625,
          -0.317138671875,
          0.12874995172023773
        ],
        [
          -0.51611328125,
          0.28857421875,
          0.80615234375,
          -0.23734432458877563
        ]
      ]
    ]
  }
}