{
  "4b05": {
    "best": {
      "psnr": 16.335397720336914,
      "distortion": 0.0017382672522217035,
      "rotation_rmse": 0.02562345176980362,
      "translation_rmse_100": 2.6566197872161865,
      "t_final": [
        [
          [
            -0.282958984375,
            -0.486328125,
            0.82666015625,
            -0.0533386692404747
          ],
          [
            0.7080078125,
            -0.68798828125,
            -0.162109375,
            0.07703903317451477
          ],
          [
            0.6474609375,
            0.5390625,
            0.53857421875,
            0.07778279483318329
          ]
        ]
      ],
      "t0_rotation_rmse": 14.941360631865022,
      "t0_translation_rmse_100": 1.2650182247161865
    },
    "stats_list": [
      {
        "psnr": 16.335397720336914,
        "distortion": 0.0017382672522217035,
        "rotation_rmse": 0.02562345176980362,
        "translation_rmse_100": 2.6566197872161865,
        "t_final": [
          [
            [
              -0.282958984375,
              -0.486328125,
              0.82666015625,
              -0.0533386692404747
            ],
            [
              0.7080078125,
              -0.68798828125,
              -0.162109375,
              0.07703903317451477
            ],
            [
              0.6474609375,
              0.5390625,
              0.53857421875,
              0.07778279483318329
            ]
          ]
        ],
        "t0_rotation_rmse": 14.941360631865022,
        "t0_translation_rmse_100": 1.2650182247161865
      }
    ]
  }
}