{
  "4b05": {
    "best": {
      "psnr": 16.948400497436523,
      "distortion": 0.0017133359797298908,
      "rotation_rmse": 0.8793174104945162,
      "translation_rmse_100": 2.4824655055999756,
      "t_final": [
        [
          [
            -0.282470703125,
            -0.492431640625,
            0.8232421875,
            -0.051597125828266144
          ],
          [
            0.7099609375,
            -0.68408203125,
            -0.165771484375,
            0.08029163628816605
          ],
          [
            0.64501953125,
            0.53759765625,
            0.54345703125,
            0.07037089020013809
          ]
        ]
      ],
      "t0_rotation_rmse": 13.548317201996237,
      "t0_translation_rmse_100": 0.6974660158157349
    },
    "stats_list": [
      {
        "psnr": 16.948400497436523,
        "distortion": 0.0017133359797298908,
        "rotation_rmse": 0.8793174104945162,
        "translation_rmse_100": 2.4824655055999756,
        "t_final": [
          [
            [
              -0.282470703125,
              -0.492431640625,
              0.8232421875,
              -0.051597125828266144
            ],
            [
              0.7099609375,
              -0.68408203125,
              -0.165771484375,
              0.08029163628816605
            ],
            [
              0.64501953125,
              0.53759765625,
              0.54345703125,
              0.07037089020013809
            ]
          ]
        ],
        "t0_rotation_rmse": 13.548317201996237,
        "t0_translation_rmse_100": 0.6974660158157349
      }
    ]
  }
}