{
  "4b05": {
    "best": {
      "psnr": 16.39261817932129,
      "distortion": 0.0016849217936396599,
      "rotation_rmse": 1.1709342018086053,
      "translation_rmse_100": 2.4488961696624756,
      "t_final": [
        [
          [
            -0.278076171875,
            -0.490966796875,
            0.82568359375,
            -0.051261432468891144
          ],
          [
            0.71044921875,
            -0.68310546875,
            -0.1669921875,
            0.07620228081941605
          ],
          [
            0.64599609375,
            0.54052734375,
            0.5390625,
            0.07604715973138809
          ]
        ]
      ],
      "t0_rotation_rmse": 13.548317201996237,
      "t0_translation_rmse_100": 0.6974660158157349
    },
    "stats_list": [
      {
        "psnr": 16.39261817932129,
        "distortion": 0.0016849217936396599,
        "rotation_rmse": 1.1709342018086053,
        "translation_rmse_100": 2.4488961696624756,
        "t_final": [
          [
            [
              -0.278076171875,
              -0.490966796875,
              0.82568359375,
              -0.051261432468891144
            ],
            [
              0.71044921875,
              -0.68310546875,
              -0.1669921875,
              0.07620228081941605
            ],
            [
              0.64599609375,
              0.54052734375,
              0.5390625,
              0.07604715973138809
            ]
          ]
        ],
        "t0_rotation_rmse": 13.548317201996237,
        "t0_translation_rmse_100": 0.6974660158157349
      }
    ]
  }
}