{
  "Simply_Guitar14f8": {
    "best": {
      "psnr": 15.918046951293945,
      "distortion": 0.0010903726797550917,
      "rotation_rmse": 1.5618311575284352,
      "translation_rmse_100": 0.1648053526878357,
      "t_final": [
        [
          [
            0.67626953125,
            0.2158203125,
            -0.7041015625,
            -0.12748530507087708
          ],
          [
            -0.46484375,
            0.86669921875,
            -0.18115234375,
            -0.02513500303030014
          ],
          [
            0.57080078125,
            0.44970703125,
            0.68701171875,
            -0.03138883411884308
          ]
        ]
      ],
      "t0_rotation_rmse": 3.756427798244321,
      "t0_translation_rmse_100": 2.1194570064544678
    },
    "stats_list": [
      {
        "psnr": 15.918046951293945,
        "distortion": 0.0010903726797550917,
        "rotation_rmse": 1.5618311575284352,
        "translation_rmse_100": 0.1648053526878357,
        "t_final": [
          [
            [
              0.67626953125,
              0.2158203125,
              -0.7041015625,
              -0.12748530507087708
            ],
            [
              -0.46484375,
              0.86669921875,
              -0.18115234375,
              -0.02513500303030014
            ],
            [
              0.57080078125,
              0.44970703125,
              0.68701171875,
              -0.03138883411884308
            ]
          ]
        ],
        "t0_rotation_rmse": 3.756427798244321,
        "t0_translation_rmse_100": 2.1194570064544678
      }
    ]
  }
}