{
  "26851W_Odeon_Lightab66": {
    "best": {
      "psnr": 13.716292381286621,
      "distortion": 0.004599933512508869,
      "rotation_rmse": 127.86032062058311,
      "translation_rmse_100": 18.35690689086914,
      "t_final": [
        [
          [
            0.85009765625,
            0.3837890625,
            -0.362060546875,
            -0.11768043041229248
          ],
          [
            -0.471435546875,
            0.24365234375,
            -0.84765625,
            -0.11980181932449341
          ],
          [
            -0.2373046875,
            0.890625,
            0.387939453125,
            -0.5221580862998962
          ]
        ]
      ]
    },
    "stats_list": [
      {
        "psnr": 13.716292381286621,
        "distortion": 0.004599933512508869,
        "rotation_rmse": 127.86032062058311,
        "translation_rmse_100": 18.35690689086914,
        "t_final": [
          [
            [
              0.85009765625,
              0.3837890625,
              -0.362060546875,
              -0.11768043041229248
            ],
            [
              -0.471435546875,
              0.24365234375,
              -0.84765625,
              -0.11980181932449341
            ],
            [
              -0.2373046875,
              0.890625,
              0.387939453125,
              -0.5221580862998962
            ]
          ]
        ]
      }
    ]
  }
}