{
  "1983_Chevrolet_C101431": {
    "best": {
      "psnr": 5.953344821929932,
      "distortion": 0.014491142705082893,
      "rotation_rmse": 163.9280011991434,
      "translation_rmse_100": 4.868116855621338,
      "t_final": [
        [
          [
            0.5908203125,
            -0.546875,
            0.5927734375,
            -0.17846539616584778
          ],
          [
            0.75732421875,
            0.12359619140625,
            -0.64111328125,
            -0.09672039747238159
          ],
          [
            0.27734375,
            0.828125,
            0.4873046875,
            0.5728203654289246
          ]
        ]
      ]
    },
    "stats_list": [
      {
        "psnr": 5.953344821929932,
        "distortion": 0.014491142705082893,
        "rotation_rmse": 163.9280011991434,
        "translation_rmse_100": 4.868116855621338,
        "t_final": [
          [
            [
              0.5908203125,
              -0.546875,
              0.5927734375,
              -0.17846539616584778
            ],
            [
              0.75732421875,
              0.12359619140625,
              -0.64111328125,
              -0.09672039747238159
            ],
            [
              0.27734375,
              0.828125,
              0.4873046875,
              0.5728203654289246
            ]
          ]
        ]
      }
    ]
  }
}