{
  "mushroom": {
    "best": {
      "psnr": 14.539505004882812,
      "distortion": 0.018289102241396904,
      "rotation_rmse": 10.42220401763916,
      "translation_rmse_100": 30.388147354125977,
      "t_final": [
        [
          [
            0.95166015625,
            0.2271728515625,
            0.205810546875,
            -0.2649983763694763
          ],
          [
            -0.2298583984375,
            0.97314453125,
            -0.0113983154296875,
            -0.23289810121059418
          ],
          [
            -0.202880859375,
            -0.03643798828125,
            0.978515625,
            -0.3905971944332123
          ]
        ]
      ]
    },
    "stats_list": [
      {
        "psnr": 14.539505004882812,
        "distortion": 0.018289102241396904,
        "rotation_rmse": 10.42220401763916,
        "translation_rmse_100": 30.388147354125977,
        "t_final": [
          [
            [
              0.95166015625,
              0.2271728515625,
              0.205810546875,
              -0.2649983763694763
            ],
            [
              -0.2298583984375,
              0.97314453125,
              -0.0113983154296875,
              -0.23289810121059418
            ],
            [
              -0.202880859375,
              -0.03643798828125,
              0.978515625,
              -0.3905971944332123
            ]
          ]
        ]
      }
    ]
  }
}