{
  "1983_Chevrolet_C101431": {
    "best": {
      "psnr": 19.725534439086914,
      "distortion": 0.00915101170539856,
      "rotation_rmse": 0.02562345176980362,
      "translation_rmse_100": 2.8933777809143066,
      "t_final": [
        [
          [
            0.1632080078125,
            -0.06292724609375,
            0.98486328125,
            -0.19821278750896454
          ],
          [
            -0.96044921875,
            -0.2388916015625,
            0.143310546875,
            0.30576568841934204
          ],
          [
            0.226806640625,
            -0.96923828125,
            -0.09893798828125,
            -0.2316829413175583
          ]
        ]
      ]
    },
    "stats_list": [
      {
        "psnr": 19.725534439086914,
        "distortion": 0.00915101170539856,
        "rotation_rmse": 0.02562345176980362,
        "translation_rmse_100": 2.8933777809143066,
        "t_final": [
          [
            [
              0.1632080078125,
              -0.06292724609375,
              0.98486328125,
              -0.19821278750896454
            ],
            [
              -0.96044921875,
              -0.2388916015625,
              0.143310546875,
              0.30576568841934204
            ],
            [
              0.226806640625,
              -0.96923828125,
              -0.09893798828125,
              -0.2316829413175583
            ]
          ]
        ]
      }
    ]
  }
}