{
  "4b05": {
    "best": {
      "psnr": 17.172578811645508,
      "distortion": 0.0018826990853995085,
      "rotation_rmse": 1.1061404042582987,
      "translation_rmse_100": 2.2032296657562256,
      "t_final": [
        [
          [
            -0.2783203125,
            -0.490478515625,
            0.82568359375,
            -0.048804767429828644
          ],
          [
            0.7080078125,
            -0.685546875,
            -0.16845703125,
            0.0813521221280098
          ],
          [
            0.6484375,
            0.5380859375,
            0.53857421875,
            0.07757303863763809
          ]
        ]
      ],
      "t0_rotation_rmse": 13.548317201996237,
      "t0_translation_rmse_100": 0.6974660158157349
    },
    "stats_list": [
      {
        "psnr": 17.172578811645508,
        "distortion": 0.0018826990853995085,
        "rotation_rmse": 1.1061404042582987,
        "translation_rmse_100": 2.2032296657562256,
        "t_final": [
          [
            [
              -0.2783203125,
              -0.490478515625,
              0.82568359375,
              -0.048804767429828644
            ],
            [
              0.7080078125,
              -0.685546875,
              -0.16845703125,
              0.0813521221280098
            ],
            [
              0.6484375,
              0.5380859375,
              0.53857421875,
              0.07757303863763809
            ]
          ]
        ],
        "t0_rotation_rmse": 13.548317201996237,
        "t0_translation_rmse_100": 0.6974660158157349
      }
    ]
  }
}