{
  "26851W_Odeon_Lightab66": {
    "best": {
      "psnr": 14.665425300598145,
      "distortion": 0.0073950039222836494,
      "rotation_rmse": 141.635114144317,
      "translation_rmse_100": 24.27978515625,
      "t_final": [
        [
          [
            0.96533203125,
            0.034515380859375,
            -0.257568359375,
            0.3086864948272705
          ],
          [
            -0.2491455078125,
            0.40478515625,
            -0.8798828125,
            -0.1313057243824005
          ],
          [
            0.07379150390625,
            0.91357421875,
            0.3994140625,
            -0.26498740911483765
          ]
        ]
      ]
    },
    "stats_list": [
      {
        "psnr": 14.665425300598145,
        "distortion": 0.0073950039222836494,
        "rotation_rmse": 141.635114144317,
        "translation_rmse_100": 24.27978515625,
        "t_final": [
          [
            [
              0.96533203125,
              0.034515380859375,
              -0.257568359375,
              0.3086864948272705
            ],
            [
              -0.2491455078125,
              0.40478515625,
              -0.8798828125,
              -0.1313057243824005
            ],
            [
              0.07379150390625,
              0.91357421875,
              0.3994140625,
              -0.26498740911483765
            ]
          ]
        ]
      }
    ]
  }
}