{
  "Tolix_Industrial_Chairs3f2d": {
    "best": {
      "psnr": 8.00626277923584,
      "distortion": 0.0016058242181316018,
      "rotation_rmse": 13.736794768354214,
      "translation_rmse_100": 5.859009742736816,
      "t_final": [
        [
          [
            -0.350341796875,
            0.0124664306640625,
            0.9365234375,
            0.15802809596061707
          ],
          [
            0.65771484375,
            -0.70849609375,
            0.25537109375,
            -0.02294328063726425
          ],
          [
            0.66650390625,
            0.70556640625,
            0.239990234375,
            -0.02455633319914341
          ]
        ]
      ],
      "t0_rotation_rmse": 13.808457750204186,
      "t0_translation_rmse_100": 6.383912086486816
    },
    "stats_list": [
      {
        "psnr": 8.00626277923584,
        "distortion": 0.0016058242181316018,
        "rotation_rmse": 13.736794768354214,
        "translation_rmse_100": 5.859009742736816,
        "t_final": [
          [
            [
              -0.350341796875,
              0.0124664306640625,
              0.9365234375,
              0.15802809596061707
            ],
            [
              0.65771484375,
              -0.70849609375,
              0.25537109375,
              -0.02294328063726425
            ],
            [
              0.66650390625,
              0.70556640625,
              0.239990234375,
              -0.02455633319914341
            ]
          ]
        ],
        "t0_rotation_rmse": 13.808457750204186,
        "t0_translation_rmse_100": 6.383912086486816
      }
    ]
  }
}