{
  "horns_0_100_even_odd": {
    "psnr": 25.19502067565918,
    "distortion": 0.02976672351360321,
    "rotation_rmse": 0.024068403989076614,
    "translation_rmse": 0.000306908565107733,
    "t_final": [
      [
        [
          0.8564453125,
          0.135986328125,
          0.498291015625,
          -0.04337848350405693
        ],
        [
          0.034271240234375,
          0.947265625,
          -0.317626953125,
          0.12902989983558655
        ],
        [
          -0.515625,
          0.2890625,
          0.806640625,
          -0.2373986691236496
        ]
      ]
    ]
  }
}