{
  "table_30_70_even_odd": {
    "best": {
      "psnr": 12.410395622253418,
      "distortion": 0.044747378677129745,
      "rotation_rmse": 4.158726215362549,
      "translation_rmse_100": 3.401405096054077,
      "t_final": [
        [
          [
            0.9775390625,
            0.11834716796875,
            0.1734619140625,
            -0.1611567586660385
          ],
          [
            0.0094451904296875,
            0.80029296875,
            -0.59912109375,
            0.34192100167274475
          ],
          [
            -0.2099609375,
            0.58740234375,
            0.78173828125,
            -0.3883064389228821
          ]
        ]
      ],
      "t0_rotation_rmse": 13.1048002243042,
      "t0_translation_rmse_100": 15.216983795166016
    },
    "stats_list": [
      {
        "psnr": 12.410395622253418,
        "distortion": 0.044747378677129745,
        "rotation_rmse": 4.158726215362549,
        "translation_rmse_100": 3.401405096054077,
        "t_final": [
          [
            [
              0.9775390625,
              0.11834716796875,
              0.1734619140625,
              -0.1611567586660385
            ],
            [
              0.0094451904296875,
              0.80029296875,
              -0.59912109375,
              0.34192100167274475
            ],
            [
              -0.2099609375,
              0.58740234375,
              0.78173828125,
              -0.3883064389228821
            ]
          ]
        ],
        "t0_rotation_rmse": 13.1048002243042,
        "t0_translation_rmse_100": 15.216983795166016
      }
    ]
  }
}