{
  "Fire_Hydrant_Low_Poly_06d5": {
    "best": {
      "psnr": 15.40869426727295,
      "distortion": 0.0010930374264717102,
      "rotation_rmse": 162.70433492619466,
      "translation_rmse_100": 42.08464050292969,
      "t_final": [
        [
          [
            -0.966796875,
            -0.10589599609375,
            -0.23193359375,
            -0.21687571704387665
          ],
          [
            -0.1663818359375,
            0.95166015625,
            0.25927734375,
            0.5559729337692261
          ],
          [
            0.1932373046875,
            0.289306640625,
            -0.93798828125,
            0.03688427805900574
          ]
        ]
      ],
      "t0_rotation_rmse": 162.63908496673423,
      "t0_translation_rmse_100": 43.91111755371094
    },
    "stats_list": [
      {
        "psnr": 15.40869426727295,
        "distortion": 0.0010930374264717102,
        "rotation_rmse": 162.70433492619466,
        "translation_rmse_100": 42.08464050292969,
        "t_final": [
          [
            [
              -0.966796875,
              -0.10589599609375,
              -0.23193359375,
              -0.21687571704387665
            ],
            [
              -0.1663818359375,
              0.95166015625,
              0.25927734375,
              0.5559729337692261
            ],
            [
              0.1932373046875,
              0.289306640625,
              -0.93798828125,
              0.03688427805900574
            ]
          ]
        ],
        "t0_rotation_rmse": 162.63908496673423,
        "t0_translation_rmse_100": 43.91111755371094
      }
    ]
  }
}