{
  "Arnt_Shoes_-_Koston_11627": {
    "best": {
      "psnr": 8.381196975708008,
      "distortion": 0.0010917470790445805,
      "rotation_rmse": 176.0898260117481,
      "translation_rmse_100": 59.976314544677734,
      "t_final": [
        [
          [
            -0.63232421875,
            -0.59814453125,
            -0.4921875,
            -0.3565013110637665
          ],
          [
            -0.426513671875,
            0.79931640625,
            -0.423095703125,
            0.08439686894416809
          ],
          [
            0.646484375,
            -0.057525634765625,
            -0.7607421875,
            -0.44769662618637085
          ]
        ]
      ],
      "t0_rotation_rmse": 176.1916120249164,
      "t0_translation_rmse_100": 59.976314544677734
    },
    "stats_list": [
      {
        "psnr": 8.381196975708008,
        "distortion": 0.0010917470790445805,
        "rotation_rmse": 176.0898260117481,
        "translation_rmse_100": 59.976314544677734,
        "t_final": [
          [
            [
              -0.63232421875,
              -0.59814453125,
              -0.4921875,
              -0.3565013110637665
            ],
            [
              -0.426513671875,
              0.79931640625,
              -0.423095703125,
              0.08439686894416809
            ],
            [
              0.646484375,
              -0.057525634765625,
              -0.7607421875,
              -0.44769662618637085
            ]
          ]
        ],
        "t0_rotation_rmse": 176.1916120249164,
        "t0_translation_rmse_100": 59.976314544677734
      }
    ]
  }
}