{
  "26851W_Odeon_Lightab66": {
    "best": {
      "psnr": 14.56323528289795,
      "distortion": 0.007041202858090401,
      "rotation_rmse": 137.32047713296146,
      "translation_rmse_100": 14.292200088500977,
      "t_final": [
        [
          [
            0.9462890625,
            0.11212158203125,
            -0.30224609375,
            0.20881064236164093
          ],
          [
            -0.322021484375,
            0.373779296875,
            -0.86962890625,
            -0.12965334951877594
          ],
          [
            0.01555633544921875,
            0.9208984375,
            0.389892578125,
            -0.2980763912200928
          ]
        ]
      ]
    },
    "stats_list": [
      {
        "psnr": 14.56323528289795,
        "distortion": 0.007041202858090401,
        "rotation_rmse": 137.32047713296146,
        "translation_rmse_100": 14.292200088500977,
        "t_final": [
          [
            [
              0.9462890625,
              0.11212158203125,
              -0.30224609375,
              0.20881064236164093
            ],
            [
              -0.322021484375,
              0.373779296875,
              -0.86962890625,
              -0.12965334951877594
            ],
            [
              0.01555633544921875,
              0.9208984375,
              0.389892578125,
              -0.2980763912200928
            ]
          ]
        ]
      }
    ]
  }
}