{
  "lion_30_70_even_odd": {
    "best": {
      "psnr": 14.98534107208252,
      "distortion": 0.030924394726753235,
      "rotation_rmse": 121.19475555419922,
      "translation_rmse_100": 45.04226303100586,
      "t_final": [
        [
          [
            0.07391357421875,
            -0.96484375,
            0.252685546875,
            -0.11264338344335556
          ],
          [
            -0.99609375,
            -0.084228515625,
            -0.0304107666015625,
            -0.42973658442497253
          ],
          [
            0.05059814453125,
            -0.249267578125,
            -0.96728515625,
            0.12404279410839081
          ]
        ]
      ],
      "t0_rotation_rmse": 121.19429016113281,
      "t0_translation_rmse_100": 45.04226303100586
    },
    "stats_list": [
      {
        "psnr": 14.98534107208252,
        "distortion": 0.030924394726753235,
        "rotation_rmse": 121.19475555419922,
        "translation_rmse_100": 45.04226303100586,
        "t_final": [
          [
            [
              0.07391357421875,
              -0.96484375,
              0.252685546875,
              -0.11264338344335556
            ],
            [
              -0.99609375,
              -0.084228515625,
              -0.0304107666015625,
              -0.42973658442497253
            ],
            [
              0.05059814453125,
              -0.249267578125,
              -0.96728515625,
              0.12404279410839081
            ]
          ]
        ],
        "t0_rotation_rmse": 121.19429016113281,
        "t0_translation_rmse_100": 45.04226303100586
      }
    ]
  },
  "table_30_70_even_odd": {
    "best": {
      "psnr": 11.60303020477295,
      "distortion": 0.0829242616891861,
      "rotation_rmse": 132.36343383789062,
      "translation_rmse_100": 21.027597427368164,
      "t_final": [
        [
          [
            -0.64794921875,
            0.76025390625,
            0.05401611328125,
            0.08657931536436081
          ],
          [
            0.6875,
            0.61328125,
            -0.38916015625,
            0.20235812664031982
          ],
          [
            -0.328857421875,
            -0.21484375,
            -0.919921875,
            0.14392663538455963
          ]
        ]
      ],
      "t0_rotation_rmse": 132.43357849121094,
      "t0_translation_rmse_100": 19.040607452392578
    },
    "stats_list": [
      {
        "psnr": 11.60303020477295,
        "distortion": 0.0829242616891861,
        "rotation_rmse": 132.36343383789062,
        "translation_rmse_100": 21.027597427368164,
        "t_final": [
          [
            [
              -0.64794921875,
              0.76025390625,
              0.05401611328125,
              0.08657931536436081
            ],
            [
              0.6875,
              0.61328125,
              -0.38916015625,
              0.20235812664031982
            ],
            [
              -0.328857421875,
              -0.21484375,
              -0.919921875,
              0.14392663538455963
            ]
          ]
        ],
        "t0_rotation_rmse": 132.43357849121094,
        "t0_translation_rmse_100": 19.040607452392578
      }
    ]
  }
}