{
  "Arnt_Shoes_-_Koston_11627": {
    "best": {
      "psnr": 19.146774291992188,
      "distortion": 0.0007459861226379871,
      "rotation_rmse": 0.02562345176980362,
      "translation_rmse_100": 0.0926584005355835,
      "t_final": [
        [
          [
            0.395751953125,
            0.364013671875,
            0.84326171875,
            0.2423352599143982
          ],
          [
            0.82177734375,
            -0.55126953125,
            -0.1473388671875,
            -0.2543754577636719
          ],
          [
            0.4111328125,
            0.75048828125,
            -0.51708984375,
            -0.15742135047912598
          ]
        ]
      ],
      "t0_rotation_rmse": 4.675975980671279,
      "t0_translation_rmse_100": 3.675422191619873
    },
    "stats_list": [
      {
        "psnr": 19.146774291992188,
        "distortion": 0.0007459861226379871,
        "rotation_rmse": 0.02562345176980362,
        "translation_rmse_100": 0.0926584005355835,
        "t_final": [
          [
            [
              0.395751953125,
              0.364013671875,
              0.84326171875,
              0.2423352599143982
            ],
            [
              0.82177734375,
              -0.55126953125,
              -0.1473388671875,
              -0.2543754577636719
            ],
            [
              0.4111328125,
              0.75048828125,
              -0.51708984375,
              -0.15742135047912598
            ]
          ]
        ],
        "t0_rotation_rmse": 4.675975980671279,
        "t0_translation_rmse_100": 3.675422191619873
      }
    ]
  }
}