{
  "4b05": {
    "best": {
      "psnr": 14.389100074768066,
      "distortion": 0.0016215115319937468,
      "rotation_rmse": 2.6096643317441726,
      "translation_rmse_100": 4.814212799072266,
      "t_final": [
        [
          [
            -0.289794921875,
            -0.51171875,
            0.80859375,
            -0.0749145969748497
          ],
          [
            0.712890625,
            -0.67919921875,
            -0.1744384765625,
            0.08453419804573059
          ],
          [
            0.63818359375,
            0.52587890625,
            0.5615234375,
            0.032208606600761414
          ]
        ]
      ],
      "t0_rotation_rmse": 14.941360631865022,
      "t0_translation_rmse_100": 1.2650182247161865
    },
    "stats_list": [
      {
        "psnr": 14.389100074768066,
        "distortion": 0.0016215115319937468,
        "rotation_rmse": 2.6096643317441726,
        "translation_rmse_100": 4.814212799072266,
        "t_final": [
          [
            [
              -0.289794921875,
              -0.51171875,
              0.80859375,
              -0.0749145969748497
            ],
            [
              0.712890625,
              -0.67919921875,
              -0.1744384765625,
              0.08453419804573059
            ],
            [
              0.63818359375,
              0.52587890625,
              0.5615234375,
              0.032208606600761414
            ]
          ]
        ],
        "t0_rotation_rmse": 14.941360631865022,
        "t0_translation_rmse_100": 1.2650182247161865
      }
    ]
  }
}