{
  "fern_0_100_even_odd": {
    "best": {
      "psnr": 10.569504737854004,
      "distortion": 0.07642282545566559,
      "rotation_rmse": 121.13082122802734,
      "translation_rmse_100": 29.5380859375,
      "t_final": [
        [
          [
            -0.90283203125,
            -0.4296875,
            -0.020477294921875,
            0.04842843487858772
          ],
          [
            -0.4296875,
            0.8994140625,
            0.08038330078125,
            0.21399237215518951
          ],
          [
            -0.01611328125,
            0.08135986328125,
            -0.99658203125,
            0.3676692247390747
          ]
        ]
      ],
      "t0_rotation_rmse": 121.14665222167969,
      "t0_translation_rmse_100": 29.68991470336914
    },
    "stats_list": [
      {
        "psnr": 10.569504737854004,
        "distortion": 0.07642282545566559,
        "rotation_rmse": 121.13082122802734,
        "translation_rmse_100": 29.5380859375,
        "t_final": [
          [
            [
              -0.90283203125,
              -0.4296875,
              -0.020477294921875,
              0.04842843487858772
            ],
            [
              -0.4296875,
              0.8994140625,
              0.08038330078125,
              0.21399237215518951
            ],
            [
              -0.01611328125,
              0.08135986328125,
              -0.99658203125,
              0.3676692247390747
            ]
          ]
        ],
        "t0_rotation_rmse": 121.14665222167969,
        "t0_translation_rmse_100": 29.68991470336914
      }
    ]
  }
}