{
  "4b05": {
    "best": {
      "psnr": 14.2558012008667,
      "distortion": 0.0016331906663253903,
      "rotation_rmse": 1.884138013979032,
      "translation_rmse_100": 4.891550540924072,
      "t_final": [
        [
          [
            -0.287841796875,
            -0.505859375,
            0.81298828125,
            -0.07568797469139099
          ],
          [
            0.71875,
            -0.67529296875,
            -0.1654052734375,
            0.08121446520090103
          ],
          [
            0.6328125,
            0.537109375,
            0.55810546875,
            0.02337004989385605
          ]
        ]
      ],
      "t0_rotation_rmse": 11.594326541192627,
      "t0_translation_rmse_100": 2.987253189086914
    },
    "stats_list": [
      {
        "psnr": 14.2558012008667,
        "distortion": 0.0016331906663253903,
        "rotation_rmse": 1.884138013979032,
        "translation_rmse_100": 4.891550540924072,
        "t_final": [
          [
            [
              -0.287841796875,
              -0.505859375,
              0.81298828125,
              -0.07568797469139099
            ],
            [
              0.71875,
              -0.67529296875,
              -0.1654052734375,
              0.08121446520090103
            ],
            [
              0.6328125,
              0.537109375,
              0.55810546875,
              0.02337004989385605
            ]
          ]
        ],
        "t0_rotation_rmse": 11.594326541192627,
        "t0_translation_rmse_100": 2.987253189086914
      }
    ]
  }
}