{
  "26851W_Odeon_Lightab66": {
    "best": {
      "psnr": 17.11009979248047,
      "distortion": 0.002124209888279438,
      "rotation_rmse": 14.977469139883675,
      "translation_rmse_100": 2.6891462802886963,
      "t_final": [
        [
          [
            -0.74169921875,
            -0.1500244140625,
            -0.65380859375,
            0.03899718075990677
          ],
          [
            -0.62158203125,
            -0.2135009765625,
            0.75341796875,
            0.2428286373615265
          ],
          [
            -0.252685546875,
            0.96533203125,
            0.06475830078125,
            -0.4763207733631134
          ]
        ]
      ]
    },
    "stats_list": [
      {
        "psnr": 17.11009979248047,
        "distortion": 0.002124209888279438,
        "rotation_rmse": 14.977469139883675,
        "translation_rmse_100": 2.6891462802886963,
        "t_final": [
          [
            [
              -0.74169921875,
              -0.1500244140625,
              -0.65380859375,
              0.03899718075990677
            ],
            [
              -0.62158203125,
              -0.2135009765625,
              0.75341796875,
              0.2428286373615265
            ],
            [
              -0.252685546875,
              0.96533203125,
              0.06475830078125,
              -0.4763207733631134
            ]
          ]
        ]
      }
    ]
  }
}