{
  "26851W_Odeon_Lightab66": {
    "best": {
      "psnr": 18.37468910217285,
      "distortion": 0.001033408218063414,
      "rotation_rmse": 138.40558985261868,
      "translation_rmse_100": 22.86115264892578,
      "t_final": [
        [
          [
            0.96826171875,
            0.0858154296875,
            -0.2353515625,
            0.2945001721382141
          ],
          [
            -0.2423095703125,
            0.08087158203125,
            -0.966796875,
            0.140436053276062
          ],
          [
            -0.06390380859375,
            0.9931640625,
            0.09912109375,
            -0.35362708568573
          ]
        ]
      ]
    },
    "stats_list": [
      {
        "psnr": 18.37468910217285,
        "distortion": 0.001033408218063414,
        "rotation_rmse": 138.40558985261868,
        "translation_rmse_100": 22.86115264892578,
        "t_final": [
          [
            [
              0.96826171875,
              0.0858154296875,
              -0.2353515625,
              0.2945001721382141
            ],
            [
              -0.2423095703125,
              0.08087158203125,
              -0.966796875,
              0.140436053276062
            ],
            [
              -0.06390380859375,
              0.9931640625,
              0.09912109375,
              -0.35362708568573
            ]
          ]
        ]
      },
      {
        "psnr": 15.211050987243652,
        "distortion": 0.0011070524342358112,
        "rotation_rmse": 140.13311421243645,
        "translation_rmse_100": 50.9441032409668,
        "t_final": [
          [
            [
              0.5693359375,
              -0.38330078125,
              0.7275390625,
              0.5753296613693237
            ],
            [
              0.2430419921875,
              0.923828125,
              0.296142578125,
              -0.717532217502594
            ],
            [
              -0.78515625,
              0.00812530517578125,
              0.619140625,
              0.5131194591522217
            ]
          ]
        ]
      },
      {
        "psnr": 15.211050987243652,
        "distortion": 0.0011070524342358112,
        "rotation_rmse": 140.13311421243645,
        "translation_rmse_100": 50.9441032409668,
        "t_final": [
          [
            [
              0.5693359375,
              -0.38330078125,
              0.7275390625,
              0.5753296613693237
            ],
            [
              0.2430419921875,
              0.923828125,
              0.296142578125,
              -0.717532217502594
            ],
            [
              -0.78515625,
              0.00812530517578125,
              0.619140625,
              0.5131194591522217
            ]
          ]
        ]
      }
    ]
  }
}