{
  "4b05": {
    "best": {
      "psnr": 16.396583557128906,
      "distortion": 0.0017431746236979961,
      "rotation_rmse": 0.8310489316615647,
      "translation_rmse_100": 2.0129611492156982,
      "t_final": [
        [
          [
            -0.28076171875,
            -0.49560546875,
            0.82177734375,
            -0.04690208286046982
          ],
          [
            0.7119140625,
            -0.68212890625,
            -0.1678466796875,
            0.07506100833415985
          ],
          [
            0.6435546875,
            0.5380859375,
            0.54443359375,
            0.0783543661236763
          ]
        ]
      ],
      "t0_rotation_rmse": 12.307513707907782,
      "t0_translation_rmse_100": 5.168478965759277
    },
    "stats_list": [
      {
        "psnr": 16.396583557128906,
        "distortion": 0.0017431746236979961,
        "rotation_rmse": 0.8310489316615647,
        "translation_rmse_100": 2.0129611492156982,
        "t_final": [
          [
            [
              -0.28076171875,
              -0.49560546875,
              0.82177734375,
              -0.04690208286046982
            ],
            [
              0.7119140625,
              -0.68212890625,
              -0.1678466796875,
              0.07506100833415985
            ],
            [
              0.6435546875,
              0.5380859375,
              0.54443359375,
              0.0783543661236763
            ]
          ]
        ],
        "t0_rotation_rmse": 12.307513707907782,
        "t0_translation_rmse_100": 5.168478965759277
      }
    ]
  }
}