{
  "26851W_Odeon_Lightab66": {
    "best": {
      "psnr": 16.86570167541504,
      "distortion": 0.006276126019656658,
      "rotation_rmse": 19.128962086719646,
      "translation_rmse_100": 10.339905738830566,
      "t_final": [
        [
          [
            -0.7255859375,
            -0.0433349609375,
            -0.6865234375,
            -0.037510406225919724
          ],
          [
            -0.66748046875,
            -0.197265625,
            0.7177734375,
            0.11146624386310577
          ],
          [
            -0.1661376953125,
            0.97900390625,
            0.11419677734375,
            -0.29606807231903076
          ]
        ]
      ]
    },
    "stats_list": [
      {
        "psnr": 16.86570167541504,
        "distortion": 0.006276126019656658,
        "rotation_rmse": 19.128962086719646,
        "translation_rmse_100": 10.339905738830566,
        "t_final": [
          [
            [
              -0.7255859375,
              -0.0433349609375,
              -0.6865234375,
              -0.037510406225919724
            ],
            [
              -0.66748046875,
              -0.197265625,
              0.7177734375,
              0.11146624386310577
            ],
            [
              -0.1661376953125,
              0.97900390625,
              0.11419677734375,
              -0.29606807231903076
            ]
          ]
        ]
      }
    ]
  }
}