{
  "4b05": {
    "best": {
      "psnr": 10.546843528747559,
      "distortion": 0.002059303456917405,
      "rotation_rmse": 64.70321928761115,
      "translation_rmse_100": 14.216550827026367,
      "t_final": [
        [
          [
            -0.810546875,
            -0.473876953125,
            0.343994140625,
            0.11539304256439209
          ],
          [
            0.54150390625,
            -0.3837890625,
            0.748046875,
            -0.21708054840564728
          ],
          [
            -0.222900390625,
            0.79296875,
            0.56787109375,
            -0.37219753861427307
          ]
        ]
      ],
      "t0_rotation_rmse": 30.381499520943876,
      "t0_translation_rmse_100": 9.526124954223633
    },
    "stats_list": [
      {
        "psnr": 10.546843528747559,
        "distortion": 0.002059303456917405,
        "rotation_rmse": 64.70321928761115,
        "translation_rmse_100": 14.216550827026367,
        "t_final": [
          [
            [
              -0.810546875,
              -0.473876953125,
              0.343994140625,
              0.11539304256439209
            ],
            [
              0.54150390625,
              -0.3837890625,
              0.748046875,
              -0.21708054840564728
            ],
            [
              -0.222900390625,
              0.79296875,
              0.56787109375,
              -0.37219753861427307
            ]
          ]
        ],
        "t0_rotation_rmse": 30.381499520943876,
        "t0_translation_rmse_100": 9.526124954223633
      }
    ]
  }
}