{
  "office": {
    "best": {
      "psnr": 15.505440711975098,
      "distortion": 0.005517915356904268,
      "rotation_rmse": 6.3651251792907715,
      "translation_rmse_100": 11.431896209716797,
      "t_final": [
        [
          [
            0.93310546875,
            0.10919189453125,
            0.0237884521484375,
            0.14402130246162415
          ],
          [
            -0.11151123046875,
            0.921875,
            0.143310546875,
            0.13071581721305847
          ],
          [
            -0.00672149658203125,
            -0.14501953125,
            0.9287109375,
            -0.037117619067430496
          ]
        ]
      ]
    },
    "stats_list": [
      {
        "psnr": 13.3624849319458,
        "distortion": 0.00854889303445816,
        "rotation_rmse": 32.61667251586914,
        "translation_rmse_100": 4.269872665405273,
        "t_final": [
          [
            [
              0.5537109375,
              0.7998046875,
              -0.1400146484375,
              0.05155864730477333
            ],
            [
              -0.8115234375,
              0.54052734375,
              -0.1246337890625,
              0.049334947019815445
            ],
            [
              -0.024383544921875,
              0.1859130859375,
              0.96484375,
              -0.019424527883529663
            ]
          ]
        ]
      },
      {
        "psnr": 14.115041732788086,
        "distortion": 0.01306619681417942,
        "rotation_rmse": 11.017184257507324,
        "translation_rmse_100": 22.717836380004883,
        "t_final": [
          [
            [
              0.8203125,
              0.139892578125,
              0.1800537109375,
              0.25717446208000183
            ],
            [
              -0.09490966796875,
              0.82080078125,
              -0.2052001953125,
              0.19113779067993164
            ],
            [
              -0.207275390625,
              0.1776123046875,
              0.806640625,
              -0.22838056087493896
            ]
          ]
        ]
      },
      {
        "psnr": 15.505440711975098,
        "distortion": 0.005517915356904268,
        "rotation_rmse": 6.3651251792907715,
        "translation_rmse_100": 11.431896209716797,
        "t_final": [
          [
            [
              0.93310546875,
              0.10919189453125,
              0.0237884521484375,
              0.14402130246162415
            ],
            [
              -0.11151123046875,
              0.921875,
              0.143310546875,
              0.13071581721305847
            ],
            [
              -0.00672149658203125,
              -0.14501953125,
              0.9287109375,
              -0.037117619067430496
            ]
          ]
        ]
      },
      {
        "psnr": 12.256938934326172,
        "distortion": 0.0036062849685549736,
        "rotation_rmse": 1.198767066001892,
        "translation_rmse_100": 3.6956026554107666,
        "t_final": [
          [
            [
              0.95654296875,
              0.0272369384765625,
              -0.0191650390625,
              -0.04229360446333885
            ],
            [
              -0.0274505615234375,
              0.95654296875,
              -0.01041412353515625,
              0.039817966520786285
            ],
            [
              0.01885986328125,
              0.01096343994140625,
              0.95654296875,
              0.026889115571975708
            ]
          ]
        ]
      },
      {
        "psnr": 14.081941604614258,
        "distortion": 0.016122477129101753,
        "rotation_rmse": 34.35005569458008,
        "translation_rmse_100": 12.063559532165527,
        "t_final": [
          [
            [
              0.25732421875,
              0.3720703125,
              -0.315673828125,
              0.057657402008771896
            ],
            [
              -0.487060546875,
              0.2161865234375,
              -0.142333984375,
              -0.13392207026481628
            ],
            [
              0.0276336669921875,
              0.34521484375,
              0.429443359375,
              0.14966408908367157
            ]
          ]
        ]
      },
      {
        "psnr": 13.001981735229492,
        "distortion": 0.20765772461891174,
        "rotation_rmse": 36.915679931640625,
        "translation_rmse_100": 32.19015121459961,
        "t_final": [
          [
            [
              1.787109375,
              1.451171875,
              1.50390625,
              0.3826911449432373
            ],
            [
              -1.28125,
              2.32421875,
              -0.72119140625,
              0.38058680295944214
            ],
            [
              -1.6513671875,
              -0.2314453125,
              2.185546875,
              0.13986757397651672
            ]
          ]
        ]
      },
      {
        "psnr": 12.529145240783691,
        "distortion": 0.003028377890586853,
        "rotation_rmse": 1.2821108102798462,
        "translation_rmse_100": 2.108640670776367,
        "t_final": [
          [
            [
              0.9775390625,
              0.0268707275390625,
              0.0261993408203125,
              -0.023087264969944954
            ],
            [
              -0.02703857421875,
              0.97802734375,
              0.00594329833984375,
              0.00794512964785099
            ],
            [
              -0.026031494140625,
              -0.00666046142578125,
              0.97802734375,
              -0.027161788195371628
            ]
          ]
        ]
      },
      {
        "psnr": 11.745985984802246,
        "distortion": 0.014774666167795658,
        "rotation_rmse": 17.6193790435791,
        "translation_rmse_100": 12.940351486206055,
        "t_final": [
          [
            [
              0.39697265625,
              -0.16064453125,
              0.26171875,
              -0.02579391375184059
            ],
            [
              0.16162109375,
              0.47314453125,
              0.04534912109375,
              -0.05641239508986473
            ],
            [
              -0.26123046875,
              0.04840087890625,
              0.426025390625,
              0.2153790295124054
            ]
          ]
        ]
      },
      {
        "psnr": 12.907950401306152,
        "distortion": 0.23513300716876984,
        "rotation_rmse": 27.966402053833008,
        "translation_rmse_100": 77.67984008789062,
        "t_final": [
          [
            [
              1.271484375,
              0.79345703125,
              0.264892578125,
              1.0447516441345215
            ],
            [
              -0.51416015625,
              1.12109375,
              -0.890625,
              0.27892062067985535
            ],
            [
              -0.65966796875,
              0.654296875,
              1.2041015625,
              0.8005901575088501
            ]
          ]
        ]
      },
      {
        "psnr": 14.836724281311035,
        "distortion": 0.07062780857086182,
        "rotation_rmse": 45.076210021972656,
        "translation_rmse_100": 29.134536743164062,
        "t_final": [
          [
            [
              0.81201171875,
              0.3125,
              0.68798828125,
              0.3101450800895691
            ],
            [
              0.3642578125,
              0.72265625,
              -0.75830078125,
              -0.06945180147886276
            ],
            [
              -0.662109375,
              0.78125,
              0.42626953125,
              -0.3919602632522583
            ]
          ]
        ]
      }
    ]
  }
}