Scene Name,Translation RMSE x 100,Rotation RMSE
lion_30_70_even_odd,55.313838958740234,17.363920211791992
table_30_70_even_odd,8.785099983215332,16.48855209350586
